threshold,TN,FP,FN,TP,precision,recall,f1,candidate_id,xgb_scale_pos_weight,xgb_max_depth,xgb_min_child_weight,xgb_gamma,xgb_subsample,xgb_colsample_bytree,xgb_reg_lambda,candidate_threshold,validation_projects,num_validation_tests,target_project,selected_threshold,selected_source_selection_top_k,selected_xgb_candidate_id,selected_xgb_scale_pos_weight,selected_xgb_max_depth,selected_xgb_min_child_weight,selected_xgb_gamma,selected_xgb_subsample,selected_xgb_colsample_bytree,selected_xgb_reg_lambda
0.3,1540,136,185,164,0.5466666666666666,0.4699140401146132,0.5053929121725732,reported_regularized,3.0,3,10.0,5.0,0.8,0.8,10.0,0.3,"ambari,hbase,hector,http-request,okhttp,undertow",2025,alluxio,0.3,6,deeper_regularized,3.0,4,5.0,1.0,0.8,0.8,5.0
0.35,1573,103,194,155,0.6007751937984496,0.44412607449856734,0.5107084019769357,reported_regularized,3.0,3,10.0,5.0,0.8,0.8,10.0,0.35,"ambari,hbase,hector,http-request,okhttp,undertow",2025,alluxio,0.3,6,deeper_regularized,3.0,4,5.0,1.0,0.8,0.8,5.0
0.4,1594,82,213,136,0.6238532110091743,0.38968481375358166,0.47971781305114647,reported_regularized,3.0,3,10.0,5.0,0.8,0.8,10.0,0.4,"ambari,hbase,hector,http-request,okhttp,undertow",2025,alluxio,0.3,6,deeper_regularized,3.0,4,5.0,1.0,0.8,0.8,5.0
0.45,1610,66,224,125,0.6544502617801047,0.35816618911174786,0.462962962962963,reported_regularized,3.0,3,10.0,5.0,0.8,0.8,10.0,0.45,"ambari,hbase,hector,http-request,okhttp,undertow",2025,alluxio,0.3,6,deeper_regularized,3.0,4,5.0,1.0,0.8,0.8,5.0
0.5,1617,59,228,121,0.6722222222222223,0.3467048710601719,0.45746691871455575,reported_regularized,3.0,3,10.0,5.0,0.8,0.8,10.0,0.5,"ambari,hbase,hector,http-request,okhttp,undertow",2025,alluxio,0.3,6,deeper_regularized,3.0,4,5.0,1.0,0.8,0.8,5.0
0.55,1626,50,249,100,0.6666666666666666,0.28653295128939826,0.4008016032064128,reported_regularized,3.0,3,10.0,5.0,0.8,0.8,10.0,0.55,"ambari,hbase,hector,http-request,okhttp,undertow",2025,alluxio,0.3,6,deeper_regularized,3.0,4,5.0,1.0,0.8,0.8,5.0
0.6,1630,46,255,94,0.6714285714285714,0.2693409742120344,0.3844580777096115,reported_regularized,3.0,3,10.0,5.0,0.8,0.8,10.0,0.6,"ambari,hbase,hector,http-request,okhttp,undertow",2025,alluxio,0.3,6,deeper_regularized,3.0,4,5.0,1.0,0.8,0.8,5.0
0.65,1640,36,261,88,0.7096774193548387,0.2521489971346705,0.372093023255814,reported_regularized,3.0,3,10.0,5.0,0.8,0.8,10.0,0.65,"ambari,hbase,hector,http-request,okhttp,undertow",2025,alluxio,0.3,6,deeper_regularized,3.0,4,5.0,1.0,0.8,0.8,5.0
0.7,1649,27,261,88,0.7652173913043478,0.2521489971346705,0.37931034482758624,reported_regularized,3.0,3,10.0,5.0,0.8,0.8,10.0,0.7,"ambari,hbase,hector,http-request,okhttp,undertow",2025,alluxio,0.3,6,deeper_regularized,3.0,4,5.0,1.0,0.8,0.8,5.0
0.75,1661,15,271,78,0.8387096774193549,0.22349570200573066,0.3529411764705882,reported_regularized,3.0,3,10.0,5.0,0.8,0.8,10.0,0.75,"ambari,hbase,hector,http-request,okhttp,undertow",2025,alluxio,0.3,6,deeper_regularized,3.0,4,5.0,1.0,0.8,0.8,5.0
0.8,1664,12,277,72,0.8571428571428571,0.20630372492836677,0.33256351039260973,reported_regularized,3.0,3,10.0,5.0,0.8,0.8,10.0,0.8,"ambari,hbase,hector,http-request,okhttp,undertow",2025,alluxio,0.3,6,deeper_regularized,3.0,4,5.0,1.0,0.8,0.8,5.0
0.85,1666,10,279,70,0.875,0.20057306590257878,0.3263403263403263,reported_regularized,3.0,3,10.0,5.0,0.8,0.8,10.0,0.85,"ambari,hbase,hector,http-request,okhttp,undertow",2025,alluxio,0.3,6,deeper_regularized,3.0,4,5.0,1.0,0.8,0.8,5.0
0.9,1672,4,283,66,0.9428571428571428,0.18911174785100288,0.315035799522673,reported_regularized,3.0,3,10.0,5.0,0.8,0.8,10.0,0.9,"ambari,hbase,hector,http-request,okhttp,undertow",2025,alluxio,0.3,6,deeper_regularized,3.0,4,5.0,1.0,0.8,0.8,5.0
0.3,1543,133,209,140,0.5128205128205128,0.40114613180515757,0.45016077170418,shallower_conservative,2.0,2,15.0,5.0,0.8,0.8,10.0,0.3,"ambari,hbase,hector,http-request,okhttp,undertow",2025,alluxio,0.3,6,deeper_regularized,3.0,4,5.0,1.0,0.8,0.8,5.0
0.35,1565,111,221,128,0.5355648535564853,0.3667621776504298,0.4353741496598639,shallower_conservative,2.0,2,15.0,5.0,0.8,0.8,10.0,0.35,"ambari,hbase,hector,http-request,okhttp,undertow",2025,alluxio,0.3,6,deeper_regularized,3.0,4,5.0,1.0,0.8,0.8,5.0
0.4,1585,91,228,121,0.5707547169811321,0.3467048710601719,0.4313725490196078,shallower_conservative,2.0,2,15.0,5.0,0.8,0.8,10.0,0.4,"ambari,hbase,hector,http-request,okhttp,undertow",2025,alluxio,0.3,6,deeper_regularized,3.0,4,5.0,1.0,0.8,0.8,5.0
0.45,1606,70,236,113,0.6174863387978142,0.3237822349570201,0.424812030075188,shallower_conservative,2.0,2,15.0,5.0,0.8,0.8,10.0,0.45,"ambari,hbase,hector,http-request,okhttp,undertow",2025,alluxio,0.3,6,deeper_regularized,3.0,4,5.0,1.0,0.8,0.8,5.0
0.5,1615,61,243,106,0.6347305389221557,0.3037249283667622,0.4108527131782946,shallower_conservative,2.0,2,15.0,5.0,0.8,0.8,10.0,0.5,"ambari,hbase,hector,http-request,okhttp,undertow",2025,alluxio,0.3,6,deeper_regularized,3.0,4,5.0,1.0,0.8,0.8,5.0
0.55,1631,45,250,99,0.6875,0.2836676217765043,0.4016227180527383,shallower_conservative,2.0,2,15.0,5.0,0.8,0.8,10.0,0.55,"ambari,hbase,hector,http-request,okhttp,undertow",2025,alluxio,0.3,6,deeper_regularized,3.0,4,5.0,1.0,0.8,0.8,5.0
0.6,1636,40,259,90,0.6923076923076923,0.25787965616045844,0.3757828810020877,shallower_conservative,2.0,2,15.0,5.0,0.8,0.8,10.0,0.6,"ambari,hbase,hector,http-request,okhttp,undertow",2025,alluxio,0.3,6,deeper_regularized,3.0,4,5.0,1.0,0.8,0.8,5.0
0.65,1647,29,267,82,0.7387387387387387,0.2349570200573066,0.3565217391304348,shallower_conservative,2.0,2,15.0,5.0,0.8,0.8,10.0,0.65,"ambari,hbase,hector,http-request,okhttp,undertow",2025,alluxio,0.3,6,deeper_regularized,3.0,4,5.0,1.0,0.8,0.8,5.0
0.7,1660,16,270,79,0.8315789473684211,0.22636103151862463,0.35585585585585583,shallower_conservative,2.0,2,15.0,5.0,0.8,0.8,10.0,0.7,"ambari,hbase,hector,http-request,okhttp,undertow",2025,alluxio,0.3,6,deeper_regularized,3.0,4,5.0,1.0,0.8,0.8,5.0
0.75,1663,13,280,69,0.8414634146341463,0.1977077363896848,0.32018561484918795,shallower_conservative,2.0,2,15.0,5.0,0.8,0.8,10.0,0.75,"ambari,hbase,hector,http-request,okhttp,undertow",2025,alluxio,0.3,6,deeper_regularized,3.0,4,5.0,1.0,0.8,0.8,5.0
0.8,1668,8,282,67,0.8933333333333333,0.19197707736389685,0.3160377358490566,shallower_conservative,2.0,2,15.0,5.0,0.8,0.8,10.0,0.8,"ambari,hbase,hector,http-request,okhttp,undertow",2025,alluxio,0.3,6,deeper_regularized,3.0,4,5.0,1.0,0.8,0.8,5.0
0.85,1670,6,286,63,0.9130434782608695,0.18051575931232092,0.3014354066985646,shallower_conservative,2.0,2,15.0,5.0,0.8,0.8,10.0,0.85,"ambari,hbase,hector,http-request,okhttp,undertow",2025,alluxio,0.3,6,deeper_regularized,3.0,4,5.0,1.0,0.8,0.8,5.0
0.9,1674,2,289,60,0.967741935483871,0.17191977077363896,0.29197080291970795,shallower_conservative,2.0,2,15.0,5.0,0.8,0.8,10.0,0.9,"ambari,hbase,hector,http-request,okhttp,undertow",2025,alluxio,0.3,6,deeper_regularized,3.0,4,5.0,1.0,0.8,0.8,5.0
0.3,1549,127,187,162,0.5605536332179931,0.46418338108882523,0.5078369905956113,lower_weight_regularized,2.0,3,10.0,5.0,0.8,0.8,10.0,0.3,"ambari,hbase,hector,http-request,okhttp,undertow",2025,alluxio,0.3,6,deeper_regularized,3.0,4,5.0,1.0,0.8,0.8,5.0
0.35,1572,104,200,149,0.5889328063241107,0.4269340974212034,0.4950166112956811,lower_weight_regularized,2.0,3,10.0,5.0,0.8,0.8,10.0,0.35,"ambari,hbase,hector,http-request,okhttp,undertow",2025,alluxio,0.3,6,deeper_regularized,3.0,4,5.0,1.0,0.8,0.8,5.0
0.4,1588,88,215,134,0.6036036036036037,0.3839541547277937,0.4693520140105079,lower_weight_regularized,2.0,3,10.0,5.0,0.8,0.8,10.0,0.4,"ambari,hbase,hector,http-request,okhttp,undertow",2025,alluxio,0.3,6,deeper_regularized,3.0,4,5.0,1.0,0.8,0.8,5.0
0.45,1606,70,226,123,0.6373056994818653,0.3524355300859599,0.4538745387453875,lower_weight_regularized,2.0,3,10.0,5.0,0.8,0.8,10.0,0.45,"ambari,hbase,hector,http-request,okhttp,undertow",2025,alluxio,0.3,6,deeper_regularized,3.0,4,5.0,1.0,0.8,0.8,5.0
0.5,1616,60,254,95,0.6129032258064516,0.2722063037249284,0.376984126984127,lower_weight_regularized,2.0,3,10.0,5.0,0.8,0.8,10.0,0.5,"ambari,hbase,hector,http-request,okhttp,undertow",2025,alluxio,0.3,6,deeper_regularized,3.0,4,5.0,1.0,0.8,0.8,5.0
0.55,1631,45,262,87,0.6590909090909091,0.2492836676217765,0.3617463617463617,lower_weight_regularized,2.0,3,10.0,5.0,0.8,0.8,10.0,0.55,"ambari,hbase,hector,http-request,okhttp,undertow",2025,alluxio,0.3,6,deeper_regularized,3.0,4,5.0,1.0,0.8,0.8,5.0
0.6,1637,39,272,77,0.6637931034482759,0.22063037249283668,0.3311827956989247,lower_weight_regularized,2.0,3,10.0,5.0,0.8,0.8,10.0,0.6,"ambari,hbase,hector,http-request,okhttp,undertow",2025,alluxio,0.3,6,deeper_regularized,3.0,4,5.0,1.0,0.8,0.8,5.0
0.65,1643,33,277,72,0.6857142857142857,0.20630372492836677,0.31718061674008813,lower_weight_regularized,2.0,3,10.0,5.0,0.8,0.8,10.0,0.65,"ambari,hbase,hector,http-request,okhttp,undertow",2025,alluxio,0.3,6,deeper_regularized,3.0,4,5.0,1.0,0.8,0.8,5.0
0.7,1647,29,280,69,0.7040816326530612,0.1977077363896848,0.3087248322147651,lower_weight_regularized,2.0,3,10.0,5.0,0.8,0.8,10.0,0.7,"ambari,hbase,hector,http-request,okhttp,undertow",2025,alluxio,0.3,6,deeper_regularized,3.0,4,5.0,1.0,0.8,0.8,5.0
0.75,1651,25,282,67,0.7282608695652174,0.19197707736389685,0.30385487528344673,lower_weight_regularized,2.0,3,10.0,5.0,0.8,0.8,10.0,0.75,"ambari,hbase,hector,http-request,okhttp,undertow",2025,alluxio,0.3,6,deeper_regularized,3.0,4,5.0,1.0,0.8,0.8,5.0
0.8,1661,15,283,66,0.8148148148148148,0.18911174785100288,0.30697674418604654,lower_weight_regularized,2.0,3,10.0,5.0,0.8,0.8,10.0,0.8,"ambari,hbase,hector,http-request,okhttp,undertow",2025,alluxio,0.3,6,deeper_regularized,3.0,4,5.0,1.0,0.8,0.8,5.0
0.85,1666,10,283,66,0.868421052631579,0.18911174785100288,0.3105882352941176,lower_weight_regularized,2.0,3,10.0,5.0,0.8,0.8,10.0,0.85,"ambari,hbase,hector,http-request,okhttp,undertow",2025,alluxio,0.3,6,deeper_regularized,3.0,4,5.0,1.0,0.8,0.8,5.0
0.9,1670,6,292,57,0.9047619047619048,0.16332378223495703,0.2766990291262136,lower_weight_regularized,2.0,3,10.0,5.0,0.8,0.8,10.0,0.9,"ambari,hbase,hector,http-request,okhttp,undertow",2025,alluxio,0.3,6,deeper_regularized,3.0,4,5.0,1.0,0.8,0.8,5.0
0.3,1559,117,191,158,0.5745454545454546,0.45272206303724927,0.5064102564102564,moderate_complexity,3.0,3,5.0,2.0,0.8,0.8,5.0,0.3,"ambari,hbase,hector,http-request,okhttp,undertow",2025,alluxio,0.3,6,deeper_regularized,3.0,4,5.0,1.0,0.8,0.8,5.0
0.35,1574,102,203,146,0.5887096774193549,0.4183381088825215,0.4891122278056952,moderate_complexity,3.0,3,5.0,2.0,0.8,0.8,5.0,0.35,"ambari,hbase,hector,http-request,okhttp,undertow",2025,alluxio,0.3,6,deeper_regularized,3.0,4,5.0,1.0,0.8,0.8,5.0
0.4,1595,81,218,131,0.6179245283018868,0.3753581661891118,0.4670231729055259,moderate_complexity,3.0,3,5.0,2.0,0.8,0.8,5.0,0.4,"ambari,hbase,hector,http-request,okhttp,undertow",2025,alluxio,0.3,6,deeper_regularized,3.0,4,5.0,1.0,0.8,0.8,5.0
0.45,1610,66,225,124,0.6526315789473685,0.3553008595988539,0.4601113172541745,moderate_complexity,3.0,3,5.0,2.0,0.8,0.8,5.0,0.45,"ambari,hbase,hector,http-request,okhttp,undertow",2025,alluxio,0.3,6,deeper_regularized,3.0,4,5.0,1.0,0.8,0.8,5.0
0.5,1625,51,239,110,0.6832298136645962,0.3151862464183381,0.4313725490196078,moderate_complexity,3.0,3,5.0,2.0,0.8,0.8,5.0,0.5,"ambari,hbase,hector,http-request,okhttp,undertow",2025,alluxio,0.3,6,deeper_regularized,3.0,4,5.0,1.0,0.8,0.8,5.0
0.55,1632,44,244,105,0.7046979865771812,0.3008595988538682,0.4216867469879518,moderate_complexity,3.0,3,5.0,2.0,0.8,0.8,5.0,0.55,"ambari,hbase,hector,http-request,okhttp,undertow",2025,alluxio,0.3,6,deeper_regularized,3.0,4,5.0,1.0,0.8,0.8,5.0
0.6,1643,33,247,102,0.7555555555555555,0.2922636103151863,0.4214876033057851,moderate_complexity,3.0,3,5.0,2.0,0.8,0.8,5.0,0.6,"ambari,hbase,hector,http-request,okhttp,undertow",2025,alluxio,0.3,6,deeper_regularized,3.0,4,5.0,1.0,0.8,0.8,5.0
0.65,1651,25,250,99,0.7983870967741935,0.2836676217765043,0.4186046511627906,moderate_complexity,3.0,3,5.0,2.0,0.8,0.8,5.0,0.65,"ambari,hbase,hector,http-request,okhttp,undertow",2025,alluxio,0.3,6,deeper_regularized,3.0,4,5.0,1.0,0.8,0.8,5.0
0.7,1655,21,254,95,0.8189655172413793,0.2722063037249284,0.40860215053763443,moderate_complexity,3.0,3,5.0,2.0,0.8,0.8,5.0,0.7,"ambari,hbase,hector,http-request,okhttp,undertow",2025,alluxio,0.3,6,deeper_regularized,3.0,4,5.0,1.0,0.8,0.8,5.0
0.75,1660,16,259,90,0.8490566037735849,0.25787965616045844,0.39560439560439564,moderate_complexity,3.0,3,5.0,2.0,0.8,0.8,5.0,0.75,"ambari,hbase,hector,http-request,okhttp,undertow",2025,alluxio,0.3,6,deeper_regularized,3.0,4,5.0,1.0,0.8,0.8,5.0
0.8,1663,13,268,81,0.8617021276595744,0.23209169054441262,0.3656884875846501,moderate_complexity,3.0,3,5.0,2.0,0.8,0.8,5.0,0.8,"ambari,hbase,hector,http-request,okhttp,undertow",2025,alluxio,0.3,6,deeper_regularized,3.0,4,5.0,1.0,0.8,0.8,5.0
0.85,1665,11,274,75,0.872093023255814,0.2148997134670487,0.3448275862068965,moderate_complexity,3.0,3,5.0,2.0,0.8,0.8,5.0,0.85,"ambari,hbase,hector,http-request,okhttp,undertow",2025,alluxio,0.3,6,deeper_regularized,3.0,4,5.0,1.0,0.8,0.8,5.0
0.9,1667,9,280,69,0.8846153846153846,0.1977077363896848,0.32318501170960184,moderate_complexity,3.0,3,5.0,2.0,0.8,0.8,5.0,0.9,"ambari,hbase,hector,http-request,okhttp,undertow",2025,alluxio,0.3,6,deeper_regularized,3.0,4,5.0,1.0,0.8,0.8,5.0
0.3,1612,64,194,155,0.7077625570776256,0.44412607449856734,0.545774647887324,deeper_regularized,3.0,4,5.0,1.0,0.8,0.8,5.0,0.3,"ambari,hbase,hector,http-request,okhttp,undertow",2025,alluxio,0.3,6,deeper_regularized,3.0,4,5.0,1.0,0.8,0.8,5.0
0.35,1619,57,203,146,0.7192118226600985,0.4183381088825215,0.5289855072463768,deeper_regularized,3.0,4,5.0,1.0,0.8,0.8,5.0,0.35,"ambari,hbase,hector,http-request,okhttp,undertow",2025,alluxio,0.3,6,deeper_regularized,3.0,4,5.0,1.0,0.8,0.8,5.0
0.4,1627,49,219,130,0.7262569832402235,0.37249283667621774,0.49242424242424243,deeper_regularized,3.0,4,5.0,1.0,0.8,0.8,5.0,0.4,"ambari,hbase,hector,http-request,okhttp,undertow",2025,alluxio,0.3,6,deeper_regularized,3.0,4,5.0,1.0,0.8,0.8,5.0
0.45,1633,43,226,123,0.7409638554216867,0.3524355300859599,0.4776699029126214,deeper_regularized,3.0,4,5.0,1.0,0.8,0.8,5.0,0.45,"ambari,hbase,hector,http-request,okhttp,undertow",2025,alluxio,0.3,6,deeper_regularized,3.0,4,5.0,1.0,0.8,0.8,5.0
0.5,1638,38,238,111,0.7449664429530202,0.31805157593123207,0.4457831325301205,deeper_regularized,3.0,4,5.0,1.0,0.8,0.8,5.0,0.5,"ambari,hbase,hector,http-request,okhttp,undertow",2025,alluxio,0.3,6,deeper_regularized,3.0,4,5.0,1.0,0.8,0.8,5.0
0.55,1639,37,242,107,0.7430555555555556,0.30659025787965616,0.4340770791075051,deeper_regularized,3.0,4,5.0,1.0,0.8,0.8,5.0,0.55,"ambari,hbase,hector,http-request,okhttp,undertow",2025,alluxio,0.3,6,deeper_regularized,3.0,4,5.0,1.0,0.8,0.8,5.0
0.6,1649,27,248,101,0.7890625,0.28939828080229224,0.42348008385744224,deeper_regularized,3.0,4,5.0,1.0,0.8,0.8,5.0,0.6,"ambari,hbase,hector,http-request,okhttp,undertow",2025,alluxio,0.3,6,deeper_regularized,3.0,4,5.0,1.0,0.8,0.8,5.0
0.65,1654,22,250,99,0.8181818181818182,0.2836676217765043,0.42127659574468085,deeper_regularized,3.0,4,5.0,1.0,0.8,0.8,5.0,0.65,"ambari,hbase,hector,http-request,okhttp,undertow",2025,alluxio,0.3,6,deeper_regularized,3.0,4,5.0,1.0,0.8,0.8,5.0
0.7,1660,16,250,99,0.8608695652173913,0.2836676217765043,0.4267241379310345,deeper_regularized,3.0,4,5.0,1.0,0.8,0.8,5.0,0.7,"ambari,hbase,hector,http-request,okhttp,undertow",2025,alluxio,0.3,6,deeper_regularized,3.0,4,5.0,1.0,0.8,0.8,5.0
0.75,1665,11,251,98,0.8990825688073395,0.2808022922636103,0.4279475982532751,deeper_regularized,3.0,4,5.0,1.0,0.8,0.8,5.0,0.75,"ambari,hbase,hector,http-request,okhttp,undertow",2025,alluxio,0.3,6,deeper_regularized,3.0,4,5.0,1.0,0.8,0.8,5.0
0.8,1667,9,255,94,0.912621359223301,0.2693409742120344,0.41592920353982304,deeper_regularized,3.0,4,5.0,1.0,0.8,0.8,5.0,0.8,"ambari,hbase,hector,http-request,okhttp,undertow",2025,alluxio,0.3,6,deeper_regularized,3.0,4,5.0,1.0,0.8,0.8,5.0
0.85,1669,7,263,86,0.9247311827956989,0.24641833810888253,0.3891402714932127,deeper_regularized,3.0,4,5.0,1.0,0.8,0.8,5.0,0.85,"ambari,hbase,hector,http-request,okhttp,undertow",2025,alluxio,0.3,6,deeper_regularized,3.0,4,5.0,1.0,0.8,0.8,5.0
0.9,1669,7,271,78,0.9176470588235294,0.22349570200573066,0.359447004608295,deeper_regularized,3.0,4,5.0,1.0,0.8,0.8,5.0,0.9,"ambari,hbase,hector,http-request,okhttp,undertow",2025,alluxio,0.3,6,deeper_regularized,3.0,4,5.0,1.0,0.8,0.8,5.0
0.3,11335,71,111,32,0.3106796116504854,0.22377622377622378,0.26016260162601623,reported_regularized,3.0,3,10.0,5.0,0.8,0.8,10.0,0.3,"activiti,ambari,assertj-core,httpcore,incubator-dubbo,java-websocket",11549,achilles,0.75,6,shallower_conservative,2.0,2,15.0,5.0,0.8,0.8,10.0
0.35,11341,65,112,31,0.3229166666666667,0.21678321678321677,0.25941422594142266,reported_regularized,3.0,3,10.0,5.0,0.8,0.8,10.0,0.35,"activiti,ambari,assertj-core,httpcore,incubator-dubbo,java-websocket",11549,achilles,0.75,6,shallower_conservative,2.0,2,15.0,5.0,0.8,0.8,10.0
0.4,11344,62,112,31,0.3333333333333333,0.21678321678321677,0.2627118644067796,reported_regularized,3.0,3,10.0,5.0,0.8,0.8,10.0,0.4,"activiti,ambari,assertj-core,httpcore,incubator-dubbo,java-websocket",11549,achilles,0.75,6,shallower_conservative,2.0,2,15.0,5.0,0.8,0.8,10.0
0.45,11348,58,112,31,0.34831460674157305,0.21678321678321677,0.2672413793103448,reported_regularized,3.0,3,10.0,5.0,0.8,0.8,10.0,0.45,"activiti,ambari,assertj-core,httpcore,incubator-dubbo,java-websocket",11549,achilles,0.75,6,shallower_conservative,2.0,2,15.0,5.0,0.8,0.8,10.0
0.5,11353,53,112,31,0.36904761904761907,0.21678321678321677,0.27312775330396477,reported_regularized,3.0,3,10.0,5.0,0.8,0.8,10.0,0.5,"activiti,ambari,assertj-core,httpcore,incubator-dubbo,java-websocket",11549,achilles,0.75,6,shallower_conservative,2.0,2,15.0,5.0,0.8,0.8,10.0
0.55,11363,43,112,31,0.4189189189189189,0.21678321678321677,0.2857142857142857,reported_regularized,3.0,3,10.0,5.0,0.8,0.8,10.0,0.55,"activiti,ambari,assertj-core,httpcore,incubator-dubbo,java-websocket",11549,achilles,0.75,6,shallower_conservative,2.0,2,15.0,5.0,0.8,0.8,10.0
0.6,11365,41,112,31,0.4305555555555556,0.21678321678321677,0.2883720930232558,reported_regularized,3.0,3,10.0,5.0,0.8,0.8,10.0,0.6,"activiti,ambari,assertj-core,httpcore,incubator-dubbo,java-websocket",11549,achilles,0.75,6,shallower_conservative,2.0,2,15.0,5.0,0.8,0.8,10.0
0.65,11370,36,113,30,0.45454545454545453,0.2097902097902098,0.28708133971291866,reported_regularized,3.0,3,10.0,5.0,0.8,0.8,10.0,0.65,"activiti,ambari,assertj-core,httpcore,incubator-dubbo,java-websocket",11549,achilles,0.75,6,shallower_conservative,2.0,2,15.0,5.0,0.8,0.8,10.0
0.7,11372,34,118,25,0.423728813559322,0.17482517482517482,0.24752475247524755,reported_regularized,3.0,3,10.0,5.0,0.8,0.8,10.0,0.7,"activiti,ambari,assertj-core,httpcore,incubator-dubbo,java-websocket",11549,achilles,0.75,6,shallower_conservative,2.0,2,15.0,5.0,0.8,0.8,10.0
0.75,11376,30,118,25,0.45454545454545453,0.17482517482517482,0.2525252525252525,reported_regularized,3.0,3,10.0,5.0,0.8,0.8,10.0,0.75,"activiti,ambari,assertj-core,httpcore,incubator-dubbo,java-websocket",11549,achilles,0.75,6,shallower_conservative,2.0,2,15.0,5.0,0.8,0.8,10.0
0.8,11380,26,119,24,0.48,0.16783216783216784,0.24870466321243526,reported_regularized,3.0,3,10.0,5.0,0.8,0.8,10.0,0.8,"activiti,ambari,assertj-core,httpcore,incubator-dubbo,java-websocket",11549,achilles,0.75,6,shallower_conservative,2.0,2,15.0,5.0,0.8,0.8,10.0
0.85,11383,23,122,21,0.4772727272727273,0.14685314685314685,0.22459893048128343,reported_regularized,3.0,3,10.0,5.0,0.8,0.8,10.0,0.85,"activiti,ambari,assertj-core,httpcore,incubator-dubbo,java-websocket",11549,achilles,0.75,6,shallower_conservative,2.0,2,15.0,5.0,0.8,0.8,10.0
0.9,11391,15,130,13,0.4642857142857143,0.09090909090909091,0.15204678362573099,reported_regularized,3.0,3,10.0,5.0,0.8,0.8,10.0,0.9,"activiti,ambari,assertj-core,httpcore,incubator-dubbo,java-websocket",11549,achilles,0.75,6,shallower_conservative,2.0,2,15.0,5.0,0.8,0.8,10.0
0.3,11360,46,112,31,0.4025974025974026,0.21678321678321677,0.2818181818181818,shallower_conservative,2.0,2,15.0,5.0,0.8,0.8,10.0,0.3,"activiti,ambari,assertj-core,httpcore,incubator-dubbo,java-websocket",11549,achilles,0.75,6,shallower_conservative,2.0,2,15.0,5.0,0.8,0.8,10.0
0.35,11363,43,113,30,0.410958904109589,0.2097902097902098,0.2777777777777778,shallower_conservative,2.0,2,15.0,5.0,0.8,0.8,10.0,0.35,"activiti,ambari,assertj-core,httpcore,incubator-dubbo,java-websocket",11549,achilles,0.75,6,shallower_conservative,2.0,2,15.0,5.0,0.8,0.8,10.0
0.4,11367,39,113,30,0.43478260869565216,0.2097902097902098,0.2830188679245283,shallower_conservative,2.0,2,15.0,5.0,0.8,0.8,10.0,0.4,"activiti,ambari,assertj-core,httpcore,incubator-dubbo,java-websocket",11549,achilles,0.75,6,shallower_conservative,2.0,2,15.0,5.0,0.8,0.8,10.0
0.45,11367,39,113,30,0.43478260869565216,0.2097902097902098,0.2830188679245283,shallower_conservative,2.0,2,15.0,5.0,0.8,0.8,10.0,0.45,"activiti,ambari,assertj-core,httpcore,incubator-dubbo,java-websocket",11549,achilles,0.75,6,shallower_conservative,2.0,2,15.0,5.0,0.8,0.8,10.0
0.5,11370,36,113,30,0.45454545454545453,0.2097902097902098,0.28708133971291866,shallower_conservative,2.0,2,15.0,5.0,0.8,0.8,10.0,0.5,"activiti,ambari,assertj-core,httpcore,incubator-dubbo,java-websocket",11549,achilles,0.75,6,shallower_conservative,2.0,2,15.0,5.0,0.8,0.8,10.0
0.55,11373,33,114,29,0.46774193548387094,0.20279720279720279,0.28292682926829266,shallower_conservative,2.0,2,15.0,5.0,0.8,0.8,10.0,0.55,"activiti,ambari,assertj-core,httpcore,incubator-dubbo,java-websocket",11549,achilles,0.75,6,shallower_conservative,2.0,2,15.0,5.0,0.8,0.8,10.0
0.6,11376,30,114,29,0.4915254237288136,0.20279720279720279,0.2871287128712871,shallower_conservative,2.0,2,15.0,5.0,0.8,0.8,10.0,0.6,"activiti,ambari,assertj-core,httpcore,incubator-dubbo,java-websocket",11549,achilles,0.75,6,shallower_conservative,2.0,2,15.0,5.0,0.8,0.8,10.0
0.65,11383,23,114,29,0.5576923076923077,0.20279720279720279,0.2974358974358974,shallower_conservative,2.0,2,15.0,5.0,0.8,0.8,10.0,0.65,"activiti,ambari,assertj-core,httpcore,incubator-dubbo,java-websocket",11549,achilles,0.75,6,shallower_conservative,2.0,2,15.0,5.0,0.8,0.8,10.0
0.7,11385,21,114,29,0.58,0.20279720279720279,0.30051813471502586,shallower_conservative,2.0,2,15.0,5.0,0.8,0.8,10.0,0.7,"activiti,ambari,assertj-core,httpcore,incubator-dubbo,java-websocket",11549,achilles,0.75,6,shallower_conservative,2.0,2,15.0,5.0,0.8,0.8,10.0
0.75,11389,17,114,29,0.6304347826086957,0.20279720279720279,0.30687830687830686,shallower_conservative,2.0,2,15.0,5.0,0.8,0.8,10.0,0.75,"activiti,ambari,assertj-core,httpcore,incubator-dubbo,java-websocket",11549,achilles,0.75,6,shallower_conservative,2.0,2,15.0,5.0,0.8,0.8,10.0
0.8,11390,16,116,27,0.627906976744186,0.1888111888111888,0.2903225806451613,shallower_conservative,2.0,2,15.0,5.0,0.8,0.8,10.0,0.8,"activiti,ambari,assertj-core,httpcore,incubator-dubbo,java-websocket",11549,achilles,0.75,6,shallower_conservative,2.0,2,15.0,5.0,0.8,0.8,10.0
0.85,11396,10,119,24,0.7058823529411765,0.16783216783216784,0.2711864406779661,shallower_conservative,2.0,2,15.0,5.0,0.8,0.8,10.0,0.85,"activiti,ambari,assertj-core,httpcore,incubator-dubbo,java-websocket",11549,achilles,0.75,6,shallower_conservative,2.0,2,15.0,5.0,0.8,0.8,10.0
0.9,11399,7,127,16,0.6956521739130435,0.11188811188811189,0.1927710843373494,shallower_conservative,2.0,2,15.0,5.0,0.8,0.8,10.0,0.9,"activiti,ambari,assertj-core,httpcore,incubator-dubbo,java-websocket",11549,achilles,0.75,6,shallower_conservative,2.0,2,15.0,5.0,0.8,0.8,10.0
0.3,11347,59,112,31,0.34444444444444444,0.21678321678321677,0.26609442060085836,lower_weight_regularized,2.0,3,10.0,5.0,0.8,0.8,10.0,0.3,"activiti,ambari,assertj-core,httpcore,incubator-dubbo,java-websocket",11549,achilles,0.75,6,shallower_conservative,2.0,2,15.0,5.0,0.8,0.8,10.0
0.35,11356,50,112,31,0.38271604938271603,0.21678321678321677,0.27678571428571425,lower_weight_regularized,2.0,3,10.0,5.0,0.8,0.8,10.0,0.35,"activiti,ambari,assertj-core,httpcore,incubator-dubbo,java-websocket",11549,achilles,0.75,6,shallower_conservative,2.0,2,15.0,5.0,0.8,0.8,10.0
0.4,11361,45,112,31,0.40789473684210525,0.21678321678321677,0.2831050228310502,lower_weight_regularized,2.0,3,10.0,5.0,0.8,0.8,10.0,0.4,"activiti,ambari,assertj-core,httpcore,incubator-dubbo,java-websocket",11549,achilles,0.75,6,shallower_conservative,2.0,2,15.0,5.0,0.8,0.8,10.0
0.45,11364,42,112,31,0.4246575342465753,0.21678321678321677,0.287037037037037,lower_weight_regularized,2.0,3,10.0,5.0,0.8,0.8,10.0,0.45,"activiti,ambari,assertj-core,httpcore,incubator-dubbo,java-websocket",11549,achilles,0.75,6,shallower_conservative,2.0,2,15.0,5.0,0.8,0.8,10.0
0.5,11367,39,112,31,0.44285714285714284,0.21678321678321677,0.29107981220657275,lower_weight_regularized,2.0,3,10.0,5.0,0.8,0.8,10.0,0.5,"activiti,ambari,assertj-core,httpcore,incubator-dubbo,java-websocket",11549,achilles,0.75,6,shallower_conservative,2.0,2,15.0,5.0,0.8,0.8,10.0
0.55,11367,39,112,31,0.44285714285714284,0.21678321678321677,0.29107981220657275,lower_weight_regularized,2.0,3,10.0,5.0,0.8,0.8,10.0,0.55,"activiti,ambari,assertj-core,httpcore,incubator-dubbo,java-websocket",11549,achilles,0.75,6,shallower_conservative,2.0,2,15.0,5.0,0.8,0.8,10.0
0.6,11371,35,112,31,0.4696969696969697,0.21678321678321677,0.2966507177033493,lower_weight_regularized,2.0,3,10.0,5.0,0.8,0.8,10.0,0.6,"activiti,ambari,assertj-core,httpcore,incubator-dubbo,java-websocket",11549,achilles,0.75,6,shallower_conservative,2.0,2,15.0,5.0,0.8,0.8,10.0
0.65,11376,30,112,31,0.5081967213114754,0.21678321678321677,0.30392156862745096,lower_weight_regularized,2.0,3,10.0,5.0,0.8,0.8,10.0,0.65,"activiti,ambari,assertj-core,httpcore,incubator-dubbo,java-websocket",11549,achilles,0.75,6,shallower_conservative,2.0,2,15.0,5.0,0.8,0.8,10.0
0.7,11381,25,113,30,0.5454545454545454,0.2097902097902098,0.30303030303030304,lower_weight_regularized,2.0,3,10.0,5.0,0.8,0.8,10.0,0.7,"activiti,ambari,assertj-core,httpcore,incubator-dubbo,java-websocket",11549,achilles,0.75,6,shallower_conservative,2.0,2,15.0,5.0,0.8,0.8,10.0
0.75,11383,23,113,30,0.5660377358490566,0.2097902097902098,0.30612244897959184,lower_weight_regularized,2.0,3,10.0,5.0,0.8,0.8,10.0,0.75,"activiti,ambari,assertj-core,httpcore,incubator-dubbo,java-websocket",11549,achilles,0.75,6,shallower_conservative,2.0,2,15.0,5.0,0.8,0.8,10.0
0.8,11388,18,114,29,0.6170212765957447,0.20279720279720279,0.3052631578947368,lower_weight_regularized,2.0,3,10.0,5.0,0.8,0.8,10.0,0.8,"activiti,ambari,assertj-core,httpcore,incubator-dubbo,java-websocket",11549,achilles,0.75,6,shallower_conservative,2.0,2,15.0,5.0,0.8,0.8,10.0
0.85,11391,15,120,23,0.6052631578947368,0.16083916083916083,0.2541436464088398,lower_weight_regularized,2.0,3,10.0,5.0,0.8,0.8,10.0,0.85,"activiti,ambari,assertj-core,httpcore,incubator-dubbo,java-websocket",11549,achilles,0.75,6,shallower_conservative,2.0,2,15.0,5.0,0.8,0.8,10.0
0.9,11399,7,126,17,0.7083333333333334,0.11888111888111888,0.2035928143712575,lower_weight_regularized,2.0,3,10.0,5.0,0.8,0.8,10.0,0.9,"activiti,ambari,assertj-core,httpcore,incubator-dubbo,java-websocket",11549,achilles,0.75,6,shallower_conservative,2.0,2,15.0,5.0,0.8,0.8,10.0
0.3,11361,45,112,31,0.40789473684210525,0.21678321678321677,0.2831050228310502,moderate_complexity,3.0,3,5.0,2.0,0.8,0.8,5.0,0.3,"activiti,ambari,assertj-core,httpcore,incubator-dubbo,java-websocket",11549,achilles,0.75,6,shallower_conservative,2.0,2,15.0,5.0,0.8,0.8,10.0
0.35,11364,42,112,31,0.4246575342465753,0.21678321678321677,0.287037037037037,moderate_complexity,3.0,3,5.0,2.0,0.8,0.8,5.0,0.35,"activiti,ambari,assertj-core,httpcore,incubator-dubbo,java-websocket",11549,achilles,0.75,6,shallower_conservative,2.0,2,15.0,5.0,0.8,0.8,10.0
0.4,11366,40,112,31,0.43661971830985913,0.21678321678321677,0.2897196261682243,moderate_complexity,3.0,3,5.0,2.0,0.8,0.8,5.0,0.4,"activiti,ambari,assertj-core,httpcore,incubator-dubbo,java-websocket",11549,achilles,0.75,6,shallower_conservative,2.0,2,15.0,5.0,0.8,0.8,10.0
0.45,11368,38,112,31,0.4492753623188406,0.21678321678321677,0.29245283018867924,moderate_complexity,3.0,3,5.0,2.0,0.8,0.8,5.0,0.45,"activiti,ambari,assertj-core,httpcore,incubator-dubbo,java-websocket",11549,achilles,0.75,6,shallower_conservative,2.0,2,15.0,5.0,0.8,0.8,10.0
0.5,11371,35,112,31,0.4696969696969697,0.21678321678321677,0.2966507177033493,moderate_complexity,3.0,3,5.0,2.0,0.8,0.8,5.0,0.5,"activiti,ambari,assertj-core,httpcore,incubator-dubbo,java-websocket",11549,achilles,0.75,6,shallower_conservative,2.0,2,15.0,5.0,0.8,0.8,10.0
0.55,11371,35,113,30,0.46153846153846156,0.2097902097902098,0.2884615384615385,moderate_complexity,3.0,3,5.0,2.0,0.8,0.8,5.0,0.55,"activiti,ambari,assertj-core,httpcore,incubator-dubbo,java-websocket",11549,achilles,0.75,6,shallower_conservative,2.0,2,15.0,5.0,0.8,0.8,10.0
0.6,11374,32,113,30,0.4838709677419355,0.2097902097902098,0.2926829268292683,moderate_complexity,3.0,3,5.0,2.0,0.8,0.8,5.0,0.6,"activiti,ambari,assertj-core,httpcore,incubator-dubbo,java-websocket",11549,achilles,0.75,6,shallower_conservative,2.0,2,15.0,5.0,0.8,0.8,10.0
0.65,11377,29,113,30,0.5084745762711864,0.2097902097902098,0.297029702970297,moderate_complexity,3.0,3,5.0,2.0,0.8,0.8,5.0,0.65,"activiti,ambari,assertj-core,httpcore,incubator-dubbo,java-websocket",11549,achilles,0.75,6,shallower_conservative,2.0,2,15.0,5.0,0.8,0.8,10.0
0.7,11379,27,115,28,0.509090909090909,0.1958041958041958,0.2828282828282828,moderate_complexity,3.0,3,5.0,2.0,0.8,0.8,5.0,0.7,"activiti,ambari,assertj-core,httpcore,incubator-dubbo,java-websocket",11549,achilles,0.75,6,shallower_conservative,2.0,2,15.0,5.0,0.8,0.8,10.0
0.75,11380,26,115,28,0.5185185185185185,0.1958041958041958,0.28426395939086296,moderate_complexity,3.0,3,5.0,2.0,0.8,0.8,5.0,0.75,"activiti,ambari,assertj-core,httpcore,incubator-dubbo,java-websocket",11549,achilles,0.75,6,shallower_conservative,2.0,2,15.0,5.0,0.8,0.8,10.0
0.8,11383,23,117,26,0.5306122448979592,0.18181818181818182,0.27083333333333337,moderate_complexity,3.0,3,5.0,2.0,0.8,0.8,5.0,0.8,"activiti,ambari,assertj-core,httpcore,incubator-dubbo,java-websocket",11549,achilles,0.75,6,shallower_conservative,2.0,2,15.0,5.0,0.8,0.8,10.0
0.85,11388,18,121,22,0.55,0.15384615384615385,0.24043715846994534,moderate_complexity,3.0,3,5.0,2.0,0.8,0.8,5.0,0.85,"activiti,ambari,assertj-core,httpcore,incubator-dubbo,java-websocket",11549,achilles,0.75,6,shallower_conservative,2.0,2,15.0,5.0,0.8,0.8,10.0
0.9,11392,14,124,19,0.5757575757575758,0.13286713286713286,0.21590909090909094,moderate_complexity,3.0,3,5.0,2.0,0.8,0.8,5.0,0.9,"activiti,ambari,assertj-core,httpcore,incubator-dubbo,java-websocket",11549,achilles,0.75,6,shallower_conservative,2.0,2,15.0,5.0,0.8,0.8,10.0
0.3,11370,36,113,30,0.45454545454545453,0.2097902097902098,0.28708133971291866,deeper_regularized,3.0,4,5.0,1.0,0.8,0.8,5.0,0.3,"activiti,ambari,assertj-core,httpcore,incubator-dubbo,java-websocket",11549,achilles,0.75,6,shallower_conservative,2.0,2,15.0,5.0,0.8,0.8,10.0
0.35,11370,36,113,30,0.45454545454545453,0.2097902097902098,0.28708133971291866,deeper_regularized,3.0,4,5.0,1.0,0.8,0.8,5.0,0.35,"activiti,ambari,assertj-core,httpcore,incubator-dubbo,java-websocket",11549,achilles,0.75,6,shallower_conservative,2.0,2,15.0,5.0,0.8,0.8,10.0
0.4,11371,35,113,30,0.46153846153846156,0.2097902097902098,0.2884615384615385,deeper_regularized,3.0,4,5.0,1.0,0.8,0.8,5.0,0.4,"activiti,ambari,assertj-core,httpcore,incubator-dubbo,java-websocket",11549,achilles,0.75,6,shallower_conservative,2.0,2,15.0,5.0,0.8,0.8,10.0
0.45,11371,35,113,30,0.46153846153846156,0.2097902097902098,0.2884615384615385,deeper_regularized,3.0,4,5.0,1.0,0.8,0.8,5.0,0.45,"activiti,ambari,assertj-core,httpcore,incubator-dubbo,java-websocket",11549,achilles,0.75,6,shallower_conservative,2.0,2,15.0,5.0,0.8,0.8,10.0
0.5,11371,35,113,30,0.46153846153846156,0.2097902097902098,0.2884615384615385,deeper_regularized,3.0,4,5.0,1.0,0.8,0.8,5.0,0.5,"activiti,ambari,assertj-core,httpcore,incubator-dubbo,java-websocket",11549,achilles,0.75,6,shallower_conservative,2.0,2,15.0,5.0,0.8,0.8,10.0
0.55,11373,33,113,30,0.47619047619047616,0.2097902097902098,0.2912621359223301,deeper_regularized,3.0,4,5.0,1.0,0.8,0.8,5.0,0.55,"activiti,ambari,assertj-core,httpcore,incubator-dubbo,java-websocket",11549,achilles,0.75,6,shallower_conservative,2.0,2,15.0,5.0,0.8,0.8,10.0
0.6,11373,33,113,30,0.47619047619047616,0.2097902097902098,0.2912621359223301,deeper_regularized,3.0,4,5.0,1.0,0.8,0.8,5.0,0.6,"activiti,ambari,assertj-core,httpcore,incubator-dubbo,java-websocket",11549,achilles,0.75,6,shallower_conservative,2.0,2,15.0,5.0,0.8,0.8,10.0
0.65,11373,33,116,27,0.45,0.1888111888111888,0.2660098522167488,deeper_regularized,3.0,4,5.0,1.0,0.8,0.8,5.0,0.65,"activiti,ambari,assertj-core,httpcore,incubator-dubbo,java-websocket",11549,achilles,0.75,6,shallower_conservative,2.0,2,15.0,5.0,0.8,0.8,10.0
0.7,11378,28,119,24,0.46153846153846156,0.16783216783216784,0.2461538461538462,deeper_regularized,3.0,4,5.0,1.0,0.8,0.8,5.0,0.7,"activiti,ambari,assertj-core,httpcore,incubator-dubbo,java-websocket",11549,achilles,0.75,6,shallower_conservative,2.0,2,15.0,5.0,0.8,0.8,10.0
0.75,11379,27,120,23,0.46,0.16083916083916083,0.2383419689119171,deeper_regularized,3.0,4,5.0,1.0,0.8,0.8,5.0,0.75,"activiti,ambari,assertj-core,httpcore,incubator-dubbo,java-websocket",11549,achilles,0.75,6,shallower_conservative,2.0,2,15.0,5.0,0.8,0.8,10.0
0.8,11382,24,120,23,0.48936170212765956,0.16083916083916083,0.24210526315789474,deeper_regularized,3.0,4,5.0,1.0,0.8,0.8,5.0,0.8,"activiti,ambari,assertj-core,httpcore,incubator-dubbo,java-websocket",11549,achilles,0.75,6,shallower_conservative,2.0,2,15.0,5.0,0.8,0.8,10.0
0.85,11386,20,122,21,0.5121951219512195,0.14685314685314685,0.22826086956521738,deeper_regularized,3.0,4,5.0,1.0,0.8,0.8,5.0,0.85,"activiti,ambari,assertj-core,httpcore,incubator-dubbo,java-websocket",11549,achilles,0.75,6,shallower_conservative,2.0,2,15.0,5.0,0.8,0.8,10.0
0.9,11390,16,129,14,0.4666666666666667,0.0979020979020979,0.16184971098265896,deeper_regularized,3.0,4,5.0,1.0,0.8,0.8,5.0,0.9,"activiti,ambari,assertj-core,httpcore,incubator-dubbo,java-websocket",11549,achilles,0.75,6,shallower_conservative,2.0,2,15.0,5.0,0.8,0.8,10.0
0.3,10691,18,84,31,0.6326530612244898,0.26956521739130435,0.3780487804878049,reported_regularized,3.0,3,10.0,5.0,0.8,0.8,10.0,0.3,"achilles,ambari,assertj-core,httpcore,incubator-dubbo,java-websocket",10824,activiti,0.75,6,lower_weight_regularized,2.0,3,10.0,5.0,0.8,0.8,10.0
0.35,10695,14,84,31,0.6888888888888889,0.26956521739130435,0.3875,reported_regularized,3.0,3,10.0,5.0,0.8,0.8,10.0,0.35,"achilles,ambari,assertj-core,httpcore,incubator-dubbo,java-websocket",10824,activiti,0.75,6,lower_weight_regularized,2.0,3,10.0,5.0,0.8,0.8,10.0
0.4,10698,11,84,31,0.7380952380952381,0.26956521739130435,0.39490445859872614,reported_regularized,3.0,3,10.0,5.0,0.8,0.8,10.0,0.4,"achilles,ambari,assertj-core,httpcore,incubator-dubbo,java-websocket",10824,activiti,0.75,6,lower_weight_regularized,2.0,3,10.0,5.0,0.8,0.8,10.0
0.45,10699,10,84,31,0.7560975609756098,0.26956521739130435,0.39743589743589747,reported_regularized,3.0,3,10.0,5.0,0.8,0.8,10.0,0.45,"achilles,ambari,assertj-core,httpcore,incubator-dubbo,java-websocket",10824,activiti,0.75,6,lower_weight_regularized,2.0,3,10.0,5.0,0.8,0.8,10.0
0.5,10700,9,84,31,0.775,0.26956521739130435,0.39999999999999997,reported_regularized,3.0,3,10.0,5.0,0.8,0.8,10.0,0.5,"achilles,ambari,assertj-core,httpcore,incubator-dubbo,java-websocket",10824,activiti,0.75,6,lower_weight_regularized,2.0,3,10.0,5.0,0.8,0.8,10.0
0.55,10701,8,84,31,0.7948717948717948,0.26956521739130435,0.40259740259740256,reported_regularized,3.0,3,10.0,5.0,0.8,0.8,10.0,0.55,"achilles,ambari,assertj-core,httpcore,incubator-dubbo,java-websocket",10824,activiti,0.75,6,lower_weight_regularized,2.0,3,10.0,5.0,0.8,0.8,10.0
0.6,10701,8,84,31,0.7948717948717948,0.26956521739130435,0.40259740259740256,reported_regularized,3.0,3,10.0,5.0,0.8,0.8,10.0,0.6,"achilles,ambari,assertj-core,httpcore,incubator-dubbo,java-websocket",10824,activiti,0.75,6,lower_weight_regularized,2.0,3,10.0,5.0,0.8,0.8,10.0
0.65,10703,6,84,31,0.8378378378378378,0.26956521739130435,0.40789473684210525,reported_regularized,3.0,3,10.0,5.0,0.8,0.8,10.0,0.65,"achilles,ambari,assertj-core,httpcore,incubator-dubbo,java-websocket",10824,activiti,0.75,6,lower_weight_regularized,2.0,3,10.0,5.0,0.8,0.8,10.0
0.7,10705,4,91,24,0.8571428571428571,0.20869565217391303,0.3356643356643356,reported_regularized,3.0,3,10.0,5.0,0.8,0.8,10.0,0.7,"achilles,ambari,assertj-core,httpcore,incubator-dubbo,java-websocket",10824,activiti,0.75,6,lower_weight_regularized,2.0,3,10.0,5.0,0.8,0.8,10.0
0.75,10705,4,91,24,0.8571428571428571,0.20869565217391303,0.3356643356643356,reported_regularized,3.0,3,10.0,5.0,0.8,0.8,10.0,0.75,"achilles,ambari,assertj-core,httpcore,incubator-dubbo,java-websocket",10824,activiti,0.75,6,lower_weight_regularized,2.0,3,10.0,5.0,0.8,0.8,10.0
0.8,10705,4,91,24,0.8571428571428571,0.20869565217391303,0.3356643356643356,reported_regularized,3.0,3,10.0,5.0,0.8,0.8,10.0,0.8,"achilles,ambari,assertj-core,httpcore,incubator-dubbo,java-websocket",10824,activiti,0.75,6,lower_weight_regularized,2.0,3,10.0,5.0,0.8,0.8,10.0
0.85,10705,4,91,24,0.8571428571428571,0.20869565217391303,0.3356643356643356,reported_regularized,3.0,3,10.0,5.0,0.8,0.8,10.0,0.85,"achilles,ambari,assertj-core,httpcore,incubator-dubbo,java-websocket",10824,activiti,0.75,6,lower_weight_regularized,2.0,3,10.0,5.0,0.8,0.8,10.0
0.9,10705,4,91,24,0.8571428571428571,0.20869565217391303,0.3356643356643356,reported_regularized,3.0,3,10.0,5.0,0.8,0.8,10.0,0.9,"achilles,ambari,assertj-core,httpcore,incubator-dubbo,java-websocket",10824,activiti,0.75,6,lower_weight_regularized,2.0,3,10.0,5.0,0.8,0.8,10.0
0.3,10691,18,84,31,0.6326530612244898,0.26956521739130435,0.3780487804878049,shallower_conservative,2.0,2,15.0,5.0,0.8,0.8,10.0,0.3,"achilles,ambari,assertj-core,httpcore,incubator-dubbo,java-websocket",10824,activiti,0.75,6,lower_weight_regularized,2.0,3,10.0,5.0,0.8,0.8,10.0
0.35,10691,18,84,31,0.6326530612244898,0.26956521739130435,0.3780487804878049,shallower_conservative,2.0,2,15.0,5.0,0.8,0.8,10.0,0.35,"achilles,ambari,assertj-core,httpcore,incubator-dubbo,java-websocket",10824,activiti,0.75,6,lower_weight_regularized,2.0,3,10.0,5.0,0.8,0.8,10.0
0.4,10698,11,84,31,0.7380952380952381,0.26956521739130435,0.39490445859872614,shallower_conservative,2.0,2,15.0,5.0,0.8,0.8,10.0,0.4,"achilles,ambari,assertj-core,httpcore,incubator-dubbo,java-websocket",10824,activiti,0.75,6,lower_weight_regularized,2.0,3,10.0,5.0,0.8,0.8,10.0
0.45,10698,11,84,31,0.7380952380952381,0.26956521739130435,0.39490445859872614,shallower_conservative,2.0,2,15.0,5.0,0.8,0.8,10.0,0.45,"achilles,ambari,assertj-core,httpcore,incubator-dubbo,java-websocket",10824,activiti,0.75,6,lower_weight_regularized,2.0,3,10.0,5.0,0.8,0.8,10.0
0.5,10699,10,84,31,0.7560975609756098,0.26956521739130435,0.39743589743589747,shallower_conservative,2.0,2,15.0,5.0,0.8,0.8,10.0,0.5,"achilles,ambari,assertj-core,httpcore,incubator-dubbo,java-websocket",10824,activiti,0.75,6,lower_weight_regularized,2.0,3,10.0,5.0,0.8,0.8,10.0
0.55,10702,7,85,30,0.8108108108108109,0.2608695652173913,0.39473684210526316,shallower_conservative,2.0,2,15.0,5.0,0.8,0.8,10.0,0.55,"achilles,ambari,assertj-core,httpcore,incubator-dubbo,java-websocket",10824,activiti,0.75,6,lower_weight_regularized,2.0,3,10.0,5.0,0.8,0.8,10.0
0.6,10702,7,85,30,0.8108108108108109,0.2608695652173913,0.39473684210526316,shallower_conservative,2.0,2,15.0,5.0,0.8,0.8,10.0,0.6,"achilles,ambari,assertj-core,httpcore,incubator-dubbo,java-websocket",10824,activiti,0.75,6,lower_weight_regularized,2.0,3,10.0,5.0,0.8,0.8,10.0
0.65,10702,7,91,24,0.7741935483870968,0.20869565217391303,0.32876712328767116,shallower_conservative,2.0,2,15.0,5.0,0.8,0.8,10.0,0.65,"achilles,ambari,assertj-core,httpcore,incubator-dubbo,java-websocket",10824,activiti,0.75,6,lower_weight_regularized,2.0,3,10.0,5.0,0.8,0.8,10.0
0.7,10703,6,91,24,0.8,0.20869565217391303,0.33103448275862074,shallower_conservative,2.0,2,15.0,5.0,0.8,0.8,10.0,0.7,"achilles,ambari,assertj-core,httpcore,incubator-dubbo,java-websocket",10824,activiti,0.75,6,lower_weight_regularized,2.0,3,10.0,5.0,0.8,0.8,10.0
0.75,10705,4,91,24,0.8571428571428571,0.20869565217391303,0.3356643356643356,shallower_conservative,2.0,2,15.0,5.0,0.8,0.8,10.0,0.75,"achilles,ambari,assertj-core,httpcore,incubator-dubbo,java-websocket",10824,activiti,0.75,6,lower_weight_regularized,2.0,3,10.0,5.0,0.8,0.8,10.0
0.8,10705,4,91,24,0.8571428571428571,0.20869565217391303,0.3356643356643356,shallower_conservative,2.0,2,15.0,5.0,0.8,0.8,10.0,0.8,"achilles,ambari,assertj-core,httpcore,incubator-dubbo,java-websocket",10824,activiti,0.75,6,lower_weight_regularized,2.0,3,10.0,5.0,0.8,0.8,10.0
0.85,10705,4,95,20,0.8333333333333334,0.17391304347826086,0.28776978417266186,shallower_conservative,2.0,2,15.0,5.0,0.8,0.8,10.0,0.85,"achilles,ambari,assertj-core,httpcore,incubator-dubbo,java-websocket",10824,activiti,0.75,6,lower_weight_regularized,2.0,3,10.0,5.0,0.8,0.8,10.0
0.9,10707,2,97,18,0.9,0.1565217391304348,0.26666666666666666,shallower_conservative,2.0,2,15.0,5.0,0.8,0.8,10.0,0.9,"achilles,ambari,assertj-core,httpcore,incubator-dubbo,java-websocket",10824,activiti,0.75,6,lower_weight_regularized,2.0,3,10.0,5.0,0.8,0.8,10.0
0.3,10692,17,84,31,0.6458333333333334,0.26956521739130435,0.3803680981595092,lower_weight_regularized,2.0,3,10.0,5.0,0.8,0.8,10.0,0.3,"achilles,ambari,assertj-core,httpcore,incubator-dubbo,java-websocket",10824,activiti,0.75,6,lower_weight_regularized,2.0,3,10.0,5.0,0.8,0.8,10.0
0.35,10693,16,84,31,0.6595744680851063,0.26956521739130435,0.38271604938271603,lower_weight_regularized,2.0,3,10.0,5.0,0.8,0.8,10.0,0.35,"achilles,ambari,assertj-core,httpcore,incubator-dubbo,java-websocket",10824,activiti,0.75,6,lower_weight_regularized,2.0,3,10.0,5.0,0.8,0.8,10.0
0.4,10695,14,84,31,0.6888888888888889,0.26956521739130435,0.3875,lower_weight_regularized,2.0,3,10.0,5.0,0.8,0.8,10.0,0.4,"achilles,ambari,assertj-core,httpcore,incubator-dubbo,java-websocket",10824,activiti,0.75,6,lower_weight_regularized,2.0,3,10.0,5.0,0.8,0.8,10.0
0.45,10696,13,84,31,0.7045454545454546,0.26956521739130435,0.389937106918239,lower_weight_regularized,2.0,3,10.0,5.0,0.8,0.8,10.0,0.45,"achilles,ambari,assertj-core,httpcore,incubator-dubbo,java-websocket",10824,activiti,0.75,6,lower_weight_regularized,2.0,3,10.0,5.0,0.8,0.8,10.0
0.5,10696,13,84,31,0.7045454545454546,0.26956521739130435,0.389937106918239,lower_weight_regularized,2.0,3,10.0,5.0,0.8,0.8,10.0,0.5,"achilles,ambari,assertj-core,httpcore,incubator-dubbo,java-websocket",10824,activiti,0.75,6,lower_weight_regularized,2.0,3,10.0,5.0,0.8,0.8,10.0
0.55,10697,12,84,31,0.7209302325581395,0.26956521739130435,0.3924050632911392,lower_weight_regularized,2.0,3,10.0,5.0,0.8,0.8,10.0,0.55,"achilles,ambari,assertj-core,httpcore,incubator-dubbo,java-websocket",10824,activiti,0.75,6,lower_weight_regularized,2.0,3,10.0,5.0,0.8,0.8,10.0
0.6,10699,10,84,31,0.7560975609756098,0.26956521739130435,0.39743589743589747,lower_weight_regularized,2.0,3,10.0,5.0,0.8,0.8,10.0,0.6,"achilles,ambari,assertj-core,httpcore,incubator-dubbo,java-websocket",10824,activiti,0.75,6,lower_weight_regularized,2.0,3,10.0,5.0,0.8,0.8,10.0
0.65,10702,7,84,31,0.8157894736842105,0.26956521739130435,0.4052287581699347,lower_weight_regularized,2.0,3,10.0,5.0,0.8,0.8,10.0,0.65,"achilles,ambari,assertj-core,httpcore,incubator-dubbo,java-websocket",10824,activiti,0.75,6,lower_weight_regularized,2.0,3,10.0,5.0,0.8,0.8,10.0
0.7,10702,7,84,31,0.8157894736842105,0.26956521739130435,0.4052287581699347,lower_weight_regularized,2.0,3,10.0,5.0,0.8,0.8,10.0,0.7,"achilles,ambari,assertj-core,httpcore,incubator-dubbo,java-websocket",10824,activiti,0.75,6,lower_weight_regularized,2.0,3,10.0,5.0,0.8,0.8,10.0
0.75,10704,5,84,31,0.8611111111111112,0.26956521739130435,0.4105960264900662,lower_weight_regularized,2.0,3,10.0,5.0,0.8,0.8,10.0,0.75,"achilles,ambari,assertj-core,httpcore,incubator-dubbo,java-websocket",10824,activiti,0.75,6,lower_weight_regularized,2.0,3,10.0,5.0,0.8,0.8,10.0
0.8,10704,5,91,24,0.8275862068965517,0.20869565217391303,0.3333333333333333,lower_weight_regularized,2.0,3,10.0,5.0,0.8,0.8,10.0,0.8,"achilles,ambari,assertj-core,httpcore,incubator-dubbo,java-websocket",10824,activiti,0.75,6,lower_weight_regularized,2.0,3,10.0,5.0,0.8,0.8,10.0
0.85,10705,4,91,24,0.8571428571428571,0.20869565217391303,0.3356643356643356,lower_weight_regularized,2.0,3,10.0,5.0,0.8,0.8,10.0,0.85,"achilles,ambari,assertj-core,httpcore,incubator-dubbo,java-websocket",10824,activiti,0.75,6,lower_weight_regularized,2.0,3,10.0,5.0,0.8,0.8,10.0
0.9,10705,4,92,23,0.8518518518518519,0.2,0.32394366197183105,lower_weight_regularized,2.0,3,10.0,5.0,0.8,0.8,10.0,0.9,"achilles,ambari,assertj-core,httpcore,incubator-dubbo,java-websocket",10824,activiti,0.75,6,lower_weight_regularized,2.0,3,10.0,5.0,0.8,0.8,10.0
0.3,10691,18,83,32,0.64,0.2782608695652174,0.3878787878787879,moderate_complexity,3.0,3,5.0,2.0,0.8,0.8,5.0,0.3,"achilles,ambari,assertj-core,httpcore,incubator-dubbo,java-websocket",10824,activiti,0.75,6,lower_weight_regularized,2.0,3,10.0,5.0,0.8,0.8,10.0
0.35,10694,15,84,31,0.6739130434782609,0.26956521739130435,0.38509316770186336,moderate_complexity,3.0,3,5.0,2.0,0.8,0.8,5.0,0.35,"achilles,ambari,assertj-core,httpcore,incubator-dubbo,java-websocket",10824,activiti,0.75,6,lower_weight_regularized,2.0,3,10.0,5.0,0.8,0.8,10.0
0.4,10694,15,84,31,0.6739130434782609,0.26956521739130435,0.38509316770186336,moderate_complexity,3.0,3,5.0,2.0,0.8,0.8,5.0,0.4,"achilles,ambari,assertj-core,httpcore,incubator-dubbo,java-websocket",10824,activiti,0.75,6,lower_weight_regularized,2.0,3,10.0,5.0,0.8,0.8,10.0
0.45,10696,13,84,31,0.7045454545454546,0.26956521739130435,0.389937106918239,moderate_complexity,3.0,3,5.0,2.0,0.8,0.8,5.0,0.45,"achilles,ambari,assertj-core,httpcore,incubator-dubbo,java-websocket",10824,activiti,0.75,6,lower_weight_regularized,2.0,3,10.0,5.0,0.8,0.8,10.0
0.5,10698,11,84,31,0.7380952380952381,0.26956521739130435,0.39490445859872614,moderate_complexity,3.0,3,5.0,2.0,0.8,0.8,5.0,0.5,"achilles,ambari,assertj-core,httpcore,incubator-dubbo,java-websocket",10824,activiti,0.75,6,lower_weight_regularized,2.0,3,10.0,5.0,0.8,0.8,10.0
0.55,10699,10,84,31,0.7560975609756098,0.26956521739130435,0.39743589743589747,moderate_complexity,3.0,3,5.0,2.0,0.8,0.8,5.0,0.55,"achilles,ambari,assertj-core,httpcore,incubator-dubbo,java-websocket",10824,activiti,0.75,6,lower_weight_regularized,2.0,3,10.0,5.0,0.8,0.8,10.0
0.6,10700,9,84,31,0.775,0.26956521739130435,0.39999999999999997,moderate_complexity,3.0,3,5.0,2.0,0.8,0.8,5.0,0.6,"achilles,ambari,assertj-core,httpcore,incubator-dubbo,java-websocket",10824,activiti,0.75,6,lower_weight_regularized,2.0,3,10.0,5.0,0.8,0.8,10.0
0.65,10701,8,84,31,0.7948717948717948,0.26956521739130435,0.40259740259740256,moderate_complexity,3.0,3,5.0,2.0,0.8,0.8,5.0,0.65,"achilles,ambari,assertj-core,httpcore,incubator-dubbo,java-websocket",10824,activiti,0.75,6,lower_weight_regularized,2.0,3,10.0,5.0,0.8,0.8,10.0
0.7,10703,6,84,31,0.8378378378378378,0.26956521739130435,0.40789473684210525,moderate_complexity,3.0,3,5.0,2.0,0.8,0.8,5.0,0.7,"achilles,ambari,assertj-core,httpcore,incubator-dubbo,java-websocket",10824,activiti,0.75,6,lower_weight_regularized,2.0,3,10.0,5.0,0.8,0.8,10.0
0.75,10704,5,85,30,0.8571428571428571,0.2608695652173913,0.4,moderate_complexity,3.0,3,5.0,2.0,0.8,0.8,5.0,0.75,"achilles,ambari,assertj-core,httpcore,incubator-dubbo,java-websocket",10824,activiti,0.75,6,lower_weight_regularized,2.0,3,10.0,5.0,0.8,0.8,10.0
0.8,10705,4,85,30,0.8823529411764706,0.2608695652173913,0.40268456375838924,moderate_complexity,3.0,3,5.0,2.0,0.8,0.8,5.0,0.8,"achilles,ambari,assertj-core,httpcore,incubator-dubbo,java-websocket",10824,activiti,0.75,6,lower_weight_regularized,2.0,3,10.0,5.0,0.8,0.8,10.0
0.85,10705,4,85,30,0.8823529411764706,0.2608695652173913,0.40268456375838924,moderate_complexity,3.0,3,5.0,2.0,0.8,0.8,5.0,0.85,"achilles,ambari,assertj-core,httpcore,incubator-dubbo,java-websocket",10824,activiti,0.75,6,lower_weight_regularized,2.0,3,10.0,5.0,0.8,0.8,10.0
0.9,10705,4,85,30,0.8823529411764706,0.2608695652173913,0.40268456375838924,moderate_complexity,3.0,3,5.0,2.0,0.8,0.8,5.0,0.9,"achilles,ambari,assertj-core,httpcore,incubator-dubbo,java-websocket",10824,activiti,0.75,6,lower_weight_regularized,2.0,3,10.0,5.0,0.8,0.8,10.0
0.3,10694,15,83,32,0.6808510638297872,0.2782608695652174,0.3950617283950617,deeper_regularized,3.0,4,5.0,1.0,0.8,0.8,5.0,0.3,"achilles,ambari,assertj-core,httpcore,incubator-dubbo,java-websocket",10824,activiti,0.75,6,lower_weight_regularized,2.0,3,10.0,5.0,0.8,0.8,10.0
0.35,10695,14,83,32,0.6956521739130435,0.2782608695652174,0.3975155279503106,deeper_regularized,3.0,4,5.0,1.0,0.8,0.8,5.0,0.35,"achilles,ambari,assertj-core,httpcore,incubator-dubbo,java-websocket",10824,activiti,0.75,6,lower_weight_regularized,2.0,3,10.0,5.0,0.8,0.8,10.0
0.4,10696,13,84,31,0.7045454545454546,0.26956521739130435,0.389937106918239,deeper_regularized,3.0,4,5.0,1.0,0.8,0.8,5.0,0.4,"achilles,ambari,assertj-core,httpcore,incubator-dubbo,java-websocket",10824,activiti,0.75,6,lower_weight_regularized,2.0,3,10.0,5.0,0.8,0.8,10.0
0.45,10697,12,84,31,0.7209302325581395,0.26956521739130435,0.3924050632911392,deeper_regularized,3.0,4,5.0,1.0,0.8,0.8,5.0,0.45,"achilles,ambari,assertj-core,httpcore,incubator-dubbo,java-websocket",10824,activiti,0.75,6,lower_weight_regularized,2.0,3,10.0,5.0,0.8,0.8,10.0
0.5,10700,9,84,31,0.775,0.26956521739130435,0.39999999999999997,deeper_regularized,3.0,4,5.0,1.0,0.8,0.8,5.0,0.5,"achilles,ambari,assertj-core,httpcore,incubator-dubbo,java-websocket",10824,activiti,0.75,6,lower_weight_regularized,2.0,3,10.0,5.0,0.8,0.8,10.0
0.55,10700,9,84,31,0.775,0.26956521739130435,0.39999999999999997,deeper_regularized,3.0,4,5.0,1.0,0.8,0.8,5.0,0.55,"achilles,ambari,assertj-core,httpcore,incubator-dubbo,java-websocket",10824,activiti,0.75,6,lower_weight_regularized,2.0,3,10.0,5.0,0.8,0.8,10.0
0.6,10700,9,84,31,0.775,0.26956521739130435,0.39999999999999997,deeper_regularized,3.0,4,5.0,1.0,0.8,0.8,5.0,0.6,"achilles,ambari,assertj-core,httpcore,incubator-dubbo,java-websocket",10824,activiti,0.75,6,lower_weight_regularized,2.0,3,10.0,5.0,0.8,0.8,10.0
0.65,10701,8,84,31,0.7948717948717948,0.26956521739130435,0.40259740259740256,deeper_regularized,3.0,4,5.0,1.0,0.8,0.8,5.0,0.65,"achilles,ambari,assertj-core,httpcore,incubator-dubbo,java-websocket",10824,activiti,0.75,6,lower_weight_regularized,2.0,3,10.0,5.0,0.8,0.8,10.0
0.7,10703,6,85,30,0.8333333333333334,0.2608695652173913,0.3973509933774834,deeper_regularized,3.0,4,5.0,1.0,0.8,0.8,5.0,0.7,"achilles,ambari,assertj-core,httpcore,incubator-dubbo,java-websocket",10824,activiti,0.75,6,lower_weight_regularized,2.0,3,10.0,5.0,0.8,0.8,10.0
0.75,10704,5,87,28,0.8484848484848485,0.24347826086956523,0.3783783783783784,deeper_regularized,3.0,4,5.0,1.0,0.8,0.8,5.0,0.75,"achilles,ambari,assertj-core,httpcore,incubator-dubbo,java-websocket",10824,activiti,0.75,6,lower_weight_regularized,2.0,3,10.0,5.0,0.8,0.8,10.0
0.8,10705,4,91,24,0.8571428571428571,0.20869565217391303,0.3356643356643356,deeper_regularized,3.0,4,5.0,1.0,0.8,0.8,5.0,0.8,"achilles,ambari,assertj-core,httpcore,incubator-dubbo,java-websocket",10824,activiti,0.75,6,lower_weight_regularized,2.0,3,10.0,5.0,0.8,0.8,10.0
0.85,10705,4,91,24,0.8571428571428571,0.20869565217391303,0.3356643356643356,deeper_regularized,3.0,4,5.0,1.0,0.8,0.8,5.0,0.85,"achilles,ambari,assertj-core,httpcore,incubator-dubbo,java-websocket",10824,activiti,0.75,6,lower_weight_regularized,2.0,3,10.0,5.0,0.8,0.8,10.0
0.9,10705,4,91,24,0.8571428571428571,0.20869565217391303,0.3356643356643356,deeper_regularized,3.0,4,5.0,1.0,0.8,0.8,5.0,0.9,"achilles,ambari,assertj-core,httpcore,incubator-dubbo,java-websocket",10824,activiti,0.75,6,lower_weight_regularized,2.0,3,10.0,5.0,0.8,0.8,10.0
0.3,1682,440,119,103,0.18968692449355432,0.46396396396396394,0.269281045751634,reported_regularized,3.0,3,10.0,5.0,0.8,0.8,10.0,0.3,"elastic-job-lite,handlebars.java,hbase,hector,http-request,httpcore",2344,commons-exec,0.9,6,moderate_complexity,3.0,3,5.0,2.0,0.8,0.8,5.0
0.35,1705,417,134,88,0.17425742574257425,0.3963963963963964,0.2420907840440165,reported_regularized,3.0,3,10.0,5.0,0.8,0.8,10.0,0.35,"elastic-job-lite,handlebars.java,hbase,hector,http-request,httpcore",2344,commons-exec,0.9,6,moderate_complexity,3.0,3,5.0,2.0,0.8,0.8,5.0
0.4,1716,406,137,85,0.17311608961303462,0.38288288288288286,0.23842917251051896,reported_regularized,3.0,3,10.0,5.0,0.8,0.8,10.0,0.4,"elastic-job-lite,handlebars.java,hbase,hector,http-request,httpcore",2344,commons-exec,0.9,6,moderate_complexity,3.0,3,5.0,2.0,0.8,0.8,5.0
0.45,1727,395,142,80,0.16842105263157894,0.36036036036036034,0.22955523672883787,reported_regularized,3.0,3,10.0,5.0,0.8,0.8,10.0,0.45,"elastic-job-lite,handlebars.java,hbase,hector,http-request,httpcore",2344,commons-exec,0.9,6,moderate_complexity,3.0,3,5.0,2.0,0.8,0.8,5.0
0.5,1735,387,152,70,0.15317286652078774,0.3153153153153153,0.20618556701030924,reported_regularized,3.0,3,10.0,5.0,0.8,0.8,10.0,0.5,"elastic-job-lite,handlebars.java,hbase,hector,http-request,httpcore",2344,commons-exec,0.9,6,moderate_complexity,3.0,3,5.0,2.0,0.8,0.8,5.0
0.55,1739,383,159,63,0.1412556053811659,0.28378378378378377,0.18862275449101798,reported_regularized,3.0,3,10.0,5.0,0.8,0.8,10.0,0.55,"elastic-job-lite,handlebars.java,hbase,hector,http-request,httpcore",2344,commons-exec,0.9,6,moderate_complexity,3.0,3,5.0,2.0,0.8,0.8,5.0
0.6,1742,380,163,59,0.13439635535307518,0.26576576576576577,0.17851739788199697,reported_regularized,3.0,3,10.0,5.0,0.8,0.8,10.0,0.6,"elastic-job-lite,handlebars.java,hbase,hector,http-request,httpcore",2344,commons-exec,0.9,6,moderate_complexity,3.0,3,5.0,2.0,0.8,0.8,5.0
0.65,1745,377,171,51,0.1191588785046729,0.22972972972972974,0.15692307692307692,reported_regularized,3.0,3,10.0,5.0,0.8,0.8,10.0,0.65,"elastic-job-lite,handlebars.java,hbase,hector,http-request,httpcore",2344,commons-exec,0.9,6,moderate_complexity,3.0,3,5.0,2.0,0.8,0.8,5.0
0.7,1749,373,173,49,0.11611374407582939,0.22072072072072071,0.15217391304347827,reported_regularized,3.0,3,10.0,5.0,0.8,0.8,10.0,0.7,"elastic-job-lite,handlebars.java,hbase,hector,http-request,httpcore",2344,commons-exec,0.9,6,moderate_complexity,3.0,3,5.0,2.0,0.8,0.8,5.0
0.75,1751,371,173,49,0.11666666666666667,0.22072072072072071,0.1526479750778816,reported_regularized,3.0,3,10.0,5.0,0.8,0.8,10.0,0.75,"elastic-job-lite,handlebars.java,hbase,hector,http-request,httpcore",2344,commons-exec,0.9,6,moderate_complexity,3.0,3,5.0,2.0,0.8,0.8,5.0
0.8,1756,366,178,44,0.1073170731707317,0.1981981981981982,0.13924050632911392,reported_regularized,3.0,3,10.0,5.0,0.8,0.8,10.0,0.8,"elastic-job-lite,handlebars.java,hbase,hector,http-request,httpcore",2344,commons-exec,0.9,6,moderate_complexity,3.0,3,5.0,2.0,0.8,0.8,5.0
0.85,1781,341,180,42,0.10966057441253264,0.1891891891891892,0.13884297520661157,reported_regularized,3.0,3,10.0,5.0,0.8,0.8,10.0,0.85,"elastic-job-lite,handlebars.java,hbase,hector,http-request,httpcore",2344,commons-exec,0.9,6,moderate_complexity,3.0,3,5.0,2.0,0.8,0.8,5.0
0.9,1917,205,184,38,0.15637860082304528,0.17117117117117117,0.16344086021505377,reported_regularized,3.0,3,10.0,5.0,0.8,0.8,10.0,0.9,"elastic-job-lite,handlebars.java,hbase,hector,http-request,httpcore",2344,commons-exec,0.9,6,moderate_complexity,3.0,3,5.0,2.0,0.8,0.8,5.0
0.3,1725,397,129,93,0.18979591836734694,0.4189189189189189,0.2612359550561798,shallower_conservative,2.0,2,15.0,5.0,0.8,0.8,10.0,0.3,"elastic-job-lite,handlebars.java,hbase,hector,http-request,httpcore",2344,commons-exec,0.9,6,moderate_complexity,3.0,3,5.0,2.0,0.8,0.8,5.0
0.35,1731,391,130,92,0.19047619047619047,0.4144144144144144,0.26099290780141843,shallower_conservative,2.0,2,15.0,5.0,0.8,0.8,10.0,0.35,"elastic-job-lite,handlebars.java,hbase,hector,http-request,httpcore",2344,commons-exec,0.9,6,moderate_complexity,3.0,3,5.0,2.0,0.8,0.8,5.0
0.4,1735,387,143,79,0.16952789699570817,0.35585585585585583,0.22965116279069767,shallower_conservative,2.0,2,15.0,5.0,0.8,0.8,10.0,0.4,"elastic-job-lite,handlebars.java,hbase,hector,http-request,httpcore",2344,commons-exec,0.9,6,moderate_complexity,3.0,3,5.0,2.0,0.8,0.8,5.0
0.45,1735,387,155,67,0.14757709251101322,0.30180180180180183,0.19822485207100593,shallower_conservative,2.0,2,15.0,5.0,0.8,0.8,10.0,0.45,"elastic-job-lite,handlebars.java,hbase,hector,http-request,httpcore",2344,commons-exec,0.9,6,moderate_complexity,3.0,3,5.0,2.0,0.8,0.8,5.0
0.5,1737,385,157,65,0.14444444444444443,0.2927927927927928,0.19345238095238093,shallower_conservative,2.0,2,15.0,5.0,0.8,0.8,10.0,0.5,"elastic-job-lite,handlebars.java,hbase,hector,http-request,httpcore",2344,commons-exec,0.9,6,moderate_complexity,3.0,3,5.0,2.0,0.8,0.8,5.0
0.55,1743,379,162,60,0.1366742596810934,0.2702702702702703,0.18154311649016644,shallower_conservative,2.0,2,15.0,5.0,0.8,0.8,10.0,0.55,"elastic-job-lite,handlebars.java,hbase,hector,http-request,httpcore",2344,commons-exec,0.9,6,moderate_complexity,3.0,3,5.0,2.0,0.8,0.8,5.0
0.6,1746,376,171,51,0.11943793911007025,0.22972972972972974,0.15716486902927582,shallower_conservative,2.0,2,15.0,5.0,0.8,0.8,10.0,0.6,"elastic-job-lite,handlebars.java,hbase,hector,http-request,httpcore",2344,commons-exec,0.9,6,moderate_complexity,3.0,3,5.0,2.0,0.8,0.8,5.0
0.65,1753,369,172,50,0.11933174224343675,0.22522522522522523,0.15600624024960996,shallower_conservative,2.0,2,15.0,5.0,0.8,0.8,10.0,0.65,"elastic-job-lite,handlebars.java,hbase,hector,http-request,httpcore",2344,commons-exec,0.9,6,moderate_complexity,3.0,3,5.0,2.0,0.8,0.8,5.0
0.7,1755,367,175,47,0.11352657004830918,0.21171171171171171,0.14779874213836477,shallower_conservative,2.0,2,15.0,5.0,0.8,0.8,10.0,0.7,"elastic-job-lite,handlebars.java,hbase,hector,http-request,httpcore",2344,commons-exec,0.9,6,moderate_complexity,3.0,3,5.0,2.0,0.8,0.8,5.0
0.75,1757,365,177,45,0.10975609756097561,0.20270270270270271,0.14240506329113922,shallower_conservative,2.0,2,15.0,5.0,0.8,0.8,10.0,0.75,"elastic-job-lite,handlebars.java,hbase,hector,http-request,httpcore",2344,commons-exec,0.9,6,moderate_complexity,3.0,3,5.0,2.0,0.8,0.8,5.0
0.8,1770,352,178,44,0.1111111111111111,0.1981981981981982,0.1423948220064725,shallower_conservative,2.0,2,15.0,5.0,0.8,0.8,10.0,0.8,"elastic-job-lite,handlebars.java,hbase,hector,http-request,httpcore",2344,commons-exec,0.9,6,moderate_complexity,3.0,3,5.0,2.0,0.8,0.8,5.0
0.85,1902,220,182,40,0.15384615384615385,0.18018018018018017,0.16597510373443983,shallower_conservative,2.0,2,15.0,5.0,0.8,0.8,10.0,0.85,"elastic-job-lite,handlebars.java,hbase,hector,http-request,httpcore",2344,commons-exec,0.9,6,moderate_complexity,3.0,3,5.0,2.0,0.8,0.8,5.0
0.9,1990,132,187,35,0.20958083832335328,0.15765765765765766,0.17994858611825193,shallower_conservative,2.0,2,15.0,5.0,0.8,0.8,10.0,0.9,"elastic-job-lite,handlebars.java,hbase,hector,http-request,httpcore",2344,commons-exec,0.9,6,moderate_complexity,3.0,3,5.0,2.0,0.8,0.8,5.0
0.3,1735,387,159,63,0.14,0.28378378378378377,0.18750000000000003,lower_weight_regularized,2.0,3,10.0,5.0,0.8,0.8,10.0,0.3,"elastic-job-lite,handlebars.java,hbase,hector,http-request,httpcore",2344,commons-exec,0.9,6,moderate_complexity,3.0,3,5.0,2.0,0.8,0.8,5.0
0.35,1738,384,166,56,0.12727272727272726,0.25225225225225223,0.1691842900302115,lower_weight_regularized,2.0,3,10.0,5.0,0.8,0.8,10.0,0.35,"elastic-job-lite,handlebars.java,hbase,hector,http-request,httpcore",2344,commons-exec,0.9,6,moderate_complexity,3.0,3,5.0,2.0,0.8,0.8,5.0
0.4,1738,384,169,53,0.12128146453089245,0.23873873873873874,0.1608497723823976,lower_weight_regularized,2.0,3,10.0,5.0,0.8,0.8,10.0,0.4,"elastic-job-lite,handlebars.java,hbase,hector,http-request,httpcore",2344,commons-exec,0.9,6,moderate_complexity,3.0,3,5.0,2.0,0.8,0.8,5.0
0.45,1741,381,171,51,0.11805555555555555,0.22972972972972974,0.15596330275229356,lower_weight_regularized,2.0,3,10.0,5.0,0.8,0.8,10.0,0.45,"elastic-job-lite,handlebars.java,hbase,hector,http-request,httpcore",2344,commons-exec,0.9,6,moderate_complexity,3.0,3,5.0,2.0,0.8,0.8,5.0
0.5,1744,378,172,50,0.11682242990654206,0.22522522522522523,0.15384615384615385,lower_weight_regularized,2.0,3,10.0,5.0,0.8,0.8,10.0,0.5,"elastic-job-lite,handlebars.java,hbase,hector,http-request,httpcore",2344,commons-exec,0.9,6,moderate_complexity,3.0,3,5.0,2.0,0.8,0.8,5.0
0.55,1752,370,173,49,0.11694510739856802,0.22072072072072071,0.15288611544461778,lower_weight_regularized,2.0,3,10.0,5.0,0.8,0.8,10.0,0.55,"elastic-job-lite,handlebars.java,hbase,hector,http-request,httpcore",2344,commons-exec,0.9,6,moderate_complexity,3.0,3,5.0,2.0,0.8,0.8,5.0
0.6,1754,368,175,47,0.11325301204819277,0.21171171171171171,0.14756671899529042,lower_weight_regularized,2.0,3,10.0,5.0,0.8,0.8,10.0,0.6,"elastic-job-lite,handlebars.java,hbase,hector,http-request,httpcore",2344,commons-exec,0.9,6,moderate_complexity,3.0,3,5.0,2.0,0.8,0.8,5.0
0.65,1762,360,179,43,0.10669975186104218,0.19369369369369369,0.1376,lower_weight_regularized,2.0,3,10.0,5.0,0.8,0.8,10.0,0.65,"elastic-job-lite,handlebars.java,hbase,hector,http-request,httpcore",2344,commons-exec,0.9,6,moderate_complexity,3.0,3,5.0,2.0,0.8,0.8,5.0
0.7,1769,353,181,41,0.10406091370558376,0.18468468468468469,0.1331168831168831,lower_weight_regularized,2.0,3,10.0,5.0,0.8,0.8,10.0,0.7,"elastic-job-lite,handlebars.java,hbase,hector,http-request,httpcore",2344,commons-exec,0.9,6,moderate_complexity,3.0,3,5.0,2.0,0.8,0.8,5.0
0.75,1788,334,185,37,0.09973045822102426,0.16666666666666666,0.12478920741989881,lower_weight_regularized,2.0,3,10.0,5.0,0.8,0.8,10.0,0.75,"elastic-job-lite,handlebars.java,hbase,hector,http-request,httpcore",2344,commons-exec,0.9,6,moderate_complexity,3.0,3,5.0,2.0,0.8,0.8,5.0
0.8,1870,252,185,37,0.12802768166089964,0.16666666666666666,0.14481409001956946,lower_weight_regularized,2.0,3,10.0,5.0,0.8,0.8,10.0,0.8,"elastic-job-lite,handlebars.java,hbase,hector,http-request,httpcore",2344,commons-exec,0.9,6,moderate_complexity,3.0,3,5.0,2.0,0.8,0.8,5.0
0.85,1888,234,186,36,0.13333333333333333,0.16216216216216217,0.14634146341463417,lower_weight_regularized,2.0,3,10.0,5.0,0.8,0.8,10.0,0.85,"elastic-job-lite,handlebars.java,hbase,hector,http-request,httpcore",2344,commons-exec,0.9,6,moderate_complexity,3.0,3,5.0,2.0,0.8,0.8,5.0
0.9,1971,151,186,36,0.1925133689839572,0.16216216216216217,0.17603911980440098,lower_weight_regularized,2.0,3,10.0,5.0,0.8,0.8,10.0,0.9,"elastic-job-lite,handlebars.java,hbase,hector,http-request,httpcore",2344,commons-exec,0.9,6,moderate_complexity,3.0,3,5.0,2.0,0.8,0.8,5.0
0.3,1701,421,139,83,0.16468253968253968,0.3738738738738739,0.2286501377410468,moderate_complexity,3.0,3,5.0,2.0,0.8,0.8,5.0,0.3,"elastic-job-lite,handlebars.java,hbase,hector,http-request,httpcore",2344,commons-exec,0.9,6,moderate_complexity,3.0,3,5.0,2.0,0.8,0.8,5.0
0.35,1718,404,147,75,0.15657620041753653,0.33783783783783783,0.2139800285306705,moderate_complexity,3.0,3,5.0,2.0,0.8,0.8,5.0,0.35,"elastic-job-lite,handlebars.java,hbase,hector,http-request,httpcore",2344,commons-exec,0.9,6,moderate_complexity,3.0,3,5.0,2.0,0.8,0.8,5.0
0.4,1736,386,151,71,0.15536105032822758,0.31981981981981983,0.20913107511045656,moderate_complexity,3.0,3,5.0,2.0,0.8,0.8,5.0,0.4,"elastic-job-lite,handlebars.java,hbase,hector,http-request,httpcore",2344,commons-exec,0.9,6,moderate_complexity,3.0,3,5.0,2.0,0.8,0.8,5.0
0.45,1788,334,156,66,0.165,0.2972972972972973,0.2122186495176849,moderate_complexity,3.0,3,5.0,2.0,0.8,0.8,5.0,0.45,"elastic-job-lite,handlebars.java,hbase,hector,http-request,httpcore",2344,commons-exec,0.9,6,moderate_complexity,3.0,3,5.0,2.0,0.8,0.8,5.0
0.5,1817,305,160,62,0.16893732970027248,0.27927927927927926,0.2105263157894737,moderate_complexity,3.0,3,5.0,2.0,0.8,0.8,5.0,0.5,"elastic-job-lite,handlebars.java,hbase,hector,http-request,httpcore",2344,commons-exec,0.9,6,moderate_complexity,3.0,3,5.0,2.0,0.8,0.8,5.0
0.55,1824,298,163,59,0.16526610644257703,0.26576576576576577,0.20379965457685664,moderate_complexity,3.0,3,5.0,2.0,0.8,0.8,5.0,0.55,"elastic-job-lite,handlebars.java,hbase,hector,http-request,httpcore",2344,commons-exec,0.9,6,moderate_complexity,3.0,3,5.0,2.0,0.8,0.8,5.0
0.6,1835,287,165,57,0.16569767441860464,0.25675675675675674,0.20141342756183742,moderate_complexity,3.0,3,5.0,2.0,0.8,0.8,5.0,0.6,"elastic-job-lite,handlebars.java,hbase,hector,http-request,httpcore",2344,commons-exec,0.9,6,moderate_complexity,3.0,3,5.0,2.0,0.8,0.8,5.0
0.65,1856,266,166,56,0.17391304347826086,0.25225225225225223,0.20588235294117646,moderate_complexity,3.0,3,5.0,2.0,0.8,0.8,5.0,0.65,"elastic-job-lite,handlebars.java,hbase,hector,http-request,httpcore",2344,commons-exec,0.9,6,moderate_complexity,3.0,3,5.0,2.0,0.8,0.8,5.0
0.7,1871,251,168,54,0.17704918032786884,0.24324324324324326,0.2049335863377609,moderate_complexity,3.0,3,5.0,2.0,0.8,0.8,5.0,0.7,"elastic-job-lite,handlebars.java,hbase,hector,http-request,httpcore",2344,commons-exec,0.9,6,moderate_complexity,3.0,3,5.0,2.0,0.8,0.8,5.0
0.75,1891,231,170,52,0.18374558303886926,0.23423423423423423,0.20594059405940593,moderate_complexity,3.0,3,5.0,2.0,0.8,0.8,5.0,0.75,"elastic-job-lite,handlebars.java,hbase,hector,http-request,httpcore",2344,commons-exec,0.9,6,moderate_complexity,3.0,3,5.0,2.0,0.8,0.8,5.0
0.8,1960,162,172,50,0.2358490566037736,0.22522522522522523,0.2304147465437788,moderate_complexity,3.0,3,5.0,2.0,0.8,0.8,5.0,0.8,"elastic-job-lite,handlebars.java,hbase,hector,http-request,httpcore",2344,commons-exec,0.9,6,moderate_complexity,3.0,3,5.0,2.0,0.8,0.8,5.0
0.85,2051,71,174,48,0.40336134453781514,0.21621621621621623,0.28152492668621704,moderate_complexity,3.0,3,5.0,2.0,0.8,0.8,5.0,0.85,"elastic-job-lite,handlebars.java,hbase,hector,http-request,httpcore",2344,commons-exec,0.9,6,moderate_complexity,3.0,3,5.0,2.0,0.8,0.8,5.0
0.9,2100,22,180,42,0.65625,0.1891891891891892,0.2937062937062937,moderate_complexity,3.0,3,5.0,2.0,0.8,0.8,5.0,0.9,"elastic-job-lite,handlebars.java,hbase,hector,http-request,httpcore",2344,commons-exec,0.9,6,moderate_complexity,3.0,3,5.0,2.0,0.8,0.8,5.0
0.3,1665,457,154,68,0.1295238095238095,0.3063063063063063,0.18206157965194109,deeper_regularized,3.0,4,5.0,1.0,0.8,0.8,5.0,0.3,"elastic-job-lite,handlebars.java,hbase,hector,http-request,httpcore",2344,commons-exec,0.9,6,moderate_complexity,3.0,3,5.0,2.0,0.8,0.8,5.0
0.35,1703,419,159,63,0.13070539419087138,0.28378378378378377,0.17897727272727273,deeper_regularized,3.0,4,5.0,1.0,0.8,0.8,5.0,0.35,"elastic-job-lite,handlebars.java,hbase,hector,http-request,httpcore",2344,commons-exec,0.9,6,moderate_complexity,3.0,3,5.0,2.0,0.8,0.8,5.0
0.4,1719,403,159,63,0.1351931330472103,0.28378378378378377,0.18313953488372092,deeper_regularized,3.0,4,5.0,1.0,0.8,0.8,5.0,0.4,"elastic-job-lite,handlebars.java,hbase,hector,http-request,httpcore",2344,commons-exec,0.9,6,moderate_complexity,3.0,3,5.0,2.0,0.8,0.8,5.0
0.45,1729,393,161,61,0.1343612334801762,0.2747747747747748,0.1804733727810651,deeper_regularized,3.0,4,5.0,1.0,0.8,0.8,5.0,0.45,"elastic-job-lite,handlebars.java,hbase,hector,http-request,httpcore",2344,commons-exec,0.9,6,moderate_complexity,3.0,3,5.0,2.0,0.8,0.8,5.0
0.5,1750,372,162,60,0.1388888888888889,0.2702702702702703,0.18348623853211007,deeper_regularized,3.0,4,5.0,1.0,0.8,0.8,5.0,0.5,"elastic-job-lite,handlebars.java,hbase,hector,http-request,httpcore",2344,commons-exec,0.9,6,moderate_complexity,3.0,3,5.0,2.0,0.8,0.8,5.0
0.55,1770,352,163,59,0.1435523114355231,0.26576576576576577,0.18641390205371247,deeper_regularized,3.0,4,5.0,1.0,0.8,0.8,5.0,0.55,"elastic-job-lite,handlebars.java,hbase,hector,http-request,httpcore",2344,commons-exec,0.9,6,moderate_complexity,3.0,3,5.0,2.0,0.8,0.8,5.0
0.6,1797,325,167,55,0.14473684210526316,0.24774774774774774,0.18272425249169433,deeper_regularized,3.0,4,5.0,1.0,0.8,0.8,5.0,0.6,"elastic-job-lite,handlebars.java,hbase,hector,http-request,httpcore",2344,commons-exec,0.9,6,moderate_complexity,3.0,3,5.0,2.0,0.8,0.8,5.0
0.65,1824,298,168,54,0.1534090909090909,0.24324324324324326,0.18815331010452963,deeper_regularized,3.0,4,5.0,1.0,0.8,0.8,5.0,0.65,"elastic-job-lite,handlebars.java,hbase,hector,http-request,httpcore",2344,commons-exec,0.9,6,moderate_complexity,3.0,3,5.0,2.0,0.8,0.8,5.0
0.7,1848,274,168,54,0.16463414634146342,0.24324324324324326,0.19636363636363638,deeper_regularized,3.0,4,5.0,1.0,0.8,0.8,5.0,0.7,"elastic-job-lite,handlebars.java,hbase,hector,http-request,httpcore",2344,commons-exec,0.9,6,moderate_complexity,3.0,3,5.0,2.0,0.8,0.8,5.0
0.75,1861,261,170,52,0.16613418530351437,0.23423423423423423,0.19439252336448598,deeper_regularized,3.0,4,5.0,1.0,0.8,0.8,5.0,0.75,"elastic-job-lite,handlebars.java,hbase,hector,http-request,httpcore",2344,commons-exec,0.9,6,moderate_complexity,3.0,3,5.0,2.0,0.8,0.8,5.0
0.8,1877,245,173,49,0.16666666666666666,0.22072072072072071,0.18992248062015502,deeper_regularized,3.0,4,5.0,1.0,0.8,0.8,5.0,0.8,"elastic-job-lite,handlebars.java,hbase,hector,http-request,httpcore",2344,commons-exec,0.9,6,moderate_complexity,3.0,3,5.0,2.0,0.8,0.8,5.0
0.85,1968,154,178,44,0.2222222222222222,0.1981981981981982,0.20952380952380953,deeper_regularized,3.0,4,5.0,1.0,0.8,0.8,5.0,0.85,"elastic-job-lite,handlebars.java,hbase,hector,http-request,httpcore",2344,commons-exec,0.9,6,moderate_complexity,3.0,3,5.0,2.0,0.8,0.8,5.0
0.9,2081,41,184,38,0.4810126582278481,0.17117117117117117,0.25249169435215946,deeper_regularized,3.0,4,5.0,1.0,0.8,0.8,5.0,0.9,"elastic-job-lite,handlebars.java,hbase,hector,http-request,httpcore",2344,commons-exec,0.9,6,moderate_complexity,3.0,3,5.0,2.0,0.8,0.8,5.0
0.3,5936,49,102,21,0.3,0.17073170731707318,0.21761658031088085,reported_regularized,3.0,3,10.0,5.0,0.8,0.8,10.0,0.3,"activiti,ambari,elastic-job-lite,handlebars.java,httpcore,incubator-dubbo",6108,assertj-core,0.35,6,moderate_complexity,3.0,3,5.0,2.0,0.8,0.8,5.0
0.35,5941,44,102,21,0.3230769230769231,0.17073170731707318,0.22340425531914898,reported_regularized,3.0,3,10.0,5.0,0.8,0.8,10.0,0.35,"activiti,ambari,elastic-job-lite,handlebars.java,httpcore,incubator-dubbo",6108,assertj-core,0.35,6,moderate_complexity,3.0,3,5.0,2.0,0.8,0.8,5.0
0.4,5944,41,102,21,0.3387096774193548,0.17073170731707318,0.22702702702702704,reported_regularized,3.0,3,10.0,5.0,0.8,0.8,10.0,0.4,"activiti,ambari,elastic-job-lite,handlebars.java,httpcore,incubator-dubbo",6108,assertj-core,0.35,6,moderate_complexity,3.0,3,5.0,2.0,0.8,0.8,5.0
0.45,5946,39,104,19,0.3275862068965517,0.15447154471544716,0.2099447513812155,reported_regularized,3.0,3,10.0,5.0,0.8,0.8,10.0,0.45,"activiti,ambari,elastic-job-lite,handlebars.java,httpcore,incubator-dubbo",6108,assertj-core,0.35,6,moderate_complexity,3.0,3,5.0,2.0,0.8,0.8,5.0
0.5,5946,39,105,18,0.3157894736842105,0.14634146341463414,0.19999999999999998,reported_regularized,3.0,3,10.0,5.0,0.8,0.8,10.0,0.5,"activiti,ambari,elastic-job-lite,handlebars.java,httpcore,incubator-dubbo",6108,assertj-core,0.35,6,moderate_complexity,3.0,3,5.0,2.0,0.8,0.8,5.0
0.55,5947,38,105,18,0.32142857142857145,0.14634146341463414,0.2011173184357542,reported_regularized,3.0,3,10.0,5.0,0.8,0.8,10.0,0.55,"activiti,ambari,elastic-job-lite,handlebars.java,httpcore,incubator-dubbo",6108,assertj-core,0.35,6,moderate_complexity,3.0,3,5.0,2.0,0.8,0.8,5.0
0.6,5947,38,107,16,0.2962962962962963,0.13008130081300814,0.1807909604519774,reported_regularized,3.0,3,10.0,5.0,0.8,0.8,10.0,0.6,"activiti,ambari,elastic-job-lite,handlebars.java,httpcore,incubator-dubbo",6108,assertj-core,0.35,6,moderate_complexity,3.0,3,5.0,2.0,0.8,0.8,5.0
0.65,5949,36,107,16,0.3076923076923077,0.13008130081300814,0.18285714285714286,reported_regularized,3.0,3,10.0,5.0,0.8,0.8,10.0,0.65,"activiti,ambari,elastic-job-lite,handlebars.java,httpcore,incubator-dubbo",6108,assertj-core,0.35,6,moderate_complexity,3.0,3,5.0,2.0,0.8,0.8,5.0
0.7,5956,29,107,16,0.35555555555555557,0.13008130081300814,0.19047619047619052,reported_regularized,3.0,3,10.0,5.0,0.8,0.8,10.0,0.7,"activiti,ambari,elastic-job-lite,handlebars.java,httpcore,incubator-dubbo",6108,assertj-core,0.35,6,moderate_complexity,3.0,3,5.0,2.0,0.8,0.8,5.0
0.75,5960,25,108,15,0.375,0.12195121951219512,0.18404907975460122,reported_regularized,3.0,3,10.0,5.0,0.8,0.8,10.0,0.75,"activiti,ambari,elastic-job-lite,handlebars.java,httpcore,incubator-dubbo",6108,assertj-core,0.35,6,moderate_complexity,3.0,3,5.0,2.0,0.8,0.8,5.0
0.8,5964,21,112,11,0.34375,0.08943089430894309,0.14193548387096774,reported_regularized,3.0,3,10.0,5.0,0.8,0.8,10.0,0.8,"activiti,ambari,elastic-job-lite,handlebars.java,httpcore,incubator-dubbo",6108,assertj-core,0.35,6,moderate_complexity,3.0,3,5.0,2.0,0.8,0.8,5.0
0.85,5965,20,113,10,0.3333333333333333,0.08130081300813008,0.13071895424836602,reported_regularized,3.0,3,10.0,5.0,0.8,0.8,10.0,0.85,"activiti,ambari,elastic-job-lite,handlebars.java,httpcore,incubator-dubbo",6108,assertj-core,0.35,6,moderate_complexity,3.0,3,5.0,2.0,0.8,0.8,5.0
0.9,5973,12,116,7,0.3684210526315789,0.056910569105691054,0.09859154929577464,reported_regularized,3.0,3,10.0,5.0,0.8,0.8,10.0,0.9,"activiti,ambari,elastic-job-lite,handlebars.java,httpcore,incubator-dubbo",6108,assertj-core,0.35,6,moderate_complexity,3.0,3,5.0,2.0,0.8,0.8,5.0
0.3,5931,54,103,20,0.2702702702702703,0.16260162601626016,0.20304568527918782,shallower_conservative,2.0,2,15.0,5.0,0.8,0.8,10.0,0.3,"activiti,ambari,elastic-job-lite,handlebars.java,httpcore,incubator-dubbo",6108,assertj-core,0.35,6,moderate_complexity,3.0,3,5.0,2.0,0.8,0.8,5.0
0.35,5937,48,103,20,0.29411764705882354,0.16260162601626016,0.2094240837696335,shallower_conservative,2.0,2,15.0,5.0,0.8,0.8,10.0,0.35,"activiti,ambari,elastic-job-lite,handlebars.java,httpcore,incubator-dubbo",6108,assertj-core,0.35,6,moderate_complexity,3.0,3,5.0,2.0,0.8,0.8,5.0
0.4,5942,43,103,20,0.31746031746031744,0.16260162601626016,0.21505376344086022,shallower_conservative,2.0,2,15.0,5.0,0.8,0.8,10.0,0.4,"activiti,ambari,elastic-job-lite,handlebars.java,httpcore,incubator-dubbo",6108,assertj-core,0.35,6,moderate_complexity,3.0,3,5.0,2.0,0.8,0.8,5.0
0.45,5944,41,104,19,0.31666666666666665,0.15447154471544716,0.20765027322404372,shallower_conservative,2.0,2,15.0,5.0,0.8,0.8,10.0,0.45,"activiti,ambari,elastic-job-lite,handlebars.java,httpcore,incubator-dubbo",6108,assertj-core,0.35,6,moderate_complexity,3.0,3,5.0,2.0,0.8,0.8,5.0
0.5,5950,35,105,18,0.33962264150943394,0.14634146341463414,0.20454545454545456,shallower_conservative,2.0,2,15.0,5.0,0.8,0.8,10.0,0.5,"activiti,ambari,elastic-job-lite,handlebars.java,httpcore,incubator-dubbo",6108,assertj-core,0.35,6,moderate_complexity,3.0,3,5.0,2.0,0.8,0.8,5.0
0.55,5951,34,107,16,0.32,0.13008130081300814,0.184971098265896,shallower_conservative,2.0,2,15.0,5.0,0.8,0.8,10.0,0.55,"activiti,ambari,elastic-job-lite,handlebars.java,httpcore,incubator-dubbo",6108,assertj-core,0.35,6,moderate_complexity,3.0,3,5.0,2.0,0.8,0.8,5.0
0.6,5956,29,107,16,0.35555555555555557,0.13008130081300814,0.19047619047619052,shallower_conservative,2.0,2,15.0,5.0,0.8,0.8,10.0,0.6,"activiti,ambari,elastic-job-lite,handlebars.java,httpcore,incubator-dubbo",6108,assertj-core,0.35,6,moderate_complexity,3.0,3,5.0,2.0,0.8,0.8,5.0
0.65,5957,28,110,13,0.3170731707317073,0.10569105691056911,0.15853658536585363,shallower_conservative,2.0,2,15.0,5.0,0.8,0.8,10.0,0.65,"activiti,ambari,elastic-job-lite,handlebars.java,httpcore,incubator-dubbo",6108,assertj-core,0.35,6,moderate_complexity,3.0,3,5.0,2.0,0.8,0.8,5.0
0.7,5962,23,114,9,0.28125,0.07317073170731707,0.1161290322580645,shallower_conservative,2.0,2,15.0,5.0,0.8,0.8,10.0,0.7,"activiti,ambari,elastic-job-lite,handlebars.java,httpcore,incubator-dubbo",6108,assertj-core,0.35,6,moderate_complexity,3.0,3,5.0,2.0,0.8,0.8,5.0
0.75,5965,20,115,8,0.2857142857142857,0.06504065040650407,0.10596026490066225,shallower_conservative,2.0,2,15.0,5.0,0.8,0.8,10.0,0.75,"activiti,ambari,elastic-job-lite,handlebars.java,httpcore,incubator-dubbo",6108,assertj-core,0.35,6,moderate_complexity,3.0,3,5.0,2.0,0.8,0.8,5.0
0.8,5971,14,116,7,0.3333333333333333,0.056910569105691054,0.09722222222222222,shallower_conservative,2.0,2,15.0,5.0,0.8,0.8,10.0,0.8,"activiti,ambari,elastic-job-lite,handlebars.java,httpcore,incubator-dubbo",6108,assertj-core,0.35,6,moderate_complexity,3.0,3,5.0,2.0,0.8,0.8,5.0
0.85,5976,9,119,4,0.3076923076923077,0.032520325203252036,0.05882352941176471,shallower_conservative,2.0,2,15.0,5.0,0.8,0.8,10.0,0.85,"activiti,ambari,elastic-job-lite,handlebars.java,httpcore,incubator-dubbo",6108,assertj-core,0.35,6,moderate_complexity,3.0,3,5.0,2.0,0.8,0.8,5.0
0.9,5981,4,120,3,0.42857142857142855,0.024390243902439025,0.04615384615384615,shallower_conservative,2.0,2,15.0,5.0,0.8,0.8,10.0,0.9,"activiti,ambari,elastic-job-lite,handlebars.java,httpcore,incubator-dubbo",6108,assertj-core,0.35,6,moderate_complexity,3.0,3,5.0,2.0,0.8,0.8,5.0
0.3,5937,48,103,20,0.29411764705882354,0.16260162601626016,0.2094240837696335,lower_weight_regularized,2.0,3,10.0,5.0,0.8,0.8,10.0,0.3,"activiti,ambari,elastic-job-lite,handlebars.java,httpcore,incubator-dubbo",6108,assertj-core,0.35,6,moderate_complexity,3.0,3,5.0,2.0,0.8,0.8,5.0
0.35,5942,43,103,20,0.31746031746031744,0.16260162601626016,0.21505376344086022,lower_weight_regularized,2.0,3,10.0,5.0,0.8,0.8,10.0,0.35,"activiti,ambari,elastic-job-lite,handlebars.java,httpcore,incubator-dubbo",6108,assertj-core,0.35,6,moderate_complexity,3.0,3,5.0,2.0,0.8,0.8,5.0
0.4,5947,38,103,20,0.3448275862068966,0.16260162601626016,0.22099447513812157,lower_weight_regularized,2.0,3,10.0,5.0,0.8,0.8,10.0,0.4,"activiti,ambari,elastic-job-lite,handlebars.java,httpcore,incubator-dubbo",6108,assertj-core,0.35,6,moderate_complexity,3.0,3,5.0,2.0,0.8,0.8,5.0
0.45,5953,32,105,18,0.36,0.14634146341463414,0.20809248554913293,lower_weight_regularized,2.0,3,10.0,5.0,0.8,0.8,10.0,0.45,"activiti,ambari,elastic-job-lite,handlebars.java,httpcore,incubator-dubbo",6108,assertj-core,0.35,6,moderate_complexity,3.0,3,5.0,2.0,0.8,0.8,5.0
0.5,5954,31,106,17,0.3541666666666667,0.13821138211382114,0.19883040935672514,lower_weight_regularized,2.0,3,10.0,5.0,0.8,0.8,10.0,0.5,"activiti,ambari,elastic-job-lite,handlebars.java,httpcore,incubator-dubbo",6108,assertj-core,0.35,6,moderate_complexity,3.0,3,5.0,2.0,0.8,0.8,5.0
0.55,5956,29,107,16,0.35555555555555557,0.13008130081300814,0.19047619047619052,lower_weight_regularized,2.0,3,10.0,5.0,0.8,0.8,10.0,0.55,"activiti,ambari,elastic-job-lite,handlebars.java,httpcore,incubator-dubbo",6108,assertj-core,0.35,6,moderate_complexity,3.0,3,5.0,2.0,0.8,0.8,5.0
0.6,5957,28,110,13,0.3170731707317073,0.10569105691056911,0.15853658536585363,lower_weight_regularized,2.0,3,10.0,5.0,0.8,0.8,10.0,0.6,"activiti,ambari,elastic-job-lite,handlebars.java,httpcore,incubator-dubbo",6108,assertj-core,0.35,6,moderate_complexity,3.0,3,5.0,2.0,0.8,0.8,5.0
0.65,5959,26,111,12,0.3157894736842105,0.0975609756097561,0.14906832298136646,lower_weight_regularized,2.0,3,10.0,5.0,0.8,0.8,10.0,0.65,"activiti,ambari,elastic-job-lite,handlebars.java,httpcore,incubator-dubbo",6108,assertj-core,0.35,6,moderate_complexity,3.0,3,5.0,2.0,0.8,0.8,5.0
0.7,5963,22,112,11,0.3333333333333333,0.08943089430894309,0.14102564102564102,lower_weight_regularized,2.0,3,10.0,5.0,0.8,0.8,10.0,0.7,"activiti,ambari,elastic-job-lite,handlebars.java,httpcore,incubator-dubbo",6108,assertj-core,0.35,6,moderate_complexity,3.0,3,5.0,2.0,0.8,0.8,5.0
0.75,5965,20,113,10,0.3333333333333333,0.08130081300813008,0.13071895424836602,lower_weight_regularized,2.0,3,10.0,5.0,0.8,0.8,10.0,0.75,"activiti,ambari,elastic-job-lite,handlebars.java,httpcore,incubator-dubbo",6108,assertj-core,0.35,6,moderate_complexity,3.0,3,5.0,2.0,0.8,0.8,5.0
0.8,5976,9,115,8,0.47058823529411764,0.06504065040650407,0.11428571428571428,lower_weight_regularized,2.0,3,10.0,5.0,0.8,0.8,10.0,0.8,"activiti,ambari,elastic-job-lite,handlebars.java,httpcore,incubator-dubbo",6108,assertj-core,0.35,6,moderate_complexity,3.0,3,5.0,2.0,0.8,0.8,5.0
0.85,5977,8,115,8,0.5,0.06504065040650407,0.11510791366906475,lower_weight_regularized,2.0,3,10.0,5.0,0.8,0.8,10.0,0.85,"activiti,ambari,elastic-job-lite,handlebars.java,httpcore,incubator-dubbo",6108,assertj-core,0.35,6,moderate_complexity,3.0,3,5.0,2.0,0.8,0.8,5.0
0.9,5979,6,119,4,0.4,0.032520325203252036,0.06015037593984963,lower_weight_regularized,2.0,3,10.0,5.0,0.8,0.8,10.0,0.9,"activiti,ambari,elastic-job-lite,handlebars.java,httpcore,incubator-dubbo",6108,assertj-core,0.35,6,moderate_complexity,3.0,3,5.0,2.0,0.8,0.8,5.0
0.3,5930,55,97,26,0.32098765432098764,0.21138211382113822,0.2549019607843137,moderate_complexity,3.0,3,5.0,2.0,0.8,0.8,5.0,0.3,"activiti,ambari,elastic-job-lite,handlebars.java,httpcore,incubator-dubbo",6108,assertj-core,0.35,6,moderate_complexity,3.0,3,5.0,2.0,0.8,0.8,5.0
0.35,5932,53,97,26,0.3291139240506329,0.21138211382113822,0.25742574257425743,moderate_complexity,3.0,3,5.0,2.0,0.8,0.8,5.0,0.35,"activiti,ambari,elastic-job-lite,handlebars.java,httpcore,incubator-dubbo",6108,assertj-core,0.35,6,moderate_complexity,3.0,3,5.0,2.0,0.8,0.8,5.0
0.4,5938,47,102,21,0.3088235294117647,0.17073170731707318,0.2198952879581152,moderate_complexity,3.0,3,5.0,2.0,0.8,0.8,5.0,0.4,"activiti,ambari,elastic-job-lite,handlebars.java,httpcore,incubator-dubbo",6108,assertj-core,0.35,6,moderate_complexity,3.0,3,5.0,2.0,0.8,0.8,5.0
0.45,5945,40,103,20,0.3333333333333333,0.16260162601626016,0.2185792349726776,moderate_complexity,3.0,3,5.0,2.0,0.8,0.8,5.0,0.45,"activiti,ambari,elastic-job-lite,handlebars.java,httpcore,incubator-dubbo",6108,assertj-core,0.35,6,moderate_complexity,3.0,3,5.0,2.0,0.8,0.8,5.0
0.5,5947,38,104,19,0.3333333333333333,0.15447154471544716,0.21111111111111114,moderate_complexity,3.0,3,5.0,2.0,0.8,0.8,5.0,0.5,"activiti,ambari,elastic-job-lite,handlebars.java,httpcore,incubator-dubbo",6108,assertj-core,0.35,6,moderate_complexity,3.0,3,5.0,2.0,0.8,0.8,5.0
0.55,5948,37,105,18,0.32727272727272727,0.14634146341463414,0.20224719101123592,moderate_complexity,3.0,3,5.0,2.0,0.8,0.8,5.0,0.55,"activiti,ambari,elastic-job-lite,handlebars.java,httpcore,incubator-dubbo",6108,assertj-core,0.35,6,moderate_complexity,3.0,3,5.0,2.0,0.8,0.8,5.0
0.6,5957,28,105,18,0.391304347826087,0.14634146341463414,0.21301775147928995,moderate_complexity,3.0,3,5.0,2.0,0.8,0.8,5.0,0.6,"activiti,ambari,elastic-job-lite,handlebars.java,httpcore,incubator-dubbo",6108,assertj-core,0.35,6,moderate_complexity,3.0,3,5.0,2.0,0.8,0.8,5.0
0.65,5960,25,110,13,0.34210526315789475,0.10569105691056911,0.16149068322981366,moderate_complexity,3.0,3,5.0,2.0,0.8,0.8,5.0,0.65,"activiti,ambari,elastic-job-lite,handlebars.java,httpcore,incubator-dubbo",6108,assertj-core,0.35,6,moderate_complexity,3.0,3,5.0,2.0,0.8,0.8,5.0
0.7,5961,24,112,11,0.3142857142857143,0.08943089430894309,0.13924050632911394,moderate_complexity,3.0,3,5.0,2.0,0.8,0.8,5.0,0.7,"activiti,ambari,elastic-job-lite,handlebars.java,httpcore,incubator-dubbo",6108,assertj-core,0.35,6,moderate_complexity,3.0,3,5.0,2.0,0.8,0.8,5.0
0.75,5967,18,113,10,0.35714285714285715,0.08130081300813008,0.13245033112582782,moderate_complexity,3.0,3,5.0,2.0,0.8,0.8,5.0,0.75,"activiti,ambari,elastic-job-lite,handlebars.java,httpcore,incubator-dubbo",6108,assertj-core,0.35,6,moderate_complexity,3.0,3,5.0,2.0,0.8,0.8,5.0
0.8,5969,16,117,6,0.2727272727272727,0.04878048780487805,0.08275862068965519,moderate_complexity,3.0,3,5.0,2.0,0.8,0.8,5.0,0.8,"activiti,ambari,elastic-job-lite,handlebars.java,httpcore,incubator-dubbo",6108,assertj-core,0.35,6,moderate_complexity,3.0,3,5.0,2.0,0.8,0.8,5.0
0.85,5971,14,119,4,0.2222222222222222,0.032520325203252036,0.056737588652482275,moderate_complexity,3.0,3,5.0,2.0,0.8,0.8,5.0,0.85,"activiti,ambari,elastic-job-lite,handlebars.java,httpcore,incubator-dubbo",6108,assertj-core,0.35,6,moderate_complexity,3.0,3,5.0,2.0,0.8,0.8,5.0
0.9,5974,11,120,3,0.21428571428571427,0.024390243902439025,0.043795620437956206,moderate_complexity,3.0,3,5.0,2.0,0.8,0.8,5.0,0.9,"activiti,ambari,elastic-job-lite,handlebars.java,httpcore,incubator-dubbo",6108,assertj-core,0.35,6,moderate_complexity,3.0,3,5.0,2.0,0.8,0.8,5.0
0.3,5936,49,102,21,0.3,0.17073170731707318,0.21761658031088085,deeper_regularized,3.0,4,5.0,1.0,0.8,0.8,5.0,0.3,"activiti,ambari,elastic-job-lite,handlebars.java,httpcore,incubator-dubbo",6108,assertj-core,0.35,6,moderate_complexity,3.0,3,5.0,2.0,0.8,0.8,5.0
0.35,5939,46,103,20,0.30303030303030304,0.16260162601626016,0.21164021164021163,deeper_regularized,3.0,4,5.0,1.0,0.8,0.8,5.0,0.35,"activiti,ambari,elastic-job-lite,handlebars.java,httpcore,incubator-dubbo",6108,assertj-core,0.35,6,moderate_complexity,3.0,3,5.0,2.0,0.8,0.8,5.0
0.4,5946,39,103,20,0.3389830508474576,0.16260162601626016,0.21978021978021978,deeper_regularized,3.0,4,5.0,1.0,0.8,0.8,5.0,0.4,"activiti,ambari,elastic-job-lite,handlebars.java,httpcore,incubator-dubbo",6108,assertj-core,0.35,6,moderate_complexity,3.0,3,5.0,2.0,0.8,0.8,5.0
0.45,5952,33,104,19,0.36538461538461536,0.15447154471544716,0.21714285714285714,deeper_regularized,3.0,4,5.0,1.0,0.8,0.8,5.0,0.45,"activiti,ambari,elastic-job-lite,handlebars.java,httpcore,incubator-dubbo",6108,assertj-core,0.35,6,moderate_complexity,3.0,3,5.0,2.0,0.8,0.8,5.0
0.5,5954,31,108,15,0.32608695652173914,0.12195121951219512,0.17751479289940827,deeper_regularized,3.0,4,5.0,1.0,0.8,0.8,5.0,0.5,"activiti,ambari,elastic-job-lite,handlebars.java,httpcore,incubator-dubbo",6108,assertj-core,0.35,6,moderate_complexity,3.0,3,5.0,2.0,0.8,0.8,5.0
0.55,5957,28,108,15,0.3488372093023256,0.12195121951219512,0.18072289156626506,deeper_regularized,3.0,4,5.0,1.0,0.8,0.8,5.0,0.55,"activiti,ambari,elastic-job-lite,handlebars.java,httpcore,incubator-dubbo",6108,assertj-core,0.35,6,moderate_complexity,3.0,3,5.0,2.0,0.8,0.8,5.0
0.6,5958,27,109,14,0.34146341463414637,0.11382113821138211,0.17073170731707316,deeper_regularized,3.0,4,5.0,1.0,0.8,0.8,5.0,0.6,"activiti,ambari,elastic-job-lite,handlebars.java,httpcore,incubator-dubbo",6108,assertj-core,0.35,6,moderate_complexity,3.0,3,5.0,2.0,0.8,0.8,5.0
0.65,5961,24,112,11,0.3142857142857143,0.08943089430894309,0.13924050632911394,deeper_regularized,3.0,4,5.0,1.0,0.8,0.8,5.0,0.65,"activiti,ambari,elastic-job-lite,handlebars.java,httpcore,incubator-dubbo",6108,assertj-core,0.35,6,moderate_complexity,3.0,3,5.0,2.0,0.8,0.8,5.0
0.7,5966,19,112,11,0.36666666666666664,0.08943089430894309,0.1437908496732026,deeper_regularized,3.0,4,5.0,1.0,0.8,0.8,5.0,0.7,"activiti,ambari,elastic-job-lite,handlebars.java,httpcore,incubator-dubbo",6108,assertj-core,0.35,6,moderate_complexity,3.0,3,5.0,2.0,0.8,0.8,5.0
0.75,5967,18,113,10,0.35714285714285715,0.08130081300813008,0.13245033112582782,deeper_regularized,3.0,4,5.0,1.0,0.8,0.8,5.0,0.75,"activiti,ambari,elastic-job-lite,handlebars.java,httpcore,incubator-dubbo",6108,assertj-core,0.35,6,moderate_complexity,3.0,3,5.0,2.0,0.8,0.8,5.0
0.8,5969,16,113,10,0.38461538461538464,0.08130081300813008,0.1342281879194631,deeper_regularized,3.0,4,5.0,1.0,0.8,0.8,5.0,0.8,"activiti,ambari,elastic-job-lite,handlebars.java,httpcore,incubator-dubbo",6108,assertj-core,0.35,6,moderate_complexity,3.0,3,5.0,2.0,0.8,0.8,5.0
0.85,5972,13,118,5,0.2777777777777778,0.04065040650406504,0.07092198581560284,deeper_regularized,3.0,4,5.0,1.0,0.8,0.8,5.0,0.85,"activiti,ambari,elastic-job-lite,handlebars.java,httpcore,incubator-dubbo",6108,assertj-core,0.35,6,moderate_complexity,3.0,3,5.0,2.0,0.8,0.8,5.0
0.9,5976,9,120,3,0.25,0.024390243902439025,0.04444444444444444,deeper_regularized,3.0,4,5.0,1.0,0.8,0.8,5.0,0.9,"activiti,ambari,elastic-job-lite,handlebars.java,httpcore,incubator-dubbo",6108,assertj-core,0.35,6,moderate_complexity,3.0,3,5.0,2.0,0.8,0.8,5.0
0.3,1168,453,101,119,0.20804195804195805,0.5409090909090909,0.3005050505050505,reported_regularized,3.0,3,10.0,5.0,0.8,0.8,10.0,0.3,"commons-exec,handlebars.java,hbase,hector,http-request,httpcore",1841,elastic-job-lite,0.3,6,shallower_conservative,2.0,2,15.0,5.0,0.8,0.8,10.0
0.35,1186,435,113,107,0.1974169741697417,0.4863636363636364,0.28083989501312334,reported_regularized,3.0,3,10.0,5.0,0.8,0.8,10.0,0.35,"commons-exec,handlebars.java,hbase,hector,http-request,httpcore",1841,elastic-job-lite,0.3,6,shallower_conservative,2.0,2,15.0,5.0,0.8,0.8,10.0
0.4,1193,428,123,97,0.18476190476190477,0.4409090909090909,0.26040268456375837,reported_regularized,3.0,3,10.0,5.0,0.8,0.8,10.0,0.4,"commons-exec,handlebars.java,hbase,hector,http-request,httpcore",1841,elastic-job-lite,0.3,6,shallower_conservative,2.0,2,15.0,5.0,0.8,0.8,10.0
0.45,1210,411,136,84,0.1696969696969697,0.38181818181818183,0.23496503496503499,reported_regularized,3.0,3,10.0,5.0,0.8,0.8,10.0,0.45,"commons-exec,handlebars.java,hbase,hector,http-request,httpcore",1841,elastic-job-lite,0.3,6,shallower_conservative,2.0,2,15.0,5.0,0.8,0.8,10.0
0.5,1216,405,144,76,0.158004158004158,0.34545454545454546,0.2168330955777461,reported_regularized,3.0,3,10.0,5.0,0.8,0.8,10.0,0.5,"commons-exec,handlebars.java,hbase,hector,http-request,httpcore",1841,elastic-job-lite,0.3,6,shallower_conservative,2.0,2,15.0,5.0,0.8,0.8,10.0
0.55,1223,398,152,68,0.1459227467811159,0.3090909090909091,0.19825072886297376,reported_regularized,3.0,3,10.0,5.0,0.8,0.8,10.0,0.55,"commons-exec,handlebars.java,hbase,hector,http-request,httpcore",1841,elastic-job-lite,0.3,6,shallower_conservative,2.0,2,15.0,5.0,0.8,0.8,10.0
0.6,1233,388,153,67,0.14725274725274726,0.30454545454545456,0.1985185185185185,reported_regularized,3.0,3,10.0,5.0,0.8,0.8,10.0,0.6,"commons-exec,handlebars.java,hbase,hector,http-request,httpcore",1841,elastic-job-lite,0.3,6,shallower_conservative,2.0,2,15.0,5.0,0.8,0.8,10.0
0.65,1236,385,158,62,0.13870246085011187,0.2818181818181818,0.18590704647676162,reported_regularized,3.0,3,10.0,5.0,0.8,0.8,10.0,0.65,"commons-exec,handlebars.java,hbase,hector,http-request,httpcore",1841,elastic-job-lite,0.3,6,shallower_conservative,2.0,2,15.0,5.0,0.8,0.8,10.0
0.7,1239,382,167,53,0.12183908045977011,0.2409090909090909,0.1618320610687023,reported_regularized,3.0,3,10.0,5.0,0.8,0.8,10.0,0.7,"commons-exec,handlebars.java,hbase,hector,http-request,httpcore",1841,elastic-job-lite,0.3,6,shallower_conservative,2.0,2,15.0,5.0,0.8,0.8,10.0
0.75,1250,371,170,50,0.1187648456057007,0.22727272727272727,0.15600624024961,reported_regularized,3.0,3,10.0,5.0,0.8,0.8,10.0,0.75,"commons-exec,handlebars.java,hbase,hector,http-request,httpcore",1841,elastic-job-lite,0.3,6,shallower_conservative,2.0,2,15.0,5.0,0.8,0.8,10.0
0.8,1255,366,173,47,0.11380145278450363,0.21363636363636362,0.1484992101105845,reported_regularized,3.0,3,10.0,5.0,0.8,0.8,10.0,0.8,"commons-exec,handlebars.java,hbase,hector,http-request,httpcore",1841,elastic-job-lite,0.3,6,shallower_conservative,2.0,2,15.0,5.0,0.8,0.8,10.0
0.85,1258,363,174,46,0.11246943765281174,0.20909090909090908,0.14626391096979333,reported_regularized,3.0,3,10.0,5.0,0.8,0.8,10.0,0.85,"commons-exec,handlebars.java,hbase,hector,http-request,httpcore",1841,elastic-job-lite,0.3,6,shallower_conservative,2.0,2,15.0,5.0,0.8,0.8,10.0
0.9,1261,360,176,44,0.10891089108910891,0.2,0.14102564102564105,reported_regularized,3.0,3,10.0,5.0,0.8,0.8,10.0,0.9,"commons-exec,handlebars.java,hbase,hector,http-request,httpcore",1841,elastic-job-lite,0.3,6,shallower_conservative,2.0,2,15.0,5.0,0.8,0.8,10.0
0.3,1204,417,42,178,0.2991596638655462,0.8090909090909091,0.4368098159509202,shallower_conservative,2.0,2,15.0,5.0,0.8,0.8,10.0,0.3,"commons-exec,handlebars.java,hbase,hector,http-request,httpcore",1841,elastic-job-lite,0.3,6,shallower_conservative,2.0,2,15.0,5.0,0.8,0.8,10.0
0.35,1207,414,47,173,0.29471890971039183,0.7863636363636364,0.42874845105328385,shallower_conservative,2.0,2,15.0,5.0,0.8,0.8,10.0,0.35,"commons-exec,handlebars.java,hbase,hector,http-request,httpcore",1841,elastic-job-lite,0.3,6,shallower_conservative,2.0,2,15.0,5.0,0.8,0.8,10.0
0.4,1213,408,63,157,0.2778761061946903,0.7136363636363636,0.39999999999999997,shallower_conservative,2.0,2,15.0,5.0,0.8,0.8,10.0,0.4,"commons-exec,handlebars.java,hbase,hector,http-request,httpcore",1841,elastic-job-lite,0.3,6,shallower_conservative,2.0,2,15.0,5.0,0.8,0.8,10.0
0.45,1218,403,85,135,0.25092936802973975,0.6136363636363636,0.35620052770448546,shallower_conservative,2.0,2,15.0,5.0,0.8,0.8,10.0,0.45,"commons-exec,handlebars.java,hbase,hector,http-request,httpcore",1841,elastic-job-lite,0.3,6,shallower_conservative,2.0,2,15.0,5.0,0.8,0.8,10.0
0.5,1221,400,90,130,0.24528301886792453,0.5909090909090909,0.3466666666666666,shallower_conservative,2.0,2,15.0,5.0,0.8,0.8,10.0,0.5,"commons-exec,handlebars.java,hbase,hector,http-request,httpcore",1841,elastic-job-lite,0.3,6,shallower_conservative,2.0,2,15.0,5.0,0.8,0.8,10.0
0.55,1226,395,110,110,0.21782178217821782,0.5,0.30344827586206896,shallower_conservative,2.0,2,15.0,5.0,0.8,0.8,10.0,0.55,"commons-exec,handlebars.java,hbase,hector,http-request,httpcore",1841,elastic-job-lite,0.3,6,shallower_conservative,2.0,2,15.0,5.0,0.8,0.8,10.0
0.6,1232,389,126,94,0.19461697722567287,0.42727272727272725,0.267425320056899,shallower_conservative,2.0,2,15.0,5.0,0.8,0.8,10.0,0.6,"commons-exec,handlebars.java,hbase,hector,http-request,httpcore",1841,elastic-job-lite,0.3,6,shallower_conservative,2.0,2,15.0,5.0,0.8,0.8,10.0
0.65,1232,389,139,81,0.1723404255319149,0.36818181818181817,0.23478260869565215,shallower_conservative,2.0,2,15.0,5.0,0.8,0.8,10.0,0.65,"commons-exec,handlebars.java,hbase,hector,http-request,httpcore",1841,elastic-job-lite,0.3,6,shallower_conservative,2.0,2,15.0,5.0,0.8,0.8,10.0
0.7,1239,382,151,69,0.15299334811529933,0.31363636363636366,0.20566318926974664,shallower_conservative,2.0,2,15.0,5.0,0.8,0.8,10.0,0.7,"commons-exec,handlebars.java,hbase,hector,http-request,httpcore",1841,elastic-job-lite,0.3,6,shallower_conservative,2.0,2,15.0,5.0,0.8,0.8,10.0
0.75,1245,376,153,67,0.15124153498871332,0.30454545454545456,0.2021116138763198,shallower_conservative,2.0,2,15.0,5.0,0.8,0.8,10.0,0.75,"commons-exec,handlebars.java,hbase,hector,http-request,httpcore",1841,elastic-job-lite,0.3,6,shallower_conservative,2.0,2,15.0,5.0,0.8,0.8,10.0
0.8,1258,363,157,63,0.14788732394366197,0.2863636363636364,0.19504643962848298,shallower_conservative,2.0,2,15.0,5.0,0.8,0.8,10.0,0.8,"commons-exec,handlebars.java,hbase,hector,http-request,httpcore",1841,elastic-job-lite,0.3,6,shallower_conservative,2.0,2,15.0,5.0,0.8,0.8,10.0
0.85,1261,360,166,54,0.13043478260869565,0.24545454545454545,0.1703470031545741,shallower_conservative,2.0,2,15.0,5.0,0.8,0.8,10.0,0.85,"commons-exec,handlebars.java,hbase,hector,http-request,httpcore",1841,elastic-job-lite,0.3,6,shallower_conservative,2.0,2,15.0,5.0,0.8,0.8,10.0
0.9,1264,357,176,44,0.10972568578553615,0.2,0.14170692431562,shallower_conservative,2.0,2,15.0,5.0,0.8,0.8,10.0,0.9,"commons-exec,handlebars.java,hbase,hector,http-request,httpcore",1841,elastic-job-lite,0.3,6,shallower_conservative,2.0,2,15.0,5.0,0.8,0.8,10.0
0.3,1203,418,92,128,0.23443223443223443,0.5818181818181818,0.3342036553524804,lower_weight_regularized,2.0,3,10.0,5.0,0.8,0.8,10.0,0.3,"commons-exec,handlebars.java,hbase,hector,http-request,httpcore",1841,elastic-job-lite,0.3,6,shallower_conservative,2.0,2,15.0,5.0,0.8,0.8,10.0
0.35,1209,412,109,111,0.21223709369024857,0.5045454545454545,0.29878869448183043,lower_weight_regularized,2.0,3,10.0,5.0,0.8,0.8,10.0,0.35,"commons-exec,handlebars.java,hbase,hector,http-request,httpcore",1841,elastic-job-lite,0.3,6,shallower_conservative,2.0,2,15.0,5.0,0.8,0.8,10.0
0.4,1226,395,123,97,0.19715447154471544,0.4409090909090909,0.27247191011235955,lower_weight_regularized,2.0,3,10.0,5.0,0.8,0.8,10.0,0.4,"commons-exec,handlebars.java,hbase,hector,http-request,httpcore",1841,elastic-job-lite,0.3,6,shallower_conservative,2.0,2,15.0,5.0,0.8,0.8,10.0
0.45,1230,391,131,89,0.18541666666666667,0.40454545454545454,0.2542857142857143,lower_weight_regularized,2.0,3,10.0,5.0,0.8,0.8,10.0,0.45,"commons-exec,handlebars.java,hbase,hector,http-request,httpcore",1841,elastic-job-lite,0.3,6,shallower_conservative,2.0,2,15.0,5.0,0.8,0.8,10.0
0.5,1232,389,140,80,0.17057569296375266,0.36363636363636365,0.23222060957910015,lower_weight_regularized,2.0,3,10.0,5.0,0.8,0.8,10.0,0.5,"commons-exec,handlebars.java,hbase,hector,http-request,httpcore",1841,elastic-job-lite,0.3,6,shallower_conservative,2.0,2,15.0,5.0,0.8,0.8,10.0
0.55,1237,384,152,68,0.1504424778761062,0.3090909090909091,0.2023809523809524,lower_weight_regularized,2.0,3,10.0,5.0,0.8,0.8,10.0,0.55,"commons-exec,handlebars.java,hbase,hector,http-request,httpcore",1841,elastic-job-lite,0.3,6,shallower_conservative,2.0,2,15.0,5.0,0.8,0.8,10.0
0.6,1242,379,157,63,0.1425339366515837,0.2863636363636364,0.19033232628398788,lower_weight_regularized,2.0,3,10.0,5.0,0.8,0.8,10.0,0.6,"commons-exec,handlebars.java,hbase,hector,http-request,httpcore",1841,elastic-job-lite,0.3,6,shallower_conservative,2.0,2,15.0,5.0,0.8,0.8,10.0
0.65,1247,374,163,57,0.13225058004640372,0.2590909090909091,0.17511520737327188,lower_weight_regularized,2.0,3,10.0,5.0,0.8,0.8,10.0,0.65,"commons-exec,handlebars.java,hbase,hector,http-request,httpcore",1841,elastic-job-lite,0.3,6,shallower_conservative,2.0,2,15.0,5.0,0.8,0.8,10.0
0.7,1254,367,171,49,0.11778846153846154,0.22272727272727272,0.15408805031446543,lower_weight_regularized,2.0,3,10.0,5.0,0.8,0.8,10.0,0.7,"commons-exec,handlebars.java,hbase,hector,http-request,httpcore",1841,elastic-job-lite,0.3,6,shallower_conservative,2.0,2,15.0,5.0,0.8,0.8,10.0
0.75,1259,362,173,47,0.11491442542787286,0.21363636363636362,0.14944356120826707,lower_weight_regularized,2.0,3,10.0,5.0,0.8,0.8,10.0,0.75,"commons-exec,handlebars.java,hbase,hector,http-request,httpcore",1841,elastic-job-lite,0.3,6,shallower_conservative,2.0,2,15.0,5.0,0.8,0.8,10.0
0.8,1260,361,173,47,0.11519607843137254,0.21363636363636362,0.14968152866242038,lower_weight_regularized,2.0,3,10.0,5.0,0.8,0.8,10.0,0.8,"commons-exec,handlebars.java,hbase,hector,http-request,httpcore",1841,elastic-job-lite,0.3,6,shallower_conservative,2.0,2,15.0,5.0,0.8,0.8,10.0
0.85,1260,361,176,44,0.10864197530864197,0.2,0.1408,lower_weight_regularized,2.0,3,10.0,5.0,0.8,0.8,10.0,0.85,"commons-exec,handlebars.java,hbase,hector,http-request,httpcore",1841,elastic-job-lite,0.3,6,shallower_conservative,2.0,2,15.0,5.0,0.8,0.8,10.0
0.9,1263,358,177,43,0.10723192019950124,0.19545454545454546,0.13848631239935588,lower_weight_regularized,2.0,3,10.0,5.0,0.8,0.8,10.0,0.9,"commons-exec,handlebars.java,hbase,hector,http-request,httpcore",1841,elastic-job-lite,0.3,6,shallower_conservative,2.0,2,15.0,5.0,0.8,0.8,10.0
0.3,1210,411,113,107,0.20656370656370657,0.4863636363636364,0.2899728997289973,moderate_complexity,3.0,3,5.0,2.0,0.8,0.8,5.0,0.3,"commons-exec,handlebars.java,hbase,hector,http-request,httpcore",1841,elastic-job-lite,0.3,6,shallower_conservative,2.0,2,15.0,5.0,0.8,0.8,10.0
0.35,1227,394,126,94,0.19262295081967212,0.42727272727272725,0.2655367231638418,moderate_complexity,3.0,3,5.0,2.0,0.8,0.8,5.0,0.35,"commons-exec,handlebars.java,hbase,hector,http-request,httpcore",1841,elastic-job-lite,0.3,6,shallower_conservative,2.0,2,15.0,5.0,0.8,0.8,10.0
0.4,1230,391,138,82,0.1733615221987315,0.37272727272727274,0.23665223665223664,moderate_complexity,3.0,3,5.0,2.0,0.8,0.8,5.0,0.4,"commons-exec,handlebars.java,hbase,hector,http-request,httpcore",1841,elastic-job-lite,0.3,6,shallower_conservative,2.0,2,15.0,5.0,0.8,0.8,10.0
0.45,1240,381,143,77,0.16812227074235808,0.35,0.2271386430678466,moderate_complexity,3.0,3,5.0,2.0,0.8,0.8,5.0,0.45,"commons-exec,handlebars.java,hbase,hector,http-request,httpcore",1841,elastic-job-lite,0.3,6,shallower_conservative,2.0,2,15.0,5.0,0.8,0.8,10.0
0.5,1243,378,148,72,0.16,0.32727272727272727,0.21492537313432833,moderate_complexity,3.0,3,5.0,2.0,0.8,0.8,5.0,0.5,"commons-exec,handlebars.java,hbase,hector,http-request,httpcore",1841,elastic-job-lite,0.3,6,shallower_conservative,2.0,2,15.0,5.0,0.8,0.8,10.0
0.55,1244,377,150,70,0.15659955257270694,0.3181818181818182,0.20989505247376314,moderate_complexity,3.0,3,5.0,2.0,0.8,0.8,5.0,0.55,"commons-exec,handlebars.java,hbase,hector,http-request,httpcore",1841,elastic-job-lite,0.3,6,shallower_conservative,2.0,2,15.0,5.0,0.8,0.8,10.0
0.6,1251,370,156,64,0.14746543778801843,0.2909090909090909,0.19571865443425077,moderate_complexity,3.0,3,5.0,2.0,0.8,0.8,5.0,0.6,"commons-exec,handlebars.java,hbase,hector,http-request,httpcore",1841,elastic-job-lite,0.3,6,shallower_conservative,2.0,2,15.0,5.0,0.8,0.8,10.0
0.65,1254,367,157,63,0.14651162790697675,0.2863636363636364,0.19384615384615386,moderate_complexity,3.0,3,5.0,2.0,0.8,0.8,5.0,0.65,"commons-exec,handlebars.java,hbase,hector,http-request,httpcore",1841,elastic-job-lite,0.3,6,shallower_conservative,2.0,2,15.0,5.0,0.8,0.8,10.0
0.7,1255,366,159,61,0.14285714285714285,0.2772727272727273,0.18856259659969088,moderate_complexity,3.0,3,5.0,2.0,0.8,0.8,5.0,0.7,"commons-exec,handlebars.java,hbase,hector,http-request,httpcore",1841,elastic-job-lite,0.3,6,shallower_conservative,2.0,2,15.0,5.0,0.8,0.8,10.0
0.75,1255,366,165,55,0.13064133016627077,0.25,0.17160686427457097,moderate_complexity,3.0,3,5.0,2.0,0.8,0.8,5.0,0.75,"commons-exec,handlebars.java,hbase,hector,http-request,httpcore",1841,elastic-job-lite,0.3,6,shallower_conservative,2.0,2,15.0,5.0,0.8,0.8,10.0
0.8,1255,366,170,50,0.1201923076923077,0.22727272727272727,0.15723270440251574,moderate_complexity,3.0,3,5.0,2.0,0.8,0.8,5.0,0.8,"commons-exec,handlebars.java,hbase,hector,http-request,httpcore",1841,elastic-job-lite,0.3,6,shallower_conservative,2.0,2,15.0,5.0,0.8,0.8,10.0
0.85,1258,363,174,46,0.11246943765281174,0.20909090909090908,0.14626391096979333,moderate_complexity,3.0,3,5.0,2.0,0.8,0.8,5.0,0.85,"commons-exec,handlebars.java,hbase,hector,http-request,httpcore",1841,elastic-job-lite,0.3,6,shallower_conservative,2.0,2,15.0,5.0,0.8,0.8,10.0
0.9,1259,362,176,44,0.10837438423645321,0.2,0.14057507987220447,moderate_complexity,3.0,3,5.0,2.0,0.8,0.8,5.0,0.9,"commons-exec,handlebars.java,hbase,hector,http-request,httpcore",1841,elastic-job-lite,0.3,6,shallower_conservative,2.0,2,15.0,5.0,0.8,0.8,10.0
0.3,1199,422,107,113,0.21121495327102804,0.5136363636363637,0.2993377483443709,deeper_regularized,3.0,4,5.0,1.0,0.8,0.8,5.0,0.3,"commons-exec,handlebars.java,hbase,hector,http-request,httpcore",1841,elastic-job-lite,0.3,6,shallower_conservative,2.0,2,15.0,5.0,0.8,0.8,10.0
0.35,1211,410,113,107,0.20696324951644102,0.4863636363636364,0.2903663500678426,deeper_regularized,3.0,4,5.0,1.0,0.8,0.8,5.0,0.35,"commons-exec,handlebars.java,hbase,hector,http-request,httpcore",1841,elastic-job-lite,0.3,6,shallower_conservative,2.0,2,15.0,5.0,0.8,0.8,10.0
0.4,1227,394,118,102,0.2056451612903226,0.4636363636363636,0.28491620111731847,deeper_regularized,3.0,4,5.0,1.0,0.8,0.8,5.0,0.4,"commons-exec,handlebars.java,hbase,hector,http-request,httpcore",1841,elastic-job-lite,0.3,6,shallower_conservative,2.0,2,15.0,5.0,0.8,0.8,10.0
0.45,1233,388,129,91,0.18997912317327767,0.41363636363636364,0.2603719599427754,deeper_regularized,3.0,4,5.0,1.0,0.8,0.8,5.0,0.45,"commons-exec,handlebars.java,hbase,hector,http-request,httpcore",1841,elastic-job-lite,0.3,6,shallower_conservative,2.0,2,15.0,5.0,0.8,0.8,10.0
0.5,1244,377,136,84,0.1822125813449024,0.38181818181818183,0.24669603524229078,deeper_regularized,3.0,4,5.0,1.0,0.8,0.8,5.0,0.5,"commons-exec,handlebars.java,hbase,hector,http-request,httpcore",1841,elastic-job-lite,0.3,6,shallower_conservative,2.0,2,15.0,5.0,0.8,0.8,10.0
0.55,1248,373,146,74,0.16554809843400448,0.33636363636363636,0.22188905547226387,deeper_regularized,3.0,4,5.0,1.0,0.8,0.8,5.0,0.55,"commons-exec,handlebars.java,hbase,hector,http-request,httpcore",1841,elastic-job-lite,0.3,6,shallower_conservative,2.0,2,15.0,5.0,0.8,0.8,10.0
0.6,1250,371,156,64,0.1471264367816092,0.2909090909090909,0.19541984732824424,deeper_regularized,3.0,4,5.0,1.0,0.8,0.8,5.0,0.6,"commons-exec,handlebars.java,hbase,hector,http-request,httpcore",1841,elastic-job-lite,0.3,6,shallower_conservative,2.0,2,15.0,5.0,0.8,0.8,10.0
0.65,1255,366,159,61,0.14285714285714285,0.2772727272727273,0.18856259659969088,deeper_regularized,3.0,4,5.0,1.0,0.8,0.8,5.0,0.65,"commons-exec,handlebars.java,hbase,hector,http-request,httpcore",1841,elastic-job-lite,0.3,6,shallower_conservative,2.0,2,15.0,5.0,0.8,0.8,10.0
0.7,1255,366,166,54,0.12857142857142856,0.24545454545454545,0.16874999999999998,deeper_regularized,3.0,4,5.0,1.0,0.8,0.8,5.0,0.7,"commons-exec,handlebars.java,hbase,hector,http-request,httpcore",1841,elastic-job-lite,0.3,6,shallower_conservative,2.0,2,15.0,5.0,0.8,0.8,10.0
0.75,1256,365,169,51,0.12259615384615384,0.2318181818181818,0.16037735849056603,deeper_regularized,3.0,4,5.0,1.0,0.8,0.8,5.0,0.75,"commons-exec,handlebars.java,hbase,hector,http-request,httpcore",1841,elastic-job-lite,0.3,6,shallower_conservative,2.0,2,15.0,5.0,0.8,0.8,10.0
0.8,1257,364,171,49,0.11864406779661017,0.22272727272727272,0.15481832543443916,deeper_regularized,3.0,4,5.0,1.0,0.8,0.8,5.0,0.8,"commons-exec,handlebars.java,hbase,hector,http-request,httpcore",1841,elastic-job-lite,0.3,6,shallower_conservative,2.0,2,15.0,5.0,0.8,0.8,10.0
0.85,1259,362,172,48,0.11707317073170732,0.21818181818181817,0.15238095238095237,deeper_regularized,3.0,4,5.0,1.0,0.8,0.8,5.0,0.85,"commons-exec,handlebars.java,hbase,hector,http-request,httpcore",1841,elastic-job-lite,0.3,6,shallower_conservative,2.0,2,15.0,5.0,0.8,0.8,10.0
0.9,1259,362,178,42,0.10396039603960396,0.19090909090909092,0.1346153846153846,deeper_regularized,3.0,4,5.0,1.0,0.8,0.8,5.0,0.9,"commons-exec,handlebars.java,hbase,hector,http-request,httpcore",1841,elastic-job-lite,0.3,6,shallower_conservative,2.0,2,15.0,5.0,0.8,0.8,10.0
0.3,10714,113,287,44,0.2802547770700637,0.13293051359516617,0.18032786885245902,reported_regularized,3.0,3,10.0,5.0,0.8,0.8,10.0,0.3,"activiti,alluxio,assertj-core,hbase,http-request,incubator-dubbo",11158,ambari,0.35,6,shallower_conservative,2.0,2,15.0,5.0,0.8,0.8,10.0
0.35,10734,93,291,40,0.3007518796992481,0.12084592145015106,0.1724137931034483,reported_regularized,3.0,3,10.0,5.0,0.8,0.8,10.0,0.35,"activiti,alluxio,assertj-core,hbase,http-request,incubator-dubbo",11158,ambari,0.35,6,shallower_conservative,2.0,2,15.0,5.0,0.8,0.8,10.0
0.4,10743,84,295,36,0.3,0.10876132930513595,0.15964523281596452,reported_regularized,3.0,3,10.0,5.0,0.8,0.8,10.0,0.4,"activiti,alluxio,assertj-core,hbase,http-request,incubator-dubbo",11158,ambari,0.35,6,shallower_conservative,2.0,2,15.0,5.0,0.8,0.8,10.0
0.45,10751,76,298,33,0.30275229357798167,0.09969788519637462,0.15000000000000002,reported_regularized,3.0,3,10.0,5.0,0.8,0.8,10.0,0.45,"activiti,alluxio,assertj-core,hbase,http-request,incubator-dubbo",11158,ambari,0.35,6,shallower_conservative,2.0,2,15.0,5.0,0.8,0.8,10.0
0.5,10757,70,300,31,0.3069306930693069,0.09365558912386707,0.14351851851851852,reported_regularized,3.0,3,10.0,5.0,0.8,0.8,10.0,0.5,"activiti,alluxio,assertj-core,hbase,http-request,incubator-dubbo",11158,ambari,0.35,6,shallower_conservative,2.0,2,15.0,5.0,0.8,0.8,10.0
0.55,10761,66,304,27,0.2903225806451613,0.08157099697885196,0.12735849056603774,reported_regularized,3.0,3,10.0,5.0,0.8,0.8,10.0,0.55,"activiti,alluxio,assertj-core,hbase,http-request,incubator-dubbo",11158,ambari,0.35,6,shallower_conservative,2.0,2,15.0,5.0,0.8,0.8,10.0
0.6,10765,62,312,19,0.2345679012345679,0.05740181268882175,0.09223300970873786,reported_regularized,3.0,3,10.0,5.0,0.8,0.8,10.0,0.6,"activiti,alluxio,assertj-core,hbase,http-request,incubator-dubbo",11158,ambari,0.35,6,shallower_conservative,2.0,2,15.0,5.0,0.8,0.8,10.0
0.65,10770,57,314,17,0.22972972972972974,0.0513595166163142,0.08395061728395063,reported_regularized,3.0,3,10.0,5.0,0.8,0.8,10.0,0.65,"activiti,alluxio,assertj-core,hbase,http-request,incubator-dubbo",11158,ambari,0.35,6,shallower_conservative,2.0,2,15.0,5.0,0.8,0.8,10.0
0.7,10772,55,314,17,0.2361111111111111,0.0513595166163142,0.08436724565756823,reported_regularized,3.0,3,10.0,5.0,0.8,0.8,10.0,0.7,"activiti,alluxio,assertj-core,hbase,http-request,incubator-dubbo",11158,ambari,0.35,6,shallower_conservative,2.0,2,15.0,5.0,0.8,0.8,10.0
0.75,10779,48,317,14,0.22580645161290322,0.04229607250755287,0.07124681933842239,reported_regularized,3.0,3,10.0,5.0,0.8,0.8,10.0,0.75,"activiti,alluxio,assertj-core,hbase,http-request,incubator-dubbo",11158,ambari,0.35,6,shallower_conservative,2.0,2,15.0,5.0,0.8,0.8,10.0
0.8,10781,46,317,14,0.23333333333333334,0.04229607250755287,0.07161125319693096,reported_regularized,3.0,3,10.0,5.0,0.8,0.8,10.0,0.8,"activiti,alluxio,assertj-core,hbase,http-request,incubator-dubbo",11158,ambari,0.35,6,shallower_conservative,2.0,2,15.0,5.0,0.8,0.8,10.0
0.85,10783,44,318,13,0.22807017543859648,0.03927492447129909,0.06701030927835051,reported_regularized,3.0,3,10.0,5.0,0.8,0.8,10.0,0.85,"activiti,alluxio,assertj-core,hbase,http-request,incubator-dubbo",11158,ambari,0.35,6,shallower_conservative,2.0,2,15.0,5.0,0.8,0.8,10.0
0.9,10788,39,323,8,0.1702127659574468,0.02416918429003021,0.042328042328042326,reported_regularized,3.0,3,10.0,5.0,0.8,0.8,10.0,0.9,"activiti,alluxio,assertj-core,hbase,http-request,incubator-dubbo",11158,ambari,0.35,6,shallower_conservative,2.0,2,15.0,5.0,0.8,0.8,10.0
0.3,10718,109,258,73,0.4010989010989011,0.22054380664652568,0.2846003898635478,shallower_conservative,2.0,2,15.0,5.0,0.8,0.8,10.0,0.3,"activiti,alluxio,assertj-core,hbase,http-request,incubator-dubbo",11158,ambari,0.35,6,shallower_conservative,2.0,2,15.0,5.0,0.8,0.8,10.0
0.35,10733,94,260,71,0.4303030303030303,0.21450151057401812,0.28629032258064513,shallower_conservative,2.0,2,15.0,5.0,0.8,0.8,10.0,0.35,"activiti,alluxio,assertj-core,hbase,http-request,incubator-dubbo",11158,ambari,0.35,6,shallower_conservative,2.0,2,15.0,5.0,0.8,0.8,10.0
0.4,10736,91,265,66,0.42038216560509556,0.19939577039274925,0.27049180327868855,shallower_conservative,2.0,2,15.0,5.0,0.8,0.8,10.0,0.4,"activiti,alluxio,assertj-core,hbase,http-request,incubator-dubbo",11158,ambari,0.35,6,shallower_conservative,2.0,2,15.0,5.0,0.8,0.8,10.0
0.45,10744,83,277,54,0.39416058394160586,0.16314199395770393,0.23076923076923078,shallower_conservative,2.0,2,15.0,5.0,0.8,0.8,10.0,0.45,"activiti,alluxio,assertj-core,hbase,http-request,incubator-dubbo",11158,ambari,0.35,6,shallower_conservative,2.0,2,15.0,5.0,0.8,0.8,10.0
0.5,10749,78,282,49,0.3858267716535433,0.14803625377643503,0.21397379912663753,shallower_conservative,2.0,2,15.0,5.0,0.8,0.8,10.0,0.5,"activiti,alluxio,assertj-core,hbase,http-request,incubator-dubbo",11158,ambari,0.35,6,shallower_conservative,2.0,2,15.0,5.0,0.8,0.8,10.0
0.55,10755,72,289,42,0.3684210526315789,0.1268882175226586,0.1887640449438202,shallower_conservative,2.0,2,15.0,5.0,0.8,0.8,10.0,0.55,"activiti,alluxio,assertj-core,hbase,http-request,incubator-dubbo",11158,ambari,0.35,6,shallower_conservative,2.0,2,15.0,5.0,0.8,0.8,10.0
0.6,10756,71,292,39,0.35454545454545455,0.11782477341389729,0.17687074829931973,shallower_conservative,2.0,2,15.0,5.0,0.8,0.8,10.0,0.6,"activiti,alluxio,assertj-core,hbase,http-request,incubator-dubbo",11158,ambari,0.35,6,shallower_conservative,2.0,2,15.0,5.0,0.8,0.8,10.0
0.65,10767,60,300,31,0.34065934065934067,0.09365558912386707,0.14691943127962084,shallower_conservative,2.0,2,15.0,5.0,0.8,0.8,10.0,0.65,"activiti,alluxio,assertj-core,hbase,http-request,incubator-dubbo",11158,ambari,0.35,6,shallower_conservative,2.0,2,15.0,5.0,0.8,0.8,10.0
0.7,10769,58,304,27,0.3176470588235294,0.08157099697885196,0.12980769230769232,shallower_conservative,2.0,2,15.0,5.0,0.8,0.8,10.0,0.7,"activiti,alluxio,assertj-core,hbase,http-request,incubator-dubbo",11158,ambari,0.35,6,shallower_conservative,2.0,2,15.0,5.0,0.8,0.8,10.0
0.75,10769,58,309,22,0.275,0.06646525679758308,0.10705596107055962,shallower_conservative,2.0,2,15.0,5.0,0.8,0.8,10.0,0.75,"activiti,alluxio,assertj-core,hbase,http-request,incubator-dubbo",11158,ambari,0.35,6,shallower_conservative,2.0,2,15.0,5.0,0.8,0.8,10.0
0.8,10769,58,312,19,0.24675324675324675,0.05740181268882175,0.09313725490196079,shallower_conservative,2.0,2,15.0,5.0,0.8,0.8,10.0,0.8,"activiti,alluxio,assertj-core,hbase,http-request,incubator-dubbo",11158,ambari,0.35,6,shallower_conservative,2.0,2,15.0,5.0,0.8,0.8,10.0
0.85,10774,53,319,12,0.18461538461538463,0.03625377643504532,0.06060606060606061,shallower_conservative,2.0,2,15.0,5.0,0.8,0.8,10.0,0.85,"activiti,alluxio,assertj-core,hbase,http-request,incubator-dubbo",11158,ambari,0.35,6,shallower_conservative,2.0,2,15.0,5.0,0.8,0.8,10.0
0.9,10776,51,324,7,0.1206896551724138,0.021148036253776436,0.03598971722365039,shallower_conservative,2.0,2,15.0,5.0,0.8,0.8,10.0,0.9,"activiti,alluxio,assertj-core,hbase,http-request,incubator-dubbo",11158,ambari,0.35,6,shallower_conservative,2.0,2,15.0,5.0,0.8,0.8,10.0
0.3,10729,98,264,67,0.40606060606060607,0.20241691842900303,0.2701612903225806,lower_weight_regularized,2.0,3,10.0,5.0,0.8,0.8,10.0,0.3,"activiti,alluxio,assertj-core,hbase,http-request,incubator-dubbo",11158,ambari,0.35,6,shallower_conservative,2.0,2,15.0,5.0,0.8,0.8,10.0
0.35,10739,88,272,59,0.4013605442176871,0.1782477341389728,0.24686192468619245,lower_weight_regularized,2.0,3,10.0,5.0,0.8,0.8,10.0,0.35,"activiti,alluxio,assertj-core,hbase,http-request,incubator-dubbo",11158,ambari,0.35,6,shallower_conservative,2.0,2,15.0,5.0,0.8,0.8,10.0
0.4,10745,82,276,55,0.40145985401459855,0.1661631419939577,0.23504273504273507,lower_weight_regularized,2.0,3,10.0,5.0,0.8,0.8,10.0,0.4,"activiti,alluxio,assertj-core,hbase,http-request,incubator-dubbo",11158,ambari,0.35,6,shallower_conservative,2.0,2,15.0,5.0,0.8,0.8,10.0
0.45,10751,76,278,53,0.4108527131782946,0.16012084592145015,0.23043478260869568,lower_weight_regularized,2.0,3,10.0,5.0,0.8,0.8,10.0,0.45,"activiti,alluxio,assertj-core,hbase,http-request,incubator-dubbo",11158,ambari,0.35,6,shallower_conservative,2.0,2,15.0,5.0,0.8,0.8,10.0
0.5,10762,65,284,47,0.41964285714285715,0.1419939577039275,0.2121896162528217,lower_weight_regularized,2.0,3,10.0,5.0,0.8,0.8,10.0,0.5,"activiti,alluxio,assertj-core,hbase,http-request,incubator-dubbo",11158,ambari,0.35,6,shallower_conservative,2.0,2,15.0,5.0,0.8,0.8,10.0
0.55,10766,61,288,43,0.41346153846153844,0.1299093655589124,0.19770114942528735,lower_weight_regularized,2.0,3,10.0,5.0,0.8,0.8,10.0,0.55,"activiti,alluxio,assertj-core,hbase,http-request,incubator-dubbo",11158,ambari,0.35,6,shallower_conservative,2.0,2,15.0,5.0,0.8,0.8,10.0
0.6,10767,60,293,38,0.3877551020408163,0.1148036253776435,0.17715617715617715,lower_weight_regularized,2.0,3,10.0,5.0,0.8,0.8,10.0,0.6,"activiti,alluxio,assertj-core,hbase,http-request,incubator-dubbo",11158,ambari,0.35,6,shallower_conservative,2.0,2,15.0,5.0,0.8,0.8,10.0
0.65,10768,59,298,33,0.358695652173913,0.09969788519637462,0.15602836879432624,lower_weight_regularized,2.0,3,10.0,5.0,0.8,0.8,10.0,0.65,"activiti,alluxio,assertj-core,hbase,http-request,incubator-dubbo",11158,ambari,0.35,6,shallower_conservative,2.0,2,15.0,5.0,0.8,0.8,10.0
0.7,10768,59,304,27,0.313953488372093,0.08157099697885196,0.12949640287769784,lower_weight_regularized,2.0,3,10.0,5.0,0.8,0.8,10.0,0.7,"activiti,alluxio,assertj-core,hbase,http-request,incubator-dubbo",11158,ambari,0.35,6,shallower_conservative,2.0,2,15.0,5.0,0.8,0.8,10.0
0.75,10771,56,310,21,0.2727272727272727,0.0634441087613293,0.10294117647058823,lower_weight_regularized,2.0,3,10.0,5.0,0.8,0.8,10.0,0.75,"activiti,alluxio,assertj-core,hbase,http-request,incubator-dubbo",11158,ambari,0.35,6,shallower_conservative,2.0,2,15.0,5.0,0.8,0.8,10.0
0.8,10772,55,312,19,0.25675675675675674,0.05740181268882175,0.09382716049382715,lower_weight_regularized,2.0,3,10.0,5.0,0.8,0.8,10.0,0.8,"activiti,alluxio,assertj-core,hbase,http-request,incubator-dubbo",11158,ambari,0.35,6,shallower_conservative,2.0,2,15.0,5.0,0.8,0.8,10.0
0.85,10779,48,314,17,0.26153846153846155,0.0513595166163142,0.08585858585858586,lower_weight_regularized,2.0,3,10.0,5.0,0.8,0.8,10.0,0.85,"activiti,alluxio,assertj-core,hbase,http-request,incubator-dubbo",11158,ambari,0.35,6,shallower_conservative,2.0,2,15.0,5.0,0.8,0.8,10.0
0.9,10783,44,323,8,0.15384615384615385,0.02416918429003021,0.04177545691906005,lower_weight_regularized,2.0,3,10.0,5.0,0.8,0.8,10.0,0.9,"activiti,alluxio,assertj-core,hbase,http-request,incubator-dubbo",11158,ambari,0.35,6,shallower_conservative,2.0,2,15.0,5.0,0.8,0.8,10.0
0.3,10742,85,263,68,0.4444444444444444,0.2054380664652568,0.2809917355371901,moderate_complexity,3.0,3,5.0,2.0,0.8,0.8,5.0,0.3,"activiti,alluxio,assertj-core,hbase,http-request,incubator-dubbo",11158,ambari,0.35,6,shallower_conservative,2.0,2,15.0,5.0,0.8,0.8,10.0
0.35,10744,83,271,60,0.4195804195804196,0.18126888217522658,0.2531645569620253,moderate_complexity,3.0,3,5.0,2.0,0.8,0.8,5.0,0.35,"activiti,alluxio,assertj-core,hbase,http-request,incubator-dubbo",11158,ambari,0.35,6,shallower_conservative,2.0,2,15.0,5.0,0.8,0.8,10.0
0.4,10756,71,275,56,0.4409448818897638,0.1691842900302115,0.2445414847161572,moderate_complexity,3.0,3,5.0,2.0,0.8,0.8,5.0,0.4,"activiti,alluxio,assertj-core,hbase,http-request,incubator-dubbo",11158,ambari,0.35,6,shallower_conservative,2.0,2,15.0,5.0,0.8,0.8,10.0
0.45,10761,66,281,50,0.43103448275862066,0.1510574018126888,0.22371364653243847,moderate_complexity,3.0,3,5.0,2.0,0.8,0.8,5.0,0.45,"activiti,alluxio,assertj-core,hbase,http-request,incubator-dubbo",11158,ambari,0.35,6,shallower_conservative,2.0,2,15.0,5.0,0.8,0.8,10.0
0.5,10764,63,286,45,0.4166666666666667,0.13595166163141995,0.2050113895216401,moderate_complexity,3.0,3,5.0,2.0,0.8,0.8,5.0,0.5,"activiti,alluxio,assertj-core,hbase,http-request,incubator-dubbo",11158,ambari,0.35,6,shallower_conservative,2.0,2,15.0,5.0,0.8,0.8,10.0
0.55,10769,58,292,39,0.4020618556701031,0.11782477341389729,0.1822429906542056,moderate_complexity,3.0,3,5.0,2.0,0.8,0.8,5.0,0.55,"activiti,alluxio,assertj-core,hbase,http-request,incubator-dubbo",11158,ambari,0.35,6,shallower_conservative,2.0,2,15.0,5.0,0.8,0.8,10.0
0.6,10772,55,297,34,0.38202247191011235,0.1027190332326284,0.1619047619047619,moderate_complexity,3.0,3,5.0,2.0,0.8,0.8,5.0,0.6,"activiti,alluxio,assertj-core,hbase,http-request,incubator-dubbo",11158,ambari,0.35,6,shallower_conservative,2.0,2,15.0,5.0,0.8,0.8,10.0
0.65,10773,54,304,27,0.3333333333333333,0.08157099697885196,0.13106796116504854,moderate_complexity,3.0,3,5.0,2.0,0.8,0.8,5.0,0.65,"activiti,alluxio,assertj-core,hbase,http-request,incubator-dubbo",11158,ambari,0.35,6,shallower_conservative,2.0,2,15.0,5.0,0.8,0.8,10.0
0.7,10777,50,308,23,0.3150684931506849,0.06948640483383686,0.11386138613861385,moderate_complexity,3.0,3,5.0,2.0,0.8,0.8,5.0,0.7,"activiti,alluxio,assertj-core,hbase,http-request,incubator-dubbo",11158,ambari,0.35,6,shallower_conservative,2.0,2,15.0,5.0,0.8,0.8,10.0
0.75,10778,49,312,19,0.27941176470588236,0.05740181268882175,0.09523809523809525,moderate_complexity,3.0,3,5.0,2.0,0.8,0.8,5.0,0.75,"activiti,alluxio,assertj-core,hbase,http-request,incubator-dubbo",11158,ambari,0.35,6,shallower_conservative,2.0,2,15.0,5.0,0.8,0.8,10.0
0.8,10781,46,314,17,0.2698412698412698,0.0513595166163142,0.08629441624365482,moderate_complexity,3.0,3,5.0,2.0,0.8,0.8,5.0,0.8,"activiti,alluxio,assertj-core,hbase,http-request,incubator-dubbo",11158,ambari,0.35,6,shallower_conservative,2.0,2,15.0,5.0,0.8,0.8,10.0
0.85,10782,45,319,12,0.21052631578947367,0.03625377643504532,0.061855670103092786,moderate_complexity,3.0,3,5.0,2.0,0.8,0.8,5.0,0.85,"activiti,alluxio,assertj-core,hbase,http-request,incubator-dubbo",11158,ambari,0.35,6,shallower_conservative,2.0,2,15.0,5.0,0.8,0.8,10.0
0.9,10785,42,321,10,0.19230769230769232,0.030211480362537766,0.05221932114882507,moderate_complexity,3.0,3,5.0,2.0,0.8,0.8,5.0,0.9,"activiti,alluxio,assertj-core,hbase,http-request,incubator-dubbo",11158,ambari,0.35,6,shallower_conservative,2.0,2,15.0,5.0,0.8,0.8,10.0
0.3,10733,94,269,62,0.3974358974358974,0.18731117824773413,0.2546201232032854,deeper_regularized,3.0,4,5.0,1.0,0.8,0.8,5.0,0.3,"activiti,alluxio,assertj-core,hbase,http-request,incubator-dubbo",11158,ambari,0.35,6,shallower_conservative,2.0,2,15.0,5.0,0.8,0.8,10.0
0.35,10736,91,275,56,0.38095238095238093,0.1691842900302115,0.23430962343096234,deeper_regularized,3.0,4,5.0,1.0,0.8,0.8,5.0,0.35,"activiti,alluxio,assertj-core,hbase,http-request,incubator-dubbo",11158,ambari,0.35,6,shallower_conservative,2.0,2,15.0,5.0,0.8,0.8,10.0
0.4,10744,83,282,49,0.3712121212121212,0.14803625377643503,0.2116630669546436,deeper_regularized,3.0,4,5.0,1.0,0.8,0.8,5.0,0.4,"activiti,alluxio,assertj-core,hbase,http-request,incubator-dubbo",11158,ambari,0.35,6,shallower_conservative,2.0,2,15.0,5.0,0.8,0.8,10.0
0.45,10747,80,287,44,0.3548387096774194,0.13293051359516617,0.1934065934065934,deeper_regularized,3.0,4,5.0,1.0,0.8,0.8,5.0,0.45,"activiti,alluxio,assertj-core,hbase,http-request,incubator-dubbo",11158,ambari,0.35,6,shallower_conservative,2.0,2,15.0,5.0,0.8,0.8,10.0
0.5,10747,80,290,41,0.33884297520661155,0.12386706948640483,0.18141592920353983,deeper_regularized,3.0,4,5.0,1.0,0.8,0.8,5.0,0.5,"activiti,alluxio,assertj-core,hbase,http-request,incubator-dubbo",11158,ambari,0.35,6,shallower_conservative,2.0,2,15.0,5.0,0.8,0.8,10.0
0.55,10749,78,290,41,0.3445378151260504,0.12386706948640483,0.18222222222222223,deeper_regularized,3.0,4,5.0,1.0,0.8,0.8,5.0,0.55,"activiti,alluxio,assertj-core,hbase,http-request,incubator-dubbo",11158,ambari,0.35,6,shallower_conservative,2.0,2,15.0,5.0,0.8,0.8,10.0
0.6,10755,72,291,40,0.35714285714285715,0.12084592145015106,0.18058690744920994,deeper_regularized,3.0,4,5.0,1.0,0.8,0.8,5.0,0.6,"activiti,alluxio,assertj-core,hbase,http-request,incubator-dubbo",11158,ambari,0.35,6,shallower_conservative,2.0,2,15.0,5.0,0.8,0.8,10.0
0.65,10767,60,292,39,0.3939393939393939,0.11782477341389729,0.1813953488372093,deeper_regularized,3.0,4,5.0,1.0,0.8,0.8,5.0,0.65,"activiti,alluxio,assertj-core,hbase,http-request,incubator-dubbo",11158,ambari,0.35,6,shallower_conservative,2.0,2,15.0,5.0,0.8,0.8,10.0
0.7,10769,58,292,39,0.4020618556701031,0.11782477341389729,0.1822429906542056,deeper_regularized,3.0,4,5.0,1.0,0.8,0.8,5.0,0.7,"activiti,alluxio,assertj-core,hbase,http-request,incubator-dubbo",11158,ambari,0.35,6,shallower_conservative,2.0,2,15.0,5.0,0.8,0.8,10.0
0.75,10779,48,298,33,0.4074074074074074,0.09969788519637462,0.16019417475728154,deeper_regularized,3.0,4,5.0,1.0,0.8,0.8,5.0,0.75,"activiti,alluxio,assertj-core,hbase,http-request,incubator-dubbo",11158,ambari,0.35,6,shallower_conservative,2.0,2,15.0,5.0,0.8,0.8,10.0
0.8,10782,45,304,27,0.375,0.08157099697885196,0.1339950372208437,deeper_regularized,3.0,4,5.0,1.0,0.8,0.8,5.0,0.8,"activiti,alluxio,assertj-core,hbase,http-request,incubator-dubbo",11158,ambari,0.35,6,shallower_conservative,2.0,2,15.0,5.0,0.8,0.8,10.0
0.85,10782,45,305,26,0.36619718309859156,0.07854984894259819,0.12935323383084577,deeper_regularized,3.0,4,5.0,1.0,0.8,0.8,5.0,0.85,"activiti,alluxio,assertj-core,hbase,http-request,incubator-dubbo",11158,ambari,0.35,6,shallower_conservative,2.0,2,15.0,5.0,0.8,0.8,10.0
0.9,10783,44,307,24,0.35294117647058826,0.07250755287009064,0.12030075187969927,deeper_regularized,3.0,4,5.0,1.0,0.8,0.8,5.0,0.9,"activiti,alluxio,assertj-core,hbase,http-request,incubator-dubbo",11158,ambari,0.35,6,shallower_conservative,2.0,2,15.0,5.0,0.8,0.8,10.0
0.3,1411,415,140,82,0.16498993963782696,0.36936936936936937,0.22809457579972187,reported_regularized,3.0,3,10.0,5.0,0.8,0.8,10.0,0.3,"commons-exec,elastic-job-lite,hbase,hector,http-request,httpcore",2048,handlebars.java,0.35,6,moderate_complexity,3.0,3,5.0,2.0,0.8,0.8,5.0
0.35,1434,392,152,70,0.15151515151515152,0.3153153153153153,0.20467836257309943,reported_regularized,3.0,3,10.0,5.0,0.8,0.8,10.0,0.35,"commons-exec,elastic-job-lite,hbase,hector,http-request,httpcore",2048,handlebars.java,0.35,6,moderate_complexity,3.0,3,5.0,2.0,0.8,0.8,5.0
0.4,1447,379,161,61,0.13863636363636364,0.2747747747747748,0.1842900302114804,reported_regularized,3.0,3,10.0,5.0,0.8,0.8,10.0,0.4,"commons-exec,elastic-job-lite,hbase,hector,http-request,httpcore",2048,handlebars.java,0.35,6,moderate_complexity,3.0,3,5.0,2.0,0.8,0.8,5.0
0.45,1454,372,166,56,0.1308411214953271,0.25225225225225223,0.17230769230769227,reported_regularized,3.0,3,10.0,5.0,0.8,0.8,10.0,0.45,"commons-exec,elastic-job-lite,hbase,hector,http-request,httpcore",2048,handlebars.java,0.35,6,moderate_complexity,3.0,3,5.0,2.0,0.8,0.8,5.0
0.5,1459,367,168,54,0.12826603325415678,0.24324324324324326,0.16796267496111975,reported_regularized,3.0,3,10.0,5.0,0.8,0.8,10.0,0.5,"commons-exec,elastic-job-lite,hbase,hector,http-request,httpcore",2048,handlebars.java,0.35,6,moderate_complexity,3.0,3,5.0,2.0,0.8,0.8,5.0
0.55,1470,356,172,50,0.12315270935960591,0.22522522522522523,0.15923566878980894,reported_regularized,3.0,3,10.0,5.0,0.8,0.8,10.0,0.55,"commons-exec,elastic-job-lite,hbase,hector,http-request,httpcore",2048,handlebars.java,0.35,6,moderate_complexity,3.0,3,5.0,2.0,0.8,0.8,5.0
0.6,1473,353,178,44,0.11083123425692695,0.1981981981981982,0.1421647819063005,reported_regularized,3.0,3,10.0,5.0,0.8,0.8,10.0,0.6,"commons-exec,elastic-job-lite,hbase,hector,http-request,httpcore",2048,handlebars.java,0.35,6,moderate_complexity,3.0,3,5.0,2.0,0.8,0.8,5.0
0.65,1483,343,181,41,0.10677083333333333,0.18468468468468469,0.1353135313531353,reported_regularized,3.0,3,10.0,5.0,0.8,0.8,10.0,0.65,"commons-exec,elastic-job-lite,hbase,hector,http-request,httpcore",2048,handlebars.java,0.35,6,moderate_complexity,3.0,3,5.0,2.0,0.8,0.8,5.0
0.7,1509,317,181,41,0.11452513966480447,0.18468468468468469,0.14137931034482756,reported_regularized,3.0,3,10.0,5.0,0.8,0.8,10.0,0.7,"commons-exec,elastic-job-lite,hbase,hector,http-request,httpcore",2048,handlebars.java,0.35,6,moderate_complexity,3.0,3,5.0,2.0,0.8,0.8,5.0
0.75,1569,257,185,37,0.12585034013605442,0.16666666666666666,0.14341085271317827,reported_regularized,3.0,3,10.0,5.0,0.8,0.8,10.0,0.75,"commons-exec,elastic-job-lite,hbase,hector,http-request,httpcore",2048,handlebars.java,0.35,6,moderate_complexity,3.0,3,5.0,2.0,0.8,0.8,5.0
0.8,1589,237,186,36,0.13186813186813187,0.16216216216216217,0.14545454545454548,reported_regularized,3.0,3,10.0,5.0,0.8,0.8,10.0,0.8,"commons-exec,elastic-job-lite,hbase,hector,http-request,httpcore",2048,handlebars.java,0.35,6,moderate_complexity,3.0,3,5.0,2.0,0.8,0.8,5.0
0.85,1598,228,186,36,0.13636363636363635,0.16216216216216217,0.14814814814814814,reported_regularized,3.0,3,10.0,5.0,0.8,0.8,10.0,0.85,"commons-exec,elastic-job-lite,hbase,hector,http-request,httpcore",2048,handlebars.java,0.35,6,moderate_complexity,3.0,3,5.0,2.0,0.8,0.8,5.0
0.9,1645,181,186,36,0.16589861751152074,0.16216216216216217,0.16400911161731208,reported_regularized,3.0,3,10.0,5.0,0.8,0.8,10.0,0.9,"commons-exec,elastic-job-lite,hbase,hector,http-request,httpcore",2048,handlebars.java,0.35,6,moderate_complexity,3.0,3,5.0,2.0,0.8,0.8,5.0
0.3,1440,386,124,98,0.2024793388429752,0.44144144144144143,0.27762039660056653,shallower_conservative,2.0,2,15.0,5.0,0.8,0.8,10.0,0.3,"commons-exec,elastic-job-lite,hbase,hector,http-request,httpcore",2048,handlebars.java,0.35,6,moderate_complexity,3.0,3,5.0,2.0,0.8,0.8,5.0
0.35,1448,378,138,84,0.18181818181818182,0.3783783783783784,0.2456140350877193,shallower_conservative,2.0,2,15.0,5.0,0.8,0.8,10.0,0.35,"commons-exec,elastic-job-lite,hbase,hector,http-request,httpcore",2048,handlebars.java,0.35,6,moderate_complexity,3.0,3,5.0,2.0,0.8,0.8,5.0
0.4,1457,369,144,78,0.174496644295302,0.35135135135135137,0.23318385650224213,shallower_conservative,2.0,2,15.0,5.0,0.8,0.8,10.0,0.4,"commons-exec,elastic-job-lite,hbase,hector,http-request,httpcore",2048,handlebars.java,0.35,6,moderate_complexity,3.0,3,5.0,2.0,0.8,0.8,5.0
0.45,1513,313,164,58,0.15633423180592992,0.26126126126126126,0.19561551433389546,shallower_conservative,2.0,2,15.0,5.0,0.8,0.8,10.0,0.45,"commons-exec,elastic-job-lite,hbase,hector,http-request,httpcore",2048,handlebars.java,0.35,6,moderate_complexity,3.0,3,5.0,2.0,0.8,0.8,5.0
0.5,1547,279,173,49,0.14939024390243902,0.22072072072072071,0.1781818181818182,shallower_conservative,2.0,2,15.0,5.0,0.8,0.8,10.0,0.5,"commons-exec,elastic-job-lite,hbase,hector,http-request,httpcore",2048,handlebars.java,0.35,6,moderate_complexity,3.0,3,5.0,2.0,0.8,0.8,5.0
0.55,1555,271,174,48,0.15047021943573669,0.21621621621621623,0.17744916820702406,shallower_conservative,2.0,2,15.0,5.0,0.8,0.8,10.0,0.55,"commons-exec,elastic-job-lite,hbase,hector,http-request,httpcore",2048,handlebars.java,0.35,6,moderate_complexity,3.0,3,5.0,2.0,0.8,0.8,5.0
0.6,1560,266,177,45,0.14469453376205788,0.20270270270270271,0.16885553470919323,shallower_conservative,2.0,2,15.0,5.0,0.8,0.8,10.0,0.6,"commons-exec,elastic-job-lite,hbase,hector,http-request,httpcore",2048,handlebars.java,0.35,6,moderate_complexity,3.0,3,5.0,2.0,0.8,0.8,5.0
0.65,1570,256,177,45,0.14950166112956811,0.20270270270270271,0.17208413001912046,shallower_conservative,2.0,2,15.0,5.0,0.8,0.8,10.0,0.65,"commons-exec,elastic-job-lite,hbase,hector,http-request,httpcore",2048,handlebars.java,0.35,6,moderate_complexity,3.0,3,5.0,2.0,0.8,0.8,5.0
0.7,1579,247,181,41,0.1423611111111111,0.18468468468468469,0.16078431372549018,shallower_conservative,2.0,2,15.0,5.0,0.8,0.8,10.0,0.7,"commons-exec,elastic-job-lite,hbase,hector,http-request,httpcore",2048,handlebars.java,0.35,6,moderate_complexity,3.0,3,5.0,2.0,0.8,0.8,5.0
0.75,1615,211,185,37,0.14919354838709678,0.16666666666666666,0.1574468085106383,shallower_conservative,2.0,2,15.0,5.0,0.8,0.8,10.0,0.75,"commons-exec,elastic-job-lite,hbase,hector,http-request,httpcore",2048,handlebars.java,0.35,6,moderate_complexity,3.0,3,5.0,2.0,0.8,0.8,5.0
0.8,1730,96,186,36,0.2727272727272727,0.16216216216216217,0.20338983050847456,shallower_conservative,2.0,2,15.0,5.0,0.8,0.8,10.0,0.8,"commons-exec,elastic-job-lite,hbase,hector,http-request,httpcore",2048,handlebars.java,0.35,6,moderate_complexity,3.0,3,5.0,2.0,0.8,0.8,5.0
0.85,1737,89,186,36,0.288,0.16216216216216217,0.207492795389049,shallower_conservative,2.0,2,15.0,5.0,0.8,0.8,10.0,0.85,"commons-exec,elastic-job-lite,hbase,hector,http-request,httpcore",2048,handlebars.java,0.35,6,moderate_complexity,3.0,3,5.0,2.0,0.8,0.8,5.0
0.9,1768,58,187,35,0.3763440860215054,0.15765765765765766,0.22222222222222218,shallower_conservative,2.0,2,15.0,5.0,0.8,0.8,10.0,0.9,"commons-exec,elastic-job-lite,hbase,hector,http-request,httpcore",2048,handlebars.java,0.35,6,moderate_complexity,3.0,3,5.0,2.0,0.8,0.8,5.0
0.3,1442,384,145,77,0.16702819956616052,0.34684684684684686,0.2254758418740849,lower_weight_regularized,2.0,3,10.0,5.0,0.8,0.8,10.0,0.3,"commons-exec,elastic-job-lite,hbase,hector,http-request,httpcore",2048,handlebars.java,0.35,6,moderate_complexity,3.0,3,5.0,2.0,0.8,0.8,5.0
0.35,1460,366,154,68,0.15668202764976957,0.3063063063063063,0.2073170731707317,lower_weight_regularized,2.0,3,10.0,5.0,0.8,0.8,10.0,0.35,"commons-exec,elastic-job-lite,hbase,hector,http-request,httpcore",2048,handlebars.java,0.35,6,moderate_complexity,3.0,3,5.0,2.0,0.8,0.8,5.0
0.4,1469,357,159,63,0.15,0.28378378378378377,0.19626168224299062,lower_weight_regularized,2.0,3,10.0,5.0,0.8,0.8,10.0,0.4,"commons-exec,elastic-job-lite,hbase,hector,http-request,httpcore",2048,handlebars.java,0.35,6,moderate_complexity,3.0,3,5.0,2.0,0.8,0.8,5.0
0.45,1472,354,166,56,0.13658536585365855,0.25225225225225223,0.17721518987341772,lower_weight_regularized,2.0,3,10.0,5.0,0.8,0.8,10.0,0.45,"commons-exec,elastic-job-lite,hbase,hector,http-request,httpcore",2048,handlebars.java,0.35,6,moderate_complexity,3.0,3,5.0,2.0,0.8,0.8,5.0
0.5,1482,344,171,51,0.1291139240506329,0.22972972972972974,0.1653160453808752,lower_weight_regularized,2.0,3,10.0,5.0,0.8,0.8,10.0,0.5,"commons-exec,elastic-job-lite,hbase,hector,http-request,httpcore",2048,handlebars.java,0.35,6,moderate_complexity,3.0,3,5.0,2.0,0.8,0.8,5.0
0.55,1496,330,174,48,0.12698412698412698,0.21621621621621623,0.16,lower_weight_regularized,2.0,3,10.0,5.0,0.8,0.8,10.0,0.55,"commons-exec,elastic-job-lite,hbase,hector,http-request,httpcore",2048,handlebars.java,0.35,6,moderate_complexity,3.0,3,5.0,2.0,0.8,0.8,5.0
0.6,1544,282,178,44,0.13496932515337423,0.1981981981981982,0.16058394160583941,lower_weight_regularized,2.0,3,10.0,5.0,0.8,0.8,10.0,0.6,"commons-exec,elastic-job-lite,hbase,hector,http-request,httpcore",2048,handlebars.java,0.35,6,moderate_complexity,3.0,3,5.0,2.0,0.8,0.8,5.0
0.65,1570,256,182,40,0.13513513513513514,0.18018018018018017,0.15444015444015444,lower_weight_regularized,2.0,3,10.0,5.0,0.8,0.8,10.0,0.65,"commons-exec,elastic-job-lite,hbase,hector,http-request,httpcore",2048,handlebars.java,0.35,6,moderate_complexity,3.0,3,5.0,2.0,0.8,0.8,5.0
0.7,1581,245,183,39,0.13732394366197184,0.17567567567567569,0.15415019762845852,lower_weight_regularized,2.0,3,10.0,5.0,0.8,0.8,10.0,0.7,"commons-exec,elastic-job-lite,hbase,hector,http-request,httpcore",2048,handlebars.java,0.35,6,moderate_complexity,3.0,3,5.0,2.0,0.8,0.8,5.0
0.75,1593,233,185,37,0.13703703703703704,0.16666666666666666,0.15040650406504064,lower_weight_regularized,2.0,3,10.0,5.0,0.8,0.8,10.0,0.75,"commons-exec,elastic-job-lite,hbase,hector,http-request,httpcore",2048,handlebars.java,0.35,6,moderate_complexity,3.0,3,5.0,2.0,0.8,0.8,5.0
0.8,1599,227,186,36,0.13688212927756654,0.16216216216216217,0.1484536082474227,lower_weight_regularized,2.0,3,10.0,5.0,0.8,0.8,10.0,0.8,"commons-exec,elastic-job-lite,hbase,hector,http-request,httpcore",2048,handlebars.java,0.35,6,moderate_complexity,3.0,3,5.0,2.0,0.8,0.8,5.0
0.85,1605,221,186,36,0.14007782101167315,0.16216216216216217,0.15031315240083507,lower_weight_regularized,2.0,3,10.0,5.0,0.8,0.8,10.0,0.85,"commons-exec,elastic-job-lite,hbase,hector,http-request,httpcore",2048,handlebars.java,0.35,6,moderate_complexity,3.0,3,5.0,2.0,0.8,0.8,5.0
0.9,1757,69,187,35,0.33653846153846156,0.15765765765765766,0.2147239263803681,lower_weight_regularized,2.0,3,10.0,5.0,0.8,0.8,10.0,0.9,"commons-exec,elastic-job-lite,hbase,hector,http-request,httpcore",2048,handlebars.java,0.35,6,moderate_complexity,3.0,3,5.0,2.0,0.8,0.8,5.0
0.3,1441,385,120,102,0.20944558521560575,0.4594594594594595,0.28772919605077574,moderate_complexity,3.0,3,5.0,2.0,0.8,0.8,5.0,0.3,"commons-exec,elastic-job-lite,hbase,hector,http-request,httpcore",2048,handlebars.java,0.35,6,moderate_complexity,3.0,3,5.0,2.0,0.8,0.8,5.0
0.35,1480,346,126,96,0.2171945701357466,0.43243243243243246,0.2891566265060241,moderate_complexity,3.0,3,5.0,2.0,0.8,0.8,5.0,0.35,"commons-exec,elastic-job-lite,hbase,hector,http-request,httpcore",2048,handlebars.java,0.35,6,moderate_complexity,3.0,3,5.0,2.0,0.8,0.8,5.0
0.4,1517,309,133,89,0.2236180904522613,0.4009009009009009,0.28709677419354834,moderate_complexity,3.0,3,5.0,2.0,0.8,0.8,5.0,0.4,"commons-exec,elastic-job-lite,hbase,hector,http-request,httpcore",2048,handlebars.java,0.35,6,moderate_complexity,3.0,3,5.0,2.0,0.8,0.8,5.0
0.45,1547,279,140,82,0.22714681440443213,0.36936936936936937,0.281303602058319,moderate_complexity,3.0,3,5.0,2.0,0.8,0.8,5.0,0.45,"commons-exec,elastic-job-lite,hbase,hector,http-request,httpcore",2048,handlebars.java,0.35,6,moderate_complexity,3.0,3,5.0,2.0,0.8,0.8,5.0
0.5,1553,273,144,78,0.2222222222222222,0.35135135135135137,0.2722513089005235,moderate_complexity,3.0,3,5.0,2.0,0.8,0.8,5.0,0.5,"commons-exec,elastic-job-lite,hbase,hector,http-request,httpcore",2048,handlebars.java,0.35,6,moderate_complexity,3.0,3,5.0,2.0,0.8,0.8,5.0
0.55,1564,262,151,71,0.2132132132132132,0.31981981981981983,0.25585585585585585,moderate_complexity,3.0,3,5.0,2.0,0.8,0.8,5.0,0.55,"commons-exec,elastic-job-lite,hbase,hector,http-request,httpcore",2048,handlebars.java,0.35,6,moderate_complexity,3.0,3,5.0,2.0,0.8,0.8,5.0
0.6,1575,251,158,64,0.20317460317460317,0.2882882882882883,0.2383612662942272,moderate_complexity,3.0,3,5.0,2.0,0.8,0.8,5.0,0.6,"commons-exec,elastic-job-lite,hbase,hector,http-request,httpcore",2048,handlebars.java,0.35,6,moderate_complexity,3.0,3,5.0,2.0,0.8,0.8,5.0
0.65,1611,215,165,57,0.20955882352941177,0.25675675675675674,0.23076923076923078,moderate_complexity,3.0,3,5.0,2.0,0.8,0.8,5.0,0.65,"commons-exec,elastic-job-lite,hbase,hector,http-request,httpcore",2048,handlebars.java,0.35,6,moderate_complexity,3.0,3,5.0,2.0,0.8,0.8,5.0
0.7,1634,192,168,54,0.21951219512195122,0.24324324324324326,0.23076923076923075,moderate_complexity,3.0,3,5.0,2.0,0.8,0.8,5.0,0.7,"commons-exec,elastic-job-lite,hbase,hector,http-request,httpcore",2048,handlebars.java,0.35,6,moderate_complexity,3.0,3,5.0,2.0,0.8,0.8,5.0
0.75,1662,164,173,49,0.2300469483568075,0.22072072072072071,0.22528735632183908,moderate_complexity,3.0,3,5.0,2.0,0.8,0.8,5.0,0.75,"commons-exec,elastic-job-lite,hbase,hector,http-request,httpcore",2048,handlebars.java,0.35,6,moderate_complexity,3.0,3,5.0,2.0,0.8,0.8,5.0
0.8,1717,109,179,43,0.28289473684210525,0.19369369369369369,0.22994652406417113,moderate_complexity,3.0,3,5.0,2.0,0.8,0.8,5.0,0.8,"commons-exec,elastic-job-lite,hbase,hector,http-request,httpcore",2048,handlebars.java,0.35,6,moderate_complexity,3.0,3,5.0,2.0,0.8,0.8,5.0
0.85,1733,93,183,39,0.29545454545454547,0.17567567567567569,0.22033898305084745,moderate_complexity,3.0,3,5.0,2.0,0.8,0.8,5.0,0.85,"commons-exec,elastic-job-lite,hbase,hector,http-request,httpcore",2048,handlebars.java,0.35,6,moderate_complexity,3.0,3,5.0,2.0,0.8,0.8,5.0
0.9,1755,71,185,37,0.3425925925925926,0.16666666666666666,0.22424242424242424,moderate_complexity,3.0,3,5.0,2.0,0.8,0.8,5.0,0.9,"commons-exec,elastic-job-lite,hbase,hector,http-request,httpcore",2048,handlebars.java,0.35,6,moderate_complexity,3.0,3,5.0,2.0,0.8,0.8,5.0
0.3,1410,416,136,86,0.17131474103585656,0.38738738738738737,0.2375690607734806,deeper_regularized,3.0,4,5.0,1.0,0.8,0.8,5.0,0.3,"commons-exec,elastic-job-lite,hbase,hector,http-request,httpcore",2048,handlebars.java,0.35,6,moderate_complexity,3.0,3,5.0,2.0,0.8,0.8,5.0
0.35,1415,411,142,80,0.1629327902240326,0.36036036036036034,0.2244039270687237,deeper_regularized,3.0,4,5.0,1.0,0.8,0.8,5.0,0.35,"commons-exec,elastic-job-lite,hbase,hector,http-request,httpcore",2048,handlebars.java,0.35,6,moderate_complexity,3.0,3,5.0,2.0,0.8,0.8,5.0
0.4,1424,402,149,73,0.15368421052631578,0.32882882882882886,0.20946915351506454,deeper_regularized,3.0,4,5.0,1.0,0.8,0.8,5.0,0.4,"commons-exec,elastic-job-lite,hbase,hector,http-request,httpcore",2048,handlebars.java,0.35,6,moderate_complexity,3.0,3,5.0,2.0,0.8,0.8,5.0
0.45,1446,380,155,67,0.14988814317673377,0.30180180180180183,0.20029895366218237,deeper_regularized,3.0,4,5.0,1.0,0.8,0.8,5.0,0.45,"commons-exec,elastic-job-lite,hbase,hector,http-request,httpcore",2048,handlebars.java,0.35,6,moderate_complexity,3.0,3,5.0,2.0,0.8,0.8,5.0
0.5,1466,360,157,65,0.15294117647058825,0.2927927927927928,0.2009273570324575,deeper_regularized,3.0,4,5.0,1.0,0.8,0.8,5.0,0.5,"commons-exec,elastic-job-lite,hbase,hector,http-request,httpcore",2048,handlebars.java,0.35,6,moderate_complexity,3.0,3,5.0,2.0,0.8,0.8,5.0
0.55,1484,342,163,59,0.14713216957605985,0.26576576576576577,0.18940609951845905,deeper_regularized,3.0,4,5.0,1.0,0.8,0.8,5.0,0.55,"commons-exec,elastic-job-lite,hbase,hector,http-request,httpcore",2048,handlebars.java,0.35,6,moderate_complexity,3.0,3,5.0,2.0,0.8,0.8,5.0
0.6,1513,313,170,52,0.14246575342465753,0.23423423423423423,0.17717206132879046,deeper_regularized,3.0,4,5.0,1.0,0.8,0.8,5.0,0.6,"commons-exec,elastic-job-lite,hbase,hector,http-request,httpcore",2048,handlebars.java,0.35,6,moderate_complexity,3.0,3,5.0,2.0,0.8,0.8,5.0
0.65,1538,288,172,50,0.14792899408284024,0.22522522522522523,0.17857142857142858,deeper_regularized,3.0,4,5.0,1.0,0.8,0.8,5.0,0.65,"commons-exec,elastic-job-lite,hbase,hector,http-request,httpcore",2048,handlebars.java,0.35,6,moderate_complexity,3.0,3,5.0,2.0,0.8,0.8,5.0
0.7,1564,262,177,45,0.1465798045602606,0.20270270270270271,0.17013232514177695,deeper_regularized,3.0,4,5.0,1.0,0.8,0.8,5.0,0.7,"commons-exec,elastic-job-lite,hbase,hector,http-request,httpcore",2048,handlebars.java,0.35,6,moderate_complexity,3.0,3,5.0,2.0,0.8,0.8,5.0
0.75,1575,251,179,43,0.14625850340136054,0.19369369369369369,0.16666666666666669,deeper_regularized,3.0,4,5.0,1.0,0.8,0.8,5.0,0.75,"commons-exec,elastic-job-lite,hbase,hector,http-request,httpcore",2048,handlebars.java,0.35,6,moderate_complexity,3.0,3,5.0,2.0,0.8,0.8,5.0
0.8,1585,241,183,39,0.1392857142857143,0.17567567567567569,0.1553784860557769,deeper_regularized,3.0,4,5.0,1.0,0.8,0.8,5.0,0.8,"commons-exec,elastic-job-lite,hbase,hector,http-request,httpcore",2048,handlebars.java,0.35,6,moderate_complexity,3.0,3,5.0,2.0,0.8,0.8,5.0
0.85,1606,220,185,37,0.14396887159533073,0.16666666666666666,0.1544885177453027,deeper_regularized,3.0,4,5.0,1.0,0.8,0.8,5.0,0.85,"commons-exec,elastic-job-lite,hbase,hector,http-request,httpcore",2048,handlebars.java,0.35,6,moderate_complexity,3.0,3,5.0,2.0,0.8,0.8,5.0
0.9,1658,168,186,36,0.17647058823529413,0.16216216216216217,0.16901408450704225,deeper_regularized,3.0,4,5.0,1.0,0.8,0.8,5.0,0.9,"commons-exec,elastic-job-lite,hbase,hector,http-request,httpcore",2048,handlebars.java,0.35,6,moderate_complexity,3.0,3,5.0,2.0,0.8,0.8,5.0
0.3,1230,43,38,134,0.7570621468926554,0.7790697674418605,0.7679083094555875,reported_regularized,3.0,3,10.0,5.0,0.8,0.8,10.0,0.3,"alluxio,commons-exec,elastic-job-lite,handlebars.java,hector,http-request",1445,hbase,0.3,6,shallower_conservative,2.0,2,15.0,5.0,0.8,0.8,10.0
0.35,1236,37,41,131,0.7797619047619048,0.7616279069767442,0.7705882352941177,reported_regularized,3.0,3,10.0,5.0,0.8,0.8,10.0,0.35,"alluxio,commons-exec,elastic-job-lite,handlebars.java,hector,http-request",1445,hbase,0.3,6,shallower_conservative,2.0,2,15.0,5.0,0.8,0.8,10.0
0.4,1236,37,43,129,0.7771084337349398,0.75,0.7633136094674557,reported_regularized,3.0,3,10.0,5.0,0.8,0.8,10.0,0.4,"alluxio,commons-exec,elastic-job-lite,handlebars.java,hector,http-request",1445,hbase,0.3,6,shallower_conservative,2.0,2,15.0,5.0,0.8,0.8,10.0
0.45,1242,31,45,127,0.8037974683544303,0.7383720930232558,0.7696969696969697,reported_regularized,3.0,3,10.0,5.0,0.8,0.8,10.0,0.45,"alluxio,commons-exec,elastic-job-lite,handlebars.java,hector,http-request",1445,hbase,0.3,6,shallower_conservative,2.0,2,15.0,5.0,0.8,0.8,10.0
0.5,1242,31,46,126,0.802547770700637,0.7325581395348837,0.7659574468085106,reported_regularized,3.0,3,10.0,5.0,0.8,0.8,10.0,0.5,"alluxio,commons-exec,elastic-job-lite,handlebars.java,hector,http-request",1445,hbase,0.3,6,shallower_conservative,2.0,2,15.0,5.0,0.8,0.8,10.0
0.55,1242,31,46,126,0.802547770700637,0.7325581395348837,0.7659574468085106,reported_regularized,3.0,3,10.0,5.0,0.8,0.8,10.0,0.55,"alluxio,commons-exec,elastic-job-lite,handlebars.java,hector,http-request",1445,hbase,0.3,6,shallower_conservative,2.0,2,15.0,5.0,0.8,0.8,10.0
0.6,1242,31,53,119,0.7933333333333333,0.6918604651162791,0.7391304347826088,reported_regularized,3.0,3,10.0,5.0,0.8,0.8,10.0,0.6,"alluxio,commons-exec,elastic-job-lite,handlebars.java,hector,http-request",1445,hbase,0.3,6,shallower_conservative,2.0,2,15.0,5.0,0.8,0.8,10.0
0.65,1243,30,55,117,0.7959183673469388,0.6802325581395349,0.7335423197492162,reported_regularized,3.0,3,10.0,5.0,0.8,0.8,10.0,0.65,"alluxio,commons-exec,elastic-job-lite,handlebars.java,hector,http-request",1445,hbase,0.3,6,shallower_conservative,2.0,2,15.0,5.0,0.8,0.8,10.0
0.7,1243,30,57,115,0.7931034482758621,0.6686046511627907,0.7255520504731863,reported_regularized,3.0,3,10.0,5.0,0.8,0.8,10.0,0.7,"alluxio,commons-exec,elastic-job-lite,handlebars.java,hector,http-request",1445,hbase,0.3,6,shallower_conservative,2.0,2,15.0,5.0,0.8,0.8,10.0
0.75,1243,30,63,109,0.7841726618705036,0.6337209302325582,0.7009646302250804,reported_regularized,3.0,3,10.0,5.0,0.8,0.8,10.0,0.75,"alluxio,commons-exec,elastic-job-lite,handlebars.java,hector,http-request",1445,hbase,0.3,6,shallower_conservative,2.0,2,15.0,5.0,0.8,0.8,10.0
0.8,1244,29,74,98,0.7716535433070866,0.5697674418604651,0.6555183946488294,reported_regularized,3.0,3,10.0,5.0,0.8,0.8,10.0,0.8,"alluxio,commons-exec,elastic-job-lite,handlebars.java,hector,http-request",1445,hbase,0.3,6,shallower_conservative,2.0,2,15.0,5.0,0.8,0.8,10.0
0.85,1249,24,89,83,0.7757009345794392,0.48255813953488375,0.5949820788530467,reported_regularized,3.0,3,10.0,5.0,0.8,0.8,10.0,0.85,"alluxio,commons-exec,elastic-job-lite,handlebars.java,hector,http-request",1445,hbase,0.3,6,shallower_conservative,2.0,2,15.0,5.0,0.8,0.8,10.0
0.9,1249,24,127,45,0.6521739130434783,0.2616279069767442,0.37344398340248963,reported_regularized,3.0,3,10.0,5.0,0.8,0.8,10.0,0.9,"alluxio,commons-exec,elastic-job-lite,handlebars.java,hector,http-request",1445,hbase,0.3,6,shallower_conservative,2.0,2,15.0,5.0,0.8,0.8,10.0
0.3,1241,32,35,137,0.8106508875739645,0.7965116279069767,0.8035190615835777,shallower_conservative,2.0,2,15.0,5.0,0.8,0.8,10.0,0.3,"alluxio,commons-exec,elastic-job-lite,handlebars.java,hector,http-request",1445,hbase,0.3,6,shallower_conservative,2.0,2,15.0,5.0,0.8,0.8,10.0
0.35,1242,31,41,131,0.808641975308642,0.7616279069767442,0.784431137724551,shallower_conservative,2.0,2,15.0,5.0,0.8,0.8,10.0,0.35,"alluxio,commons-exec,elastic-job-lite,handlebars.java,hector,http-request",1445,hbase,0.3,6,shallower_conservative,2.0,2,15.0,5.0,0.8,0.8,10.0
0.4,1243,30,43,129,0.8113207547169812,0.75,0.7794561933534744,shallower_conservative,2.0,2,15.0,5.0,0.8,0.8,10.0,0.4,"alluxio,commons-exec,elastic-job-lite,handlebars.java,hector,http-request",1445,hbase,0.3,6,shallower_conservative,2.0,2,15.0,5.0,0.8,0.8,10.0
0.45,1243,30,46,126,0.8076923076923077,0.7325581395348837,0.7682926829268293,shallower_conservative,2.0,2,15.0,5.0,0.8,0.8,10.0,0.45,"alluxio,commons-exec,elastic-job-lite,handlebars.java,hector,http-request",1445,hbase,0.3,6,shallower_conservative,2.0,2,15.0,5.0,0.8,0.8,10.0
0.5,1243,30,49,123,0.803921568627451,0.7151162790697675,0.756923076923077,shallower_conservative,2.0,2,15.0,5.0,0.8,0.8,10.0,0.5,"alluxio,commons-exec,elastic-job-lite,handlebars.java,hector,http-request",1445,hbase,0.3,6,shallower_conservative,2.0,2,15.0,5.0,0.8,0.8,10.0
0.55,1243,30,52,120,0.8,0.6976744186046512,0.7453416149068322,shallower_conservative,2.0,2,15.0,5.0,0.8,0.8,10.0,0.55,"alluxio,commons-exec,elastic-job-lite,handlebars.java,hector,http-request",1445,hbase,0.3,6,shallower_conservative,2.0,2,15.0,5.0,0.8,0.8,10.0
0.6,1243,30,53,119,0.7986577181208053,0.6918604651162791,0.7414330218068536,shallower_conservative,2.0,2,15.0,5.0,0.8,0.8,10.0,0.6,"alluxio,commons-exec,elastic-job-lite,handlebars.java,hector,http-request",1445,hbase,0.3,6,shallower_conservative,2.0,2,15.0,5.0,0.8,0.8,10.0
0.65,1243,30,58,114,0.7916666666666666,0.6627906976744186,0.7215189873417721,shallower_conservative,2.0,2,15.0,5.0,0.8,0.8,10.0,0.65,"alluxio,commons-exec,elastic-job-lite,handlebars.java,hector,http-request",1445,hbase,0.3,6,shallower_conservative,2.0,2,15.0,5.0,0.8,0.8,10.0
0.7,1243,30,65,107,0.781021897810219,0.622093023255814,0.6925566343042071,shallower_conservative,2.0,2,15.0,5.0,0.8,0.8,10.0,0.7,"alluxio,commons-exec,elastic-job-lite,handlebars.java,hector,http-request",1445,hbase,0.3,6,shallower_conservative,2.0,2,15.0,5.0,0.8,0.8,10.0
0.75,1243,30,126,46,0.6052631578947368,0.26744186046511625,0.3709677419354839,shallower_conservative,2.0,2,15.0,5.0,0.8,0.8,10.0,0.75,"alluxio,commons-exec,elastic-job-lite,handlebars.java,hector,http-request",1445,hbase,0.3,6,shallower_conservative,2.0,2,15.0,5.0,0.8,0.8,10.0
0.8,1250,23,165,7,0.23333333333333334,0.040697674418604654,0.06930693069306931,shallower_conservative,2.0,2,15.0,5.0,0.8,0.8,10.0,0.8,"alluxio,commons-exec,elastic-job-lite,handlebars.java,hector,http-request",1445,hbase,0.3,6,shallower_conservative,2.0,2,15.0,5.0,0.8,0.8,10.0
0.85,1251,22,166,6,0.21428571428571427,0.03488372093023256,0.06,shallower_conservative,2.0,2,15.0,5.0,0.8,0.8,10.0,0.85,"alluxio,commons-exec,elastic-job-lite,handlebars.java,hector,http-request",1445,hbase,0.3,6,shallower_conservative,2.0,2,15.0,5.0,0.8,0.8,10.0
0.9,1257,16,167,5,0.23809523809523808,0.029069767441860465,0.05181347150259068,shallower_conservative,2.0,2,15.0,5.0,0.8,0.8,10.0,0.9,"alluxio,commons-exec,elastic-job-lite,handlebars.java,hector,http-request",1445,hbase,0.3,6,shallower_conservative,2.0,2,15.0,5.0,0.8,0.8,10.0
0.3,1237,36,40,132,0.7857142857142857,0.7674418604651163,0.7764705882352941,lower_weight_regularized,2.0,3,10.0,5.0,0.8,0.8,10.0,0.3,"alluxio,commons-exec,elastic-job-lite,handlebars.java,hector,http-request",1445,hbase,0.3,6,shallower_conservative,2.0,2,15.0,5.0,0.8,0.8,10.0
0.35,1242,31,41,131,0.808641975308642,0.7616279069767442,0.784431137724551,lower_weight_regularized,2.0,3,10.0,5.0,0.8,0.8,10.0,0.35,"alluxio,commons-exec,elastic-job-lite,handlebars.java,hector,http-request",1445,hbase,0.3,6,shallower_conservative,2.0,2,15.0,5.0,0.8,0.8,10.0
0.4,1242,31,42,130,0.8074534161490683,0.7558139534883721,0.7807807807807807,lower_weight_regularized,2.0,3,10.0,5.0,0.8,0.8,10.0,0.4,"alluxio,commons-exec,elastic-job-lite,handlebars.java,hector,http-request",1445,hbase,0.3,6,shallower_conservative,2.0,2,15.0,5.0,0.8,0.8,10.0
0.45,1243,30,47,125,0.8064516129032258,0.7267441860465116,0.764525993883792,lower_weight_regularized,2.0,3,10.0,5.0,0.8,0.8,10.0,0.45,"alluxio,commons-exec,elastic-job-lite,handlebars.java,hector,http-request",1445,hbase,0.3,6,shallower_conservative,2.0,2,15.0,5.0,0.8,0.8,10.0
0.5,1243,30,50,122,0.8026315789473685,0.7093023255813954,0.7530864197530864,lower_weight_regularized,2.0,3,10.0,5.0,0.8,0.8,10.0,0.5,"alluxio,commons-exec,elastic-job-lite,handlebars.java,hector,http-request",1445,hbase,0.3,6,shallower_conservative,2.0,2,15.0,5.0,0.8,0.8,10.0
0.55,1243,30,54,118,0.7972972972972973,0.686046511627907,0.7375,lower_weight_regularized,2.0,3,10.0,5.0,0.8,0.8,10.0,0.55,"alluxio,commons-exec,elastic-job-lite,handlebars.java,hector,http-request",1445,hbase,0.3,6,shallower_conservative,2.0,2,15.0,5.0,0.8,0.8,10.0
0.6,1243,30,56,116,0.7945205479452054,0.6744186046511628,0.7295597484276729,lower_weight_regularized,2.0,3,10.0,5.0,0.8,0.8,10.0,0.6,"alluxio,commons-exec,elastic-job-lite,handlebars.java,hector,http-request",1445,hbase,0.3,6,shallower_conservative,2.0,2,15.0,5.0,0.8,0.8,10.0
0.65,1243,30,58,114,0.7916666666666666,0.6627906976744186,0.7215189873417721,lower_weight_regularized,2.0,3,10.0,5.0,0.8,0.8,10.0,0.65,"alluxio,commons-exec,elastic-job-lite,handlebars.java,hector,http-request",1445,hbase,0.3,6,shallower_conservative,2.0,2,15.0,5.0,0.8,0.8,10.0
0.7,1243,30,61,111,0.7872340425531915,0.6453488372093024,0.7092651757188498,lower_weight_regularized,2.0,3,10.0,5.0,0.8,0.8,10.0,0.7,"alluxio,commons-exec,elastic-job-lite,handlebars.java,hector,http-request",1445,hbase,0.3,6,shallower_conservative,2.0,2,15.0,5.0,0.8,0.8,10.0
0.75,1243,30,74,98,0.765625,0.5697674418604651,0.6533333333333333,lower_weight_regularized,2.0,3,10.0,5.0,0.8,0.8,10.0,0.75,"alluxio,commons-exec,elastic-job-lite,handlebars.java,hector,http-request",1445,hbase,0.3,6,shallower_conservative,2.0,2,15.0,5.0,0.8,0.8,10.0
0.8,1244,29,88,84,0.7433628318584071,0.4883720930232558,0.5894736842105263,lower_weight_regularized,2.0,3,10.0,5.0,0.8,0.8,10.0,0.8,"alluxio,commons-exec,elastic-job-lite,handlebars.java,hector,http-request",1445,hbase,0.3,6,shallower_conservative,2.0,2,15.0,5.0,0.8,0.8,10.0
0.85,1250,23,149,23,0.5,0.13372093023255813,0.2110091743119266,lower_weight_regularized,2.0,3,10.0,5.0,0.8,0.8,10.0,0.85,"alluxio,commons-exec,elastic-job-lite,handlebars.java,hector,http-request",1445,hbase,0.3,6,shallower_conservative,2.0,2,15.0,5.0,0.8,0.8,10.0
0.9,1256,17,167,5,0.22727272727272727,0.029069767441860465,0.05154639175257731,lower_weight_regularized,2.0,3,10.0,5.0,0.8,0.8,10.0,0.9,"alluxio,commons-exec,elastic-job-lite,handlebars.java,hector,http-request",1445,hbase,0.3,6,shallower_conservative,2.0,2,15.0,5.0,0.8,0.8,10.0
0.3,1204,69,36,136,0.6634146341463415,0.7906976744186046,0.7214854111405835,moderate_complexity,3.0,3,5.0,2.0,0.8,0.8,5.0,0.3,"alluxio,commons-exec,elastic-job-lite,handlebars.java,hector,http-request",1445,hbase,0.3,6,shallower_conservative,2.0,2,15.0,5.0,0.8,0.8,10.0
0.35,1206,67,37,135,0.6683168316831684,0.7848837209302325,0.7219251336898397,moderate_complexity,3.0,3,5.0,2.0,0.8,0.8,5.0,0.35,"alluxio,commons-exec,elastic-job-lite,handlebars.java,hector,http-request",1445,hbase,0.3,6,shallower_conservative,2.0,2,15.0,5.0,0.8,0.8,10.0
0.4,1215,58,38,134,0.6979166666666666,0.7790697674418605,0.7362637362637364,moderate_complexity,3.0,3,5.0,2.0,0.8,0.8,5.0,0.4,"alluxio,commons-exec,elastic-job-lite,handlebars.java,hector,http-request",1445,hbase,0.3,6,shallower_conservative,2.0,2,15.0,5.0,0.8,0.8,10.0
0.45,1221,52,38,134,0.7204301075268817,0.7790697674418605,0.7486033519553073,moderate_complexity,3.0,3,5.0,2.0,0.8,0.8,5.0,0.45,"alluxio,commons-exec,elastic-job-lite,handlebars.java,hector,http-request",1445,hbase,0.3,6,shallower_conservative,2.0,2,15.0,5.0,0.8,0.8,10.0
0.5,1222,51,39,133,0.7228260869565217,0.7732558139534884,0.747191011235955,moderate_complexity,3.0,3,5.0,2.0,0.8,0.8,5.0,0.5,"alluxio,commons-exec,elastic-job-lite,handlebars.java,hector,http-request",1445,hbase,0.3,6,shallower_conservative,2.0,2,15.0,5.0,0.8,0.8,10.0
0.55,1224,49,42,130,0.7262569832402235,0.7558139534883721,0.7407407407407407,moderate_complexity,3.0,3,5.0,2.0,0.8,0.8,5.0,0.55,"alluxio,commons-exec,elastic-job-lite,handlebars.java,hector,http-request",1445,hbase,0.3,6,shallower_conservative,2.0,2,15.0,5.0,0.8,0.8,10.0
0.6,1228,45,42,130,0.7428571428571429,0.7558139534883721,0.7492795389048992,moderate_complexity,3.0,3,5.0,2.0,0.8,0.8,5.0,0.6,"alluxio,commons-exec,elastic-job-lite,handlebars.java,hector,http-request",1445,hbase,0.3,6,shallower_conservative,2.0,2,15.0,5.0,0.8,0.8,10.0
0.65,1232,41,43,129,0.7588235294117647,0.75,0.7543859649122807,moderate_complexity,3.0,3,5.0,2.0,0.8,0.8,5.0,0.65,"alluxio,commons-exec,elastic-job-lite,handlebars.java,hector,http-request",1445,hbase,0.3,6,shallower_conservative,2.0,2,15.0,5.0,0.8,0.8,10.0
0.7,1237,36,47,125,0.7763975155279503,0.7267441860465116,0.7507507507507508,moderate_complexity,3.0,3,5.0,2.0,0.8,0.8,5.0,0.7,"alluxio,commons-exec,elastic-job-lite,handlebars.java,hector,http-request",1445,hbase,0.3,6,shallower_conservative,2.0,2,15.0,5.0,0.8,0.8,10.0
0.75,1239,34,51,121,0.7806451612903226,0.7034883720930233,0.7400611620795107,moderate_complexity,3.0,3,5.0,2.0,0.8,0.8,5.0,0.75,"alluxio,commons-exec,elastic-job-lite,handlebars.java,hector,http-request",1445,hbase,0.3,6,shallower_conservative,2.0,2,15.0,5.0,0.8,0.8,10.0
0.8,1240,33,53,119,0.7828947368421053,0.6918604651162791,0.734567901234568,moderate_complexity,3.0,3,5.0,2.0,0.8,0.8,5.0,0.8,"alluxio,commons-exec,elastic-job-lite,handlebars.java,hector,http-request",1445,hbase,0.3,6,shallower_conservative,2.0,2,15.0,5.0,0.8,0.8,10.0
0.85,1244,29,67,105,0.7835820895522388,0.6104651162790697,0.6862745098039216,moderate_complexity,3.0,3,5.0,2.0,0.8,0.8,5.0,0.85,"alluxio,commons-exec,elastic-job-lite,handlebars.java,hector,http-request",1445,hbase,0.3,6,shallower_conservative,2.0,2,15.0,5.0,0.8,0.8,10.0
0.9,1244,29,87,85,0.7456140350877193,0.4941860465116279,0.5944055944055945,moderate_complexity,3.0,3,5.0,2.0,0.8,0.8,5.0,0.9,"alluxio,commons-exec,elastic-job-lite,handlebars.java,hector,http-request",1445,hbase,0.3,6,shallower_conservative,2.0,2,15.0,5.0,0.8,0.8,10.0
0.3,1202,71,36,136,0.6570048309178744,0.7906976744186046,0.7176781002638524,deeper_regularized,3.0,4,5.0,1.0,0.8,0.8,5.0,0.3,"alluxio,commons-exec,elastic-job-lite,handlebars.java,hector,http-request",1445,hbase,0.3,6,shallower_conservative,2.0,2,15.0,5.0,0.8,0.8,10.0
0.35,1209,64,37,135,0.678391959798995,0.7848837209302325,0.7277628032345014,deeper_regularized,3.0,4,5.0,1.0,0.8,0.8,5.0,0.35,"alluxio,commons-exec,elastic-job-lite,handlebars.java,hector,http-request",1445,hbase,0.3,6,shallower_conservative,2.0,2,15.0,5.0,0.8,0.8,10.0
0.4,1211,62,38,134,0.6836734693877551,0.7790697674418605,0.7282608695652174,deeper_regularized,3.0,4,5.0,1.0,0.8,0.8,5.0,0.4,"alluxio,commons-exec,elastic-job-lite,handlebars.java,hector,http-request",1445,hbase,0.3,6,shallower_conservative,2.0,2,15.0,5.0,0.8,0.8,10.0
0.45,1212,61,38,134,0.6871794871794872,0.7790697674418605,0.7302452316076294,deeper_regularized,3.0,4,5.0,1.0,0.8,0.8,5.0,0.45,"alluxio,commons-exec,elastic-job-lite,handlebars.java,hector,http-request",1445,hbase,0.3,6,shallower_conservative,2.0,2,15.0,5.0,0.8,0.8,10.0
0.5,1215,58,38,134,0.6979166666666666,0.7790697674418605,0.7362637362637364,deeper_regularized,3.0,4,5.0,1.0,0.8,0.8,5.0,0.5,"alluxio,commons-exec,elastic-job-lite,handlebars.java,hector,http-request",1445,hbase,0.3,6,shallower_conservative,2.0,2,15.0,5.0,0.8,0.8,10.0
0.55,1220,53,41,131,0.7119565217391305,0.7616279069767442,0.7359550561797754,deeper_regularized,3.0,4,5.0,1.0,0.8,0.8,5.0,0.55,"alluxio,commons-exec,elastic-job-lite,handlebars.java,hector,http-request",1445,hbase,0.3,6,shallower_conservative,2.0,2,15.0,5.0,0.8,0.8,10.0
0.6,1224,49,43,129,0.7247191011235955,0.75,0.7371428571428571,deeper_regularized,3.0,4,5.0,1.0,0.8,0.8,5.0,0.6,"alluxio,commons-exec,elastic-job-lite,handlebars.java,hector,http-request",1445,hbase,0.3,6,shallower_conservative,2.0,2,15.0,5.0,0.8,0.8,10.0
0.65,1227,46,46,126,0.7325581395348837,0.7325581395348837,0.7325581395348836,deeper_regularized,3.0,4,5.0,1.0,0.8,0.8,5.0,0.65,"alluxio,commons-exec,elastic-job-lite,handlebars.java,hector,http-request",1445,hbase,0.3,6,shallower_conservative,2.0,2,15.0,5.0,0.8,0.8,10.0
0.7,1228,45,49,123,0.7321428571428571,0.7151162790697675,0.7235294117647059,deeper_regularized,3.0,4,5.0,1.0,0.8,0.8,5.0,0.7,"alluxio,commons-exec,elastic-job-lite,handlebars.java,hector,http-request",1445,hbase,0.3,6,shallower_conservative,2.0,2,15.0,5.0,0.8,0.8,10.0
0.75,1234,39,50,122,0.7577639751552795,0.7093023255813954,0.7327327327327328,deeper_regularized,3.0,4,5.0,1.0,0.8,0.8,5.0,0.75,"alluxio,commons-exec,elastic-job-lite,handlebars.java,hector,http-request",1445,hbase,0.3,6,shallower_conservative,2.0,2,15.0,5.0,0.8,0.8,10.0
0.8,1236,37,62,110,0.7482993197278912,0.6395348837209303,0.689655172413793,deeper_regularized,3.0,4,5.0,1.0,0.8,0.8,5.0,0.8,"alluxio,commons-exec,elastic-job-lite,handlebars.java,hector,http-request",1445,hbase,0.3,6,shallower_conservative,2.0,2,15.0,5.0,0.8,0.8,10.0
0.85,1241,32,73,99,0.7557251908396947,0.5755813953488372,0.6534653465346535,deeper_regularized,3.0,4,5.0,1.0,0.8,0.8,5.0,0.85,"alluxio,commons-exec,elastic-job-lite,handlebars.java,hector,http-request",1445,hbase,0.3,6,shallower_conservative,2.0,2,15.0,5.0,0.8,0.8,10.0
0.9,1244,29,97,75,0.7211538461538461,0.436046511627907,0.5434782608695653,deeper_regularized,3.0,4,5.0,1.0,0.8,0.8,5.0,0.9,"alluxio,commons-exec,elastic-job-lite,handlebars.java,hector,http-request",1445,hbase,0.3,6,shallower_conservative,2.0,2,15.0,5.0,0.8,0.8,10.0
0.3,1742,336,81,109,0.2449438202247191,0.5736842105263158,0.3433070866141732,reported_regularized,3.0,3,10.0,5.0,0.8,0.8,10.0,0.3,"commons-exec,elastic-job-lite,handlebars.java,hbase,http-request,httpcore",2268,hector,0.5,6,moderate_complexity,3.0,3,5.0,2.0,0.8,0.8,5.0
0.35,1768,310,92,98,0.24019607843137256,0.5157894736842106,0.3277591973244147,reported_regularized,3.0,3,10.0,5.0,0.8,0.8,10.0,0.35,"commons-exec,elastic-job-lite,handlebars.java,hbase,http-request,httpcore",2268,hector,0.5,6,moderate_complexity,3.0,3,5.0,2.0,0.8,0.8,5.0
0.4,1786,292,109,81,0.21715817694369974,0.4263157894736842,0.2877442273534636,reported_regularized,3.0,3,10.0,5.0,0.8,0.8,10.0,0.4,"commons-exec,elastic-job-lite,handlebars.java,hbase,http-request,httpcore",2268,hector,0.5,6,moderate_complexity,3.0,3,5.0,2.0,0.8,0.8,5.0
0.45,1811,267,129,61,0.18597560975609756,0.32105263157894737,0.23552123552123552,reported_regularized,3.0,3,10.0,5.0,0.8,0.8,10.0,0.45,"commons-exec,elastic-job-lite,handlebars.java,hbase,http-request,httpcore",2268,hector,0.5,6,moderate_complexity,3.0,3,5.0,2.0,0.8,0.8,5.0
0.5,1826,252,138,52,0.17105263157894737,0.2736842105263158,0.21052631578947367,reported_regularized,3.0,3,10.0,5.0,0.8,0.8,10.0,0.5,"commons-exec,elastic-job-lite,handlebars.java,hbase,http-request,httpcore",2268,hector,0.5,6,moderate_complexity,3.0,3,5.0,2.0,0.8,0.8,5.0
0.55,1837,241,149,41,0.1453900709219858,0.21578947368421053,0.17372881355932202,reported_regularized,3.0,3,10.0,5.0,0.8,0.8,10.0,0.55,"commons-exec,elastic-job-lite,handlebars.java,hbase,http-request,httpcore",2268,hector,0.5,6,moderate_complexity,3.0,3,5.0,2.0,0.8,0.8,5.0
0.6,1883,195,162,28,0.12556053811659193,0.14736842105263157,0.13559322033898305,reported_regularized,3.0,3,10.0,5.0,0.8,0.8,10.0,0.6,"commons-exec,elastic-job-lite,handlebars.java,hbase,http-request,httpcore",2268,hector,0.5,6,moderate_complexity,3.0,3,5.0,2.0,0.8,0.8,5.0
0.65,1923,155,168,22,0.12429378531073447,0.11578947368421053,0.11989100817438693,reported_regularized,3.0,3,10.0,5.0,0.8,0.8,10.0,0.65,"commons-exec,elastic-job-lite,handlebars.java,hbase,http-request,httpcore",2268,hector,0.5,6,moderate_complexity,3.0,3,5.0,2.0,0.8,0.8,5.0
0.7,1940,138,172,18,0.11538461538461539,0.09473684210526316,0.10404624277456649,reported_regularized,3.0,3,10.0,5.0,0.8,0.8,10.0,0.7,"commons-exec,elastic-job-lite,handlebars.java,hbase,http-request,httpcore",2268,hector,0.5,6,moderate_complexity,3.0,3,5.0,2.0,0.8,0.8,5.0
0.75,1982,96,178,12,0.1111111111111111,0.06315789473684211,0.08053691275167786,reported_regularized,3.0,3,10.0,5.0,0.8,0.8,10.0,0.75,"commons-exec,elastic-job-lite,handlebars.java,hbase,http-request,httpcore",2268,hector,0.5,6,moderate_complexity,3.0,3,5.0,2.0,0.8,0.8,5.0
0.8,2016,62,183,7,0.10144927536231885,0.03684210526315789,0.05405405405405405,reported_regularized,3.0,3,10.0,5.0,0.8,0.8,10.0,0.8,"commons-exec,elastic-job-lite,handlebars.java,hbase,http-request,httpcore",2268,hector,0.5,6,moderate_complexity,3.0,3,5.0,2.0,0.8,0.8,5.0
0.85,2042,36,184,6,0.14285714285714285,0.031578947368421054,0.05172413793103449,reported_regularized,3.0,3,10.0,5.0,0.8,0.8,10.0,0.85,"commons-exec,elastic-job-lite,handlebars.java,hbase,http-request,httpcore",2268,hector,0.5,6,moderate_complexity,3.0,3,5.0,2.0,0.8,0.8,5.0
0.9,2067,11,184,6,0.35294117647058826,0.031578947368421054,0.057971014492753624,reported_regularized,3.0,3,10.0,5.0,0.8,0.8,10.0,0.9,"commons-exec,elastic-job-lite,handlebars.java,hbase,http-request,httpcore",2268,hector,0.5,6,moderate_complexity,3.0,3,5.0,2.0,0.8,0.8,5.0
0.3,1727,351,141,49,0.1225,0.2578947368421053,0.16610169491525426,shallower_conservative,2.0,2,15.0,5.0,0.8,0.8,10.0,0.3,"commons-exec,elastic-job-lite,handlebars.java,hbase,http-request,httpcore",2268,hector,0.5,6,moderate_complexity,3.0,3,5.0,2.0,0.8,0.8,5.0
0.35,1771,307,148,42,0.12034383954154727,0.22105263157894736,0.15584415584415584,shallower_conservative,2.0,2,15.0,5.0,0.8,0.8,10.0,0.35,"commons-exec,elastic-job-lite,handlebars.java,hbase,http-request,httpcore",2268,hector,0.5,6,moderate_complexity,3.0,3,5.0,2.0,0.8,0.8,5.0
0.4,1778,300,155,35,0.1044776119402985,0.18421052631578946,0.1333333333333333,shallower_conservative,2.0,2,15.0,5.0,0.8,0.8,10.0,0.4,"commons-exec,elastic-job-lite,handlebars.java,hbase,http-request,httpcore",2268,hector,0.5,6,moderate_complexity,3.0,3,5.0,2.0,0.8,0.8,5.0
0.45,1786,292,160,30,0.09316770186335403,0.15789473684210525,0.11718749999999999,shallower_conservative,2.0,2,15.0,5.0,0.8,0.8,10.0,0.45,"commons-exec,elastic-job-lite,handlebars.java,hbase,http-request,httpcore",2268,hector,0.5,6,moderate_complexity,3.0,3,5.0,2.0,0.8,0.8,5.0
0.5,1793,285,166,24,0.07766990291262135,0.12631578947368421,0.09619238476953908,shallower_conservative,2.0,2,15.0,5.0,0.8,0.8,10.0,0.5,"commons-exec,elastic-job-lite,handlebars.java,hbase,http-request,httpcore",2268,hector,0.5,6,moderate_complexity,3.0,3,5.0,2.0,0.8,0.8,5.0
0.55,1825,253,167,23,0.08333333333333333,0.12105263157894737,0.09871244635193133,shallower_conservative,2.0,2,15.0,5.0,0.8,0.8,10.0,0.55,"commons-exec,elastic-job-lite,handlebars.java,hbase,http-request,httpcore",2268,hector,0.5,6,moderate_complexity,3.0,3,5.0,2.0,0.8,0.8,5.0
0.6,1854,224,171,19,0.07818930041152264,0.1,0.08775981524249422,shallower_conservative,2.0,2,15.0,5.0,0.8,0.8,10.0,0.6,"commons-exec,elastic-job-lite,handlebars.java,hbase,http-request,httpcore",2268,hector,0.5,6,moderate_complexity,3.0,3,5.0,2.0,0.8,0.8,5.0
0.65,1953,125,175,15,0.10714285714285714,0.07894736842105263,0.09090909090909091,shallower_conservative,2.0,2,15.0,5.0,0.8,0.8,10.0,0.65,"commons-exec,elastic-job-lite,handlebars.java,hbase,http-request,httpcore",2268,hector,0.5,6,moderate_complexity,3.0,3,5.0,2.0,0.8,0.8,5.0
0.7,1964,114,176,14,0.109375,0.07368421052631578,0.08805031446540879,shallower_conservative,2.0,2,15.0,5.0,0.8,0.8,10.0,0.7,"commons-exec,elastic-job-lite,handlebars.java,hbase,http-request,httpcore",2268,hector,0.5,6,moderate_complexity,3.0,3,5.0,2.0,0.8,0.8,5.0
0.75,1979,99,178,12,0.10810810810810811,0.06315789473684211,0.079734219269103,shallower_conservative,2.0,2,15.0,5.0,0.8,0.8,10.0,0.75,"commons-exec,elastic-job-lite,handlebars.java,hbase,http-request,httpcore",2268,hector,0.5,6,moderate_complexity,3.0,3,5.0,2.0,0.8,0.8,5.0
0.8,2036,42,181,9,0.17647058823529413,0.04736842105263158,0.07468879668049792,shallower_conservative,2.0,2,15.0,5.0,0.8,0.8,10.0,0.8,"commons-exec,elastic-job-lite,handlebars.java,hbase,http-request,httpcore",2268,hector,0.5,6,moderate_complexity,3.0,3,5.0,2.0,0.8,0.8,5.0
0.85,2054,24,183,7,0.22580645161290322,0.03684210526315789,0.06334841628959276,shallower_conservative,2.0,2,15.0,5.0,0.8,0.8,10.0,0.85,"commons-exec,elastic-job-lite,handlebars.java,hbase,http-request,httpcore",2268,hector,0.5,6,moderate_complexity,3.0,3,5.0,2.0,0.8,0.8,5.0
0.9,2067,11,184,6,0.35294117647058826,0.031578947368421054,0.057971014492753624,shallower_conservative,2.0,2,15.0,5.0,0.8,0.8,10.0,0.9,"commons-exec,elastic-job-lite,handlebars.java,hbase,http-request,httpcore",2268,hector,0.5,6,moderate_complexity,3.0,3,5.0,2.0,0.8,0.8,5.0
0.3,1749,329,106,84,0.2033898305084746,0.4421052631578947,0.2786069651741294,lower_weight_regularized,2.0,3,10.0,5.0,0.8,0.8,10.0,0.3,"commons-exec,elastic-job-lite,handlebars.java,hbase,http-request,httpcore",2268,hector,0.5,6,moderate_complexity,3.0,3,5.0,2.0,0.8,0.8,5.0
0.35,1755,323,128,62,0.16103896103896104,0.3263157894736842,0.21565217391304348,lower_weight_regularized,2.0,3,10.0,5.0,0.8,0.8,10.0,0.35,"commons-exec,elastic-job-lite,handlebars.java,hbase,http-request,httpcore",2268,hector,0.5,6,moderate_complexity,3.0,3,5.0,2.0,0.8,0.8,5.0
0.4,1775,303,146,44,0.12680115273775217,0.23157894736842105,0.1638733705772812,lower_weight_regularized,2.0,3,10.0,5.0,0.8,0.8,10.0,0.4,"commons-exec,elastic-job-lite,handlebars.java,hbase,http-request,httpcore",2268,hector,0.5,6,moderate_complexity,3.0,3,5.0,2.0,0.8,0.8,5.0
0.45,1789,289,152,38,0.1162079510703364,0.2,0.1470019342359768,lower_weight_regularized,2.0,3,10.0,5.0,0.8,0.8,10.0,0.45,"commons-exec,elastic-job-lite,handlebars.java,hbase,http-request,httpcore",2268,hector,0.5,6,moderate_complexity,3.0,3,5.0,2.0,0.8,0.8,5.0
0.5,1810,268,165,25,0.08532423208191127,0.13157894736842105,0.10351966873706003,lower_weight_regularized,2.0,3,10.0,5.0,0.8,0.8,10.0,0.5,"commons-exec,elastic-job-lite,handlebars.java,hbase,http-request,httpcore",2268,hector,0.5,6,moderate_complexity,3.0,3,5.0,2.0,0.8,0.8,5.0
0.55,1811,267,168,22,0.07612456747404844,0.11578947368421053,0.09185803757828812,lower_weight_regularized,2.0,3,10.0,5.0,0.8,0.8,10.0,0.55,"commons-exec,elastic-job-lite,handlebars.java,hbase,http-request,httpcore",2268,hector,0.5,6,moderate_complexity,3.0,3,5.0,2.0,0.8,0.8,5.0
0.6,1852,226,170,20,0.08130081300813008,0.10526315789473684,0.09174311926605504,lower_weight_regularized,2.0,3,10.0,5.0,0.8,0.8,10.0,0.6,"commons-exec,elastic-job-lite,handlebars.java,hbase,http-request,httpcore",2268,hector,0.5,6,moderate_complexity,3.0,3,5.0,2.0,0.8,0.8,5.0
0.65,1865,213,171,19,0.08189655172413793,0.1,0.09004739336492892,lower_weight_regularized,2.0,3,10.0,5.0,0.8,0.8,10.0,0.65,"commons-exec,elastic-job-lite,handlebars.java,hbase,http-request,httpcore",2268,hector,0.5,6,moderate_complexity,3.0,3,5.0,2.0,0.8,0.8,5.0
0.7,1967,111,176,14,0.112,0.07368421052631578,0.08888888888888888,lower_weight_regularized,2.0,3,10.0,5.0,0.8,0.8,10.0,0.7,"commons-exec,elastic-job-lite,handlebars.java,hbase,http-request,httpcore",2268,hector,0.5,6,moderate_complexity,3.0,3,5.0,2.0,0.8,0.8,5.0
0.75,1977,101,181,9,0.08181818181818182,0.04736842105263158,0.06,lower_weight_regularized,2.0,3,10.0,5.0,0.8,0.8,10.0,0.75,"commons-exec,elastic-job-lite,handlebars.java,hbase,http-request,httpcore",2268,hector,0.5,6,moderate_complexity,3.0,3,5.0,2.0,0.8,0.8,5.0
0.8,1998,80,183,7,0.08045977011494253,0.03684210526315789,0.05054151624548736,lower_weight_regularized,2.0,3,10.0,5.0,0.8,0.8,10.0,0.8,"commons-exec,elastic-job-lite,handlebars.java,hbase,http-request,httpcore",2268,hector,0.5,6,moderate_complexity,3.0,3,5.0,2.0,0.8,0.8,5.0
0.85,2055,23,184,6,0.20689655172413793,0.031578947368421054,0.0547945205479452,lower_weight_regularized,2.0,3,10.0,5.0,0.8,0.8,10.0,0.85,"commons-exec,elastic-job-lite,handlebars.java,hbase,http-request,httpcore",2268,hector,0.5,6,moderate_complexity,3.0,3,5.0,2.0,0.8,0.8,5.0
0.9,2068,10,185,5,0.3333333333333333,0.02631578947368421,0.048780487804878044,lower_weight_regularized,2.0,3,10.0,5.0,0.8,0.8,10.0,0.9,"commons-exec,elastic-job-lite,handlebars.java,hbase,http-request,httpcore",2268,hector,0.5,6,moderate_complexity,3.0,3,5.0,2.0,0.8,0.8,5.0
0.3,1738,340,66,124,0.2672413793103448,0.6526315789473685,0.3792048929663609,moderate_complexity,3.0,3,5.0,2.0,0.8,0.8,5.0,0.3,"commons-exec,elastic-job-lite,handlebars.java,hbase,http-request,httpcore",2268,hector,0.5,6,moderate_complexity,3.0,3,5.0,2.0,0.8,0.8,5.0
0.35,1776,302,83,107,0.2616136919315403,0.5631578947368421,0.35726210350584303,moderate_complexity,3.0,3,5.0,2.0,0.8,0.8,5.0,0.35,"commons-exec,elastic-job-lite,handlebars.java,hbase,http-request,httpcore",2268,hector,0.5,6,moderate_complexity,3.0,3,5.0,2.0,0.8,0.8,5.0
0.4,1821,257,84,106,0.29201101928374656,0.5578947368421052,0.3833634719710669,moderate_complexity,3.0,3,5.0,2.0,0.8,0.8,5.0,0.4,"commons-exec,elastic-job-lite,handlebars.java,hbase,http-request,httpcore",2268,hector,0.5,6,moderate_complexity,3.0,3,5.0,2.0,0.8,0.8,5.0
0.45,1841,237,90,100,0.29673590504451036,0.5263157894736842,0.3795066413662239,moderate_complexity,3.0,3,5.0,2.0,0.8,0.8,5.0,0.45,"commons-exec,elastic-job-lite,handlebars.java,hbase,http-request,httpcore",2268,hector,0.5,6,moderate_complexity,3.0,3,5.0,2.0,0.8,0.8,5.0
0.5,1882,196,91,99,0.33559322033898303,0.5210526315789473,0.40824742268041236,moderate_complexity,3.0,3,5.0,2.0,0.8,0.8,5.0,0.5,"commons-exec,elastic-job-lite,handlebars.java,hbase,http-request,httpcore",2268,hector,0.5,6,moderate_complexity,3.0,3,5.0,2.0,0.8,0.8,5.0
0.55,1914,164,103,87,0.3466135458167331,0.45789473684210524,0.3945578231292517,moderate_complexity,3.0,3,5.0,2.0,0.8,0.8,5.0,0.55,"commons-exec,elastic-job-lite,handlebars.java,hbase,http-request,httpcore",2268,hector,0.5,6,moderate_complexity,3.0,3,5.0,2.0,0.8,0.8,5.0
0.6,1949,129,116,74,0.3645320197044335,0.3894736842105263,0.37659033078880405,moderate_complexity,3.0,3,5.0,2.0,0.8,0.8,5.0,0.6,"commons-exec,elastic-job-lite,handlebars.java,hbase,http-request,httpcore",2268,hector,0.5,6,moderate_complexity,3.0,3,5.0,2.0,0.8,0.8,5.0
0.65,1971,107,140,50,0.3184713375796178,0.2631578947368421,0.2881844380403458,moderate_complexity,3.0,3,5.0,2.0,0.8,0.8,5.0,0.65,"commons-exec,elastic-job-lite,handlebars.java,hbase,http-request,httpcore",2268,hector,0.5,6,moderate_complexity,3.0,3,5.0,2.0,0.8,0.8,5.0
0.7,2002,76,155,35,0.3153153153153153,0.18421052631578946,0.2325581395348837,moderate_complexity,3.0,3,5.0,2.0,0.8,0.8,5.0,0.7,"commons-exec,elastic-job-lite,handlebars.java,hbase,http-request,httpcore",2268,hector,0.5,6,moderate_complexity,3.0,3,5.0,2.0,0.8,0.8,5.0
0.75,2024,54,167,23,0.2987012987012987,0.12105263157894737,0.17228464419475653,moderate_complexity,3.0,3,5.0,2.0,0.8,0.8,5.0,0.75,"commons-exec,elastic-job-lite,handlebars.java,hbase,http-request,httpcore",2268,hector,0.5,6,moderate_complexity,3.0,3,5.0,2.0,0.8,0.8,5.0
0.8,2043,35,171,19,0.35185185185185186,0.1,0.1557377049180328,moderate_complexity,3.0,3,5.0,2.0,0.8,0.8,5.0,0.8,"commons-exec,elastic-job-lite,handlebars.java,hbase,http-request,httpcore",2268,hector,0.5,6,moderate_complexity,3.0,3,5.0,2.0,0.8,0.8,5.0
0.85,2055,23,175,15,0.39473684210526316,0.07894736842105263,0.13157894736842105,moderate_complexity,3.0,3,5.0,2.0,0.8,0.8,5.0,0.85,"commons-exec,elastic-job-lite,handlebars.java,hbase,http-request,httpcore",2268,hector,0.5,6,moderate_complexity,3.0,3,5.0,2.0,0.8,0.8,5.0
0.9,2071,7,182,8,0.5333333333333333,0.042105263157894736,0.07804878048780486,moderate_complexity,3.0,3,5.0,2.0,0.8,0.8,5.0,0.9,"commons-exec,elastic-job-lite,handlebars.java,hbase,http-request,httpcore",2268,hector,0.5,6,moderate_complexity,3.0,3,5.0,2.0,0.8,0.8,5.0
0.3,1738,340,73,117,0.25601750547045954,0.6157894736842106,0.3616692426584235,deeper_regularized,3.0,4,5.0,1.0,0.8,0.8,5.0,0.3,"commons-exec,elastic-job-lite,handlebars.java,hbase,http-request,httpcore",2268,hector,0.5,6,moderate_complexity,3.0,3,5.0,2.0,0.8,0.8,5.0
0.35,1759,319,81,109,0.2546728971962617,0.5736842105263158,0.35275080906148865,deeper_regularized,3.0,4,5.0,1.0,0.8,0.8,5.0,0.35,"commons-exec,elastic-job-lite,handlebars.java,hbase,http-request,httpcore",2268,hector,0.5,6,moderate_complexity,3.0,3,5.0,2.0,0.8,0.8,5.0
0.4,1784,294,82,108,0.26865671641791045,0.5684210526315789,0.3648648648648648,deeper_regularized,3.0,4,5.0,1.0,0.8,0.8,5.0,0.4,"commons-exec,elastic-job-lite,handlebars.java,hbase,http-request,httpcore",2268,hector,0.5,6,moderate_complexity,3.0,3,5.0,2.0,0.8,0.8,5.0
0.45,1800,278,93,97,0.25866666666666666,0.5105263157894737,0.3433628318584071,deeper_regularized,3.0,4,5.0,1.0,0.8,0.8,5.0,0.45,"commons-exec,elastic-job-lite,handlebars.java,hbase,http-request,httpcore",2268,hector,0.5,6,moderate_complexity,3.0,3,5.0,2.0,0.8,0.8,5.0
0.5,1817,261,99,91,0.2585227272727273,0.4789473684210526,0.3357933579335794,deeper_regularized,3.0,4,5.0,1.0,0.8,0.8,5.0,0.5,"commons-exec,elastic-job-lite,handlebars.java,hbase,http-request,httpcore",2268,hector,0.5,6,moderate_complexity,3.0,3,5.0,2.0,0.8,0.8,5.0
0.55,1831,247,118,72,0.22570532915360503,0.37894736842105264,0.2829076620825147,deeper_regularized,3.0,4,5.0,1.0,0.8,0.8,5.0,0.55,"commons-exec,elastic-job-lite,handlebars.java,hbase,http-request,httpcore",2268,hector,0.5,6,moderate_complexity,3.0,3,5.0,2.0,0.8,0.8,5.0
0.6,1862,216,133,57,0.2087912087912088,0.3,0.24622030237580994,deeper_regularized,3.0,4,5.0,1.0,0.8,0.8,5.0,0.6,"commons-exec,elastic-job-lite,handlebars.java,hbase,http-request,httpcore",2268,hector,0.5,6,moderate_complexity,3.0,3,5.0,2.0,0.8,0.8,5.0
0.65,1900,178,137,53,0.22943722943722944,0.2789473684210526,0.2517814726840855,deeper_regularized,3.0,4,5.0,1.0,0.8,0.8,5.0,0.65,"commons-exec,elastic-job-lite,handlebars.java,hbase,http-request,httpcore",2268,hector,0.5,6,moderate_complexity,3.0,3,5.0,2.0,0.8,0.8,5.0
0.7,1944,134,147,43,0.24293785310734464,0.22631578947368422,0.2343324250681199,deeper_regularized,3.0,4,5.0,1.0,0.8,0.8,5.0,0.7,"commons-exec,elastic-job-lite,handlebars.java,hbase,http-request,httpcore",2268,hector,0.5,6,moderate_complexity,3.0,3,5.0,2.0,0.8,0.8,5.0
0.75,1971,107,158,32,0.2302158273381295,0.16842105263157894,0.1945288753799392,deeper_regularized,3.0,4,5.0,1.0,0.8,0.8,5.0,0.75,"commons-exec,elastic-job-lite,handlebars.java,hbase,http-request,httpcore",2268,hector,0.5,6,moderate_complexity,3.0,3,5.0,2.0,0.8,0.8,5.0
0.8,1993,85,171,19,0.18269230769230768,0.1,0.1292517006802721,deeper_regularized,3.0,4,5.0,1.0,0.8,0.8,5.0,0.8,"commons-exec,elastic-job-lite,handlebars.java,hbase,http-request,httpcore",2268,hector,0.5,6,moderate_complexity,3.0,3,5.0,2.0,0.8,0.8,5.0
0.85,2017,61,176,14,0.18666666666666668,0.07368421052631578,0.10566037735849056,deeper_regularized,3.0,4,5.0,1.0,0.8,0.8,5.0,0.85,"commons-exec,elastic-job-lite,handlebars.java,hbase,http-request,httpcore",2268,hector,0.5,6,moderate_complexity,3.0,3,5.0,2.0,0.8,0.8,5.0
0.9,2053,25,177,13,0.34210526315789475,0.06842105263157895,0.11403508771929825,deeper_regularized,3.0,4,5.0,1.0,0.8,0.8,5.0,0.9,"commons-exec,elastic-job-lite,handlebars.java,hbase,http-request,httpcore",2268,hector,0.5,6,moderate_complexity,3.0,3,5.0,2.0,0.8,0.8,5.0
0.3,1608,423,89,116,0.21521335807050093,0.5658536585365853,0.3118279569892473,reported_regularized,3.0,3,10.0,5.0,0.8,0.8,10.0,0.3,"commons-exec,elastic-job-lite,handlebars.java,hbase,hector,httpcore",2236,http-request,0.35,6,shallower_conservative,2.0,2,15.0,5.0,0.8,0.8,10.0
0.35,1622,409,96,109,0.21042471042471042,0.5317073170731708,0.301521438450899,reported_regularized,3.0,3,10.0,5.0,0.8,0.8,10.0,0.35,"commons-exec,elastic-job-lite,handlebars.java,hbase,hector,httpcore",2236,http-request,0.35,6,shallower_conservative,2.0,2,15.0,5.0,0.8,0.8,10.0
0.4,1625,406,97,108,0.21011673151750973,0.526829268292683,0.3004172461752434,reported_regularized,3.0,3,10.0,5.0,0.8,0.8,10.0,0.4,"commons-exec,elastic-job-lite,handlebars.java,hbase,hector,httpcore",2236,http-request,0.35,6,shallower_conservative,2.0,2,15.0,5.0,0.8,0.8,10.0
0.45,1630,401,98,107,0.2106299212598425,0.5219512195121951,0.30014025245441794,reported_regularized,3.0,3,10.0,5.0,0.8,0.8,10.0,0.45,"commons-exec,elastic-job-lite,handlebars.java,hbase,hector,httpcore",2236,http-request,0.35,6,shallower_conservative,2.0,2,15.0,5.0,0.8,0.8,10.0
0.5,1635,396,99,106,0.21115537848605578,0.5170731707317073,0.2998585572842999,reported_regularized,3.0,3,10.0,5.0,0.8,0.8,10.0,0.5,"commons-exec,elastic-job-lite,handlebars.java,hbase,hector,httpcore",2236,http-request,0.35,6,shallower_conservative,2.0,2,15.0,5.0,0.8,0.8,10.0
0.55,1638,393,112,93,0.19135802469135801,0.45365853658536587,0.2691751085383502,reported_regularized,3.0,3,10.0,5.0,0.8,0.8,10.0,0.55,"commons-exec,elastic-job-lite,handlebars.java,hbase,hector,httpcore",2236,http-request,0.35,6,shallower_conservative,2.0,2,15.0,5.0,0.8,0.8,10.0
0.6,1658,373,120,85,0.185589519650655,0.4146341463414634,0.2564102564102564,reported_regularized,3.0,3,10.0,5.0,0.8,0.8,10.0,0.6,"commons-exec,elastic-job-lite,handlebars.java,hbase,hector,httpcore",2236,http-request,0.35,6,shallower_conservative,2.0,2,15.0,5.0,0.8,0.8,10.0
0.65,1675,356,123,82,0.1872146118721461,0.4,0.255054432348367,reported_regularized,3.0,3,10.0,5.0,0.8,0.8,10.0,0.65,"commons-exec,elastic-job-lite,handlebars.java,hbase,hector,httpcore",2236,http-request,0.35,6,shallower_conservative,2.0,2,15.0,5.0,0.8,0.8,10.0
0.7,1686,345,129,76,0.18052256532066507,0.37073170731707317,0.24281150159744402,reported_regularized,3.0,3,10.0,5.0,0.8,0.8,10.0,0.7,"commons-exec,elastic-job-lite,handlebars.java,hbase,hector,httpcore",2236,http-request,0.35,6,shallower_conservative,2.0,2,15.0,5.0,0.8,0.8,10.0
0.75,1721,310,143,62,0.16666666666666666,0.3024390243902439,0.21490467937608315,reported_regularized,3.0,3,10.0,5.0,0.8,0.8,10.0,0.75,"commons-exec,elastic-job-lite,handlebars.java,hbase,hector,httpcore",2236,http-request,0.35,6,shallower_conservative,2.0,2,15.0,5.0,0.8,0.8,10.0
0.8,1817,214,152,53,0.19850187265917604,0.25853658536585367,0.2245762711864407,reported_regularized,3.0,3,10.0,5.0,0.8,0.8,10.0,0.8,"commons-exec,elastic-job-lite,handlebars.java,hbase,hector,httpcore",2236,http-request,0.35,6,shallower_conservative,2.0,2,15.0,5.0,0.8,0.8,10.0
0.85,1935,96,154,51,0.3469387755102041,0.24878048780487805,0.2897727272727273,reported_regularized,3.0,3,10.0,5.0,0.8,0.8,10.0,0.85,"commons-exec,elastic-job-lite,handlebars.java,hbase,hector,httpcore",2236,http-request,0.35,6,shallower_conservative,2.0,2,15.0,5.0,0.8,0.8,10.0
0.9,2020,11,165,40,0.7843137254901961,0.1951219512195122,0.3125,reported_regularized,3.0,3,10.0,5.0,0.8,0.8,10.0,0.9,"commons-exec,elastic-job-lite,handlebars.java,hbase,hector,httpcore",2236,http-request,0.35,6,shallower_conservative,2.0,2,15.0,5.0,0.8,0.8,10.0
0.3,1627,404,59,146,0.26545454545454544,0.7121951219512195,0.38675496688741723,shallower_conservative,2.0,2,15.0,5.0,0.8,0.8,10.0,0.3,"commons-exec,elastic-job-lite,handlebars.java,hbase,hector,httpcore",2236,http-request,0.35,6,shallower_conservative,2.0,2,15.0,5.0,0.8,0.8,10.0
0.35,1633,398,59,146,0.26838235294117646,0.7121951219512195,0.38985313751668893,shallower_conservative,2.0,2,15.0,5.0,0.8,0.8,10.0,0.35,"commons-exec,elastic-job-lite,handlebars.java,hbase,hector,httpcore",2236,http-request,0.35,6,shallower_conservative,2.0,2,15.0,5.0,0.8,0.8,10.0
0.4,1645,386,68,137,0.26195028680688337,0.6682926829268293,0.3763736263736264,shallower_conservative,2.0,2,15.0,5.0,0.8,0.8,10.0,0.4,"commons-exec,elastic-job-lite,handlebars.java,hbase,hector,httpcore",2236,http-request,0.35,6,shallower_conservative,2.0,2,15.0,5.0,0.8,0.8,10.0
0.45,1647,384,79,126,0.24705882352941178,0.6146341463414634,0.35244755244755244,shallower_conservative,2.0,2,15.0,5.0,0.8,0.8,10.0,0.45,"commons-exec,elastic-job-lite,handlebars.java,hbase,hector,httpcore",2236,http-request,0.35,6,shallower_conservative,2.0,2,15.0,5.0,0.8,0.8,10.0
0.5,1649,382,83,122,0.24206349206349206,0.5951219512195122,0.34414668547249644,shallower_conservative,2.0,2,15.0,5.0,0.8,0.8,10.0,0.5,"commons-exec,elastic-job-lite,handlebars.java,hbase,hector,httpcore",2236,http-request,0.35,6,shallower_conservative,2.0,2,15.0,5.0,0.8,0.8,10.0
0.55,1662,369,86,119,0.24385245901639344,0.5804878048780487,0.3434343434343434,shallower_conservative,2.0,2,15.0,5.0,0.8,0.8,10.0,0.55,"commons-exec,elastic-job-lite,handlebars.java,hbase,hector,httpcore",2236,http-request,0.35,6,shallower_conservative,2.0,2,15.0,5.0,0.8,0.8,10.0
0.6,1672,359,127,78,0.17848970251716248,0.3804878048780488,0.24299065420560748,shallower_conservative,2.0,2,15.0,5.0,0.8,0.8,10.0,0.6,"commons-exec,elastic-job-lite,handlebars.java,hbase,hector,httpcore",2236,http-request,0.35,6,shallower_conservative,2.0,2,15.0,5.0,0.8,0.8,10.0
0.65,1696,335,132,73,0.17892156862745098,0.35609756097560974,0.2381729200652528,shallower_conservative,2.0,2,15.0,5.0,0.8,0.8,10.0,0.65,"commons-exec,elastic-job-lite,handlebars.java,hbase,hector,httpcore",2236,http-request,0.35,6,shallower_conservative,2.0,2,15.0,5.0,0.8,0.8,10.0
0.7,1749,282,137,68,0.19428571428571428,0.33170731707317075,0.24504504504504504,shallower_conservative,2.0,2,15.0,5.0,0.8,0.8,10.0,0.7,"commons-exec,elastic-job-lite,handlebars.java,hbase,hector,httpcore",2236,http-request,0.35,6,shallower_conservative,2.0,2,15.0,5.0,0.8,0.8,10.0
0.75,1850,181,154,51,0.21982758620689655,0.24878048780487805,0.2334096109839817,shallower_conservative,2.0,2,15.0,5.0,0.8,0.8,10.0,0.75,"commons-exec,elastic-job-lite,handlebars.java,hbase,hector,httpcore",2236,http-request,0.35,6,shallower_conservative,2.0,2,15.0,5.0,0.8,0.8,10.0
0.8,1912,119,155,50,0.2958579881656805,0.24390243902439024,0.26737967914438504,shallower_conservative,2.0,2,15.0,5.0,0.8,0.8,10.0,0.8,"commons-exec,elastic-job-lite,handlebars.java,hbase,hector,httpcore",2236,http-request,0.35,6,shallower_conservative,2.0,2,15.0,5.0,0.8,0.8,10.0
0.85,1954,77,169,36,0.3185840707964602,0.17560975609756097,0.22641509433962262,shallower_conservative,2.0,2,15.0,5.0,0.8,0.8,10.0,0.85,"commons-exec,elastic-job-lite,handlebars.java,hbase,hector,httpcore",2236,http-request,0.35,6,shallower_conservative,2.0,2,15.0,5.0,0.8,0.8,10.0
0.9,2017,14,181,24,0.631578947368421,0.11707317073170732,0.19753086419753088,shallower_conservative,2.0,2,15.0,5.0,0.8,0.8,10.0,0.9,"commons-exec,elastic-job-lite,handlebars.java,hbase,hector,httpcore",2236,http-request,0.35,6,shallower_conservative,2.0,2,15.0,5.0,0.8,0.8,10.0
0.3,1614,417,90,115,0.2161654135338346,0.5609756097560976,0.3120759837177748,lower_weight_regularized,2.0,3,10.0,5.0,0.8,0.8,10.0,0.3,"commons-exec,elastic-job-lite,handlebars.java,hbase,hector,httpcore",2236,http-request,0.35,6,shallower_conservative,2.0,2,15.0,5.0,0.8,0.8,10.0
0.35,1630,401,97,108,0.21218074656188604,0.526829268292683,0.3025210084033614,lower_weight_regularized,2.0,3,10.0,5.0,0.8,0.8,10.0,0.35,"commons-exec,elastic-job-lite,handlebars.java,hbase,hector,httpcore",2236,http-request,0.35,6,shallower_conservative,2.0,2,15.0,5.0,0.8,0.8,10.0
0.4,1636,395,103,102,0.2052313883299799,0.4975609756097561,0.2905982905982906,lower_weight_regularized,2.0,3,10.0,5.0,0.8,0.8,10.0,0.4,"commons-exec,elastic-job-lite,handlebars.java,hbase,hector,httpcore",2236,http-request,0.35,6,shallower_conservative,2.0,2,15.0,5.0,0.8,0.8,10.0
0.45,1636,395,116,89,0.18388429752066116,0.43414634146341463,0.25834542815674894,lower_weight_regularized,2.0,3,10.0,5.0,0.8,0.8,10.0,0.45,"commons-exec,elastic-job-lite,handlebars.java,hbase,hector,httpcore",2236,http-request,0.35,6,shallower_conservative,2.0,2,15.0,5.0,0.8,0.8,10.0
0.5,1652,379,124,81,0.17608695652173914,0.3951219512195122,0.243609022556391,lower_weight_regularized,2.0,3,10.0,5.0,0.8,0.8,10.0,0.5,"commons-exec,elastic-job-lite,handlebars.java,hbase,hector,httpcore",2236,http-request,0.35,6,shallower_conservative,2.0,2,15.0,5.0,0.8,0.8,10.0
0.55,1655,376,142,63,0.14350797266514806,0.3073170731707317,0.19565217391304346,lower_weight_regularized,2.0,3,10.0,5.0,0.8,0.8,10.0,0.55,"commons-exec,elastic-job-lite,handlebars.java,hbase,hector,httpcore",2236,http-request,0.35,6,shallower_conservative,2.0,2,15.0,5.0,0.8,0.8,10.0
0.6,1668,363,142,63,0.14788732394366197,0.3073170731707317,0.19968304278922344,lower_weight_regularized,2.0,3,10.0,5.0,0.8,0.8,10.0,0.6,"commons-exec,elastic-job-lite,handlebars.java,hbase,hector,httpcore",2236,http-request,0.35,6,shallower_conservative,2.0,2,15.0,5.0,0.8,0.8,10.0
0.65,1680,351,142,63,0.15217391304347827,0.3073170731707317,0.20355411954765754,lower_weight_regularized,2.0,3,10.0,5.0,0.8,0.8,10.0,0.65,"commons-exec,elastic-job-lite,handlebars.java,hbase,hector,httpcore",2236,http-request,0.35,6,shallower_conservative,2.0,2,15.0,5.0,0.8,0.8,10.0
0.7,1696,335,148,57,0.14540816326530612,0.2780487804878049,0.19095477386934673,lower_weight_regularized,2.0,3,10.0,5.0,0.8,0.8,10.0,0.7,"commons-exec,elastic-job-lite,handlebars.java,hbase,hector,httpcore",2236,http-request,0.35,6,shallower_conservative,2.0,2,15.0,5.0,0.8,0.8,10.0
0.75,1709,322,150,55,0.14588859416445624,0.2682926829268293,0.18900343642611686,lower_weight_regularized,2.0,3,10.0,5.0,0.8,0.8,10.0,0.75,"commons-exec,elastic-job-lite,handlebars.java,hbase,hector,httpcore",2236,http-request,0.35,6,shallower_conservative,2.0,2,15.0,5.0,0.8,0.8,10.0
0.8,1809,222,158,47,0.17472118959107807,0.22926829268292684,0.19831223628691985,lower_weight_regularized,2.0,3,10.0,5.0,0.8,0.8,10.0,0.8,"commons-exec,elastic-job-lite,handlebars.java,hbase,hector,httpcore",2236,http-request,0.35,6,shallower_conservative,2.0,2,15.0,5.0,0.8,0.8,10.0
0.85,1905,126,168,37,0.22699386503067484,0.18048780487804877,0.20108695652173916,lower_weight_regularized,2.0,3,10.0,5.0,0.8,0.8,10.0,0.85,"commons-exec,elastic-job-lite,handlebars.java,hbase,hector,httpcore",2236,http-request,0.35,6,shallower_conservative,2.0,2,15.0,5.0,0.8,0.8,10.0
0.9,2018,13,182,23,0.6388888888888888,0.11219512195121951,0.19087136929460582,lower_weight_regularized,2.0,3,10.0,5.0,0.8,0.8,10.0,0.9,"commons-exec,elastic-job-lite,handlebars.java,hbase,hector,httpcore",2236,http-request,0.35,6,shallower_conservative,2.0,2,15.0,5.0,0.8,0.8,10.0
0.3,1631,400,114,91,0.18533604887983707,0.44390243902439025,0.2614942528735632,moderate_complexity,3.0,3,5.0,2.0,0.8,0.8,5.0,0.3,"commons-exec,elastic-job-lite,handlebars.java,hbase,hector,httpcore",2236,http-request,0.35,6,shallower_conservative,2.0,2,15.0,5.0,0.8,0.8,10.0
0.35,1636,395,119,86,0.1787941787941788,0.4195121951219512,0.2507288629737609,moderate_complexity,3.0,3,5.0,2.0,0.8,0.8,5.0,0.35,"commons-exec,elastic-job-lite,handlebars.java,hbase,hector,httpcore",2236,http-request,0.35,6,shallower_conservative,2.0,2,15.0,5.0,0.8,0.8,10.0
0.4,1651,380,124,81,0.175704989154013,0.3951219512195122,0.24324324324324323,moderate_complexity,3.0,3,5.0,2.0,0.8,0.8,5.0,0.4,"commons-exec,elastic-job-lite,handlebars.java,hbase,hector,httpcore",2236,http-request,0.35,6,shallower_conservative,2.0,2,15.0,5.0,0.8,0.8,10.0
0.45,1663,368,127,78,0.17488789237668162,0.3804878048780488,0.23963133640552997,moderate_complexity,3.0,3,5.0,2.0,0.8,0.8,5.0,0.45,"commons-exec,elastic-job-lite,handlebars.java,hbase,hector,httpcore",2236,http-request,0.35,6,shallower_conservative,2.0,2,15.0,5.0,0.8,0.8,10.0
0.5,1671,360,136,69,0.16083916083916083,0.33658536585365856,0.21766561514195584,moderate_complexity,3.0,3,5.0,2.0,0.8,0.8,5.0,0.5,"commons-exec,elastic-job-lite,handlebars.java,hbase,hector,httpcore",2236,http-request,0.35,6,shallower_conservative,2.0,2,15.0,5.0,0.8,0.8,10.0
0.55,1679,352,141,64,0.15384615384615385,0.3121951219512195,0.20611916264090177,moderate_complexity,3.0,3,5.0,2.0,0.8,0.8,5.0,0.55,"commons-exec,elastic-job-lite,handlebars.java,hbase,hector,httpcore",2236,http-request,0.35,6,shallower_conservative,2.0,2,15.0,5.0,0.8,0.8,10.0
0.6,1693,338,142,63,0.1571072319201995,0.3073170731707317,0.20792079207920794,moderate_complexity,3.0,3,5.0,2.0,0.8,0.8,5.0,0.6,"commons-exec,elastic-job-lite,handlebars.java,hbase,hector,httpcore",2236,http-request,0.35,6,shallower_conservative,2.0,2,15.0,5.0,0.8,0.8,10.0
0.65,1724,307,144,61,0.16576086956521738,0.2975609756097561,0.21291448516579406,moderate_complexity,3.0,3,5.0,2.0,0.8,0.8,5.0,0.65,"commons-exec,elastic-job-lite,handlebars.java,hbase,hector,httpcore",2236,http-request,0.35,6,shallower_conservative,2.0,2,15.0,5.0,0.8,0.8,10.0
0.7,1773,258,146,59,0.1861198738170347,0.28780487804878047,0.22605363984674332,moderate_complexity,3.0,3,5.0,2.0,0.8,0.8,5.0,0.7,"commons-exec,elastic-job-lite,handlebars.java,hbase,hector,httpcore",2236,http-request,0.35,6,shallower_conservative,2.0,2,15.0,5.0,0.8,0.8,10.0
0.75,1817,214,149,56,0.2074074074074074,0.2731707317073171,0.23578947368421055,moderate_complexity,3.0,3,5.0,2.0,0.8,0.8,5.0,0.75,"commons-exec,elastic-job-lite,handlebars.java,hbase,hector,httpcore",2236,http-request,0.35,6,shallower_conservative,2.0,2,15.0,5.0,0.8,0.8,10.0
0.8,1834,197,150,55,0.21825396825396826,0.2682926829268293,0.24070021881838075,moderate_complexity,3.0,3,5.0,2.0,0.8,0.8,5.0,0.8,"commons-exec,elastic-job-lite,handlebars.java,hbase,hector,httpcore",2236,http-request,0.35,6,shallower_conservative,2.0,2,15.0,5.0,0.8,0.8,10.0
0.85,1879,152,162,43,0.2205128205128205,0.2097560975609756,0.21500000000000002,moderate_complexity,3.0,3,5.0,2.0,0.8,0.8,5.0,0.85,"commons-exec,elastic-job-lite,handlebars.java,hbase,hector,httpcore",2236,http-request,0.35,6,shallower_conservative,2.0,2,15.0,5.0,0.8,0.8,10.0
0.9,1992,39,181,24,0.38095238095238093,0.11707317073170732,0.17910447761194032,moderate_complexity,3.0,3,5.0,2.0,0.8,0.8,5.0,0.9,"commons-exec,elastic-job-lite,handlebars.java,hbase,hector,httpcore",2236,http-request,0.35,6,shallower_conservative,2.0,2,15.0,5.0,0.8,0.8,10.0
0.3,1629,402,96,109,0.21330724070450097,0.5317073170731708,0.30446927374301674,deeper_regularized,3.0,4,5.0,1.0,0.8,0.8,5.0,0.3,"commons-exec,elastic-job-lite,handlebars.java,hbase,hector,httpcore",2236,http-request,0.35,6,shallower_conservative,2.0,2,15.0,5.0,0.8,0.8,10.0
0.35,1642,389,110,95,0.1962809917355372,0.4634146341463415,0.2757619738751814,deeper_regularized,3.0,4,5.0,1.0,0.8,0.8,5.0,0.35,"commons-exec,elastic-job-lite,handlebars.java,hbase,hector,httpcore",2236,http-request,0.35,6,shallower_conservative,2.0,2,15.0,5.0,0.8,0.8,10.0
0.4,1648,383,111,94,0.1970649895178197,0.4585365853658537,0.2756598240469208,deeper_regularized,3.0,4,5.0,1.0,0.8,0.8,5.0,0.4,"commons-exec,elastic-job-lite,handlebars.java,hbase,hector,httpcore",2236,http-request,0.35,6,shallower_conservative,2.0,2,15.0,5.0,0.8,0.8,10.0
0.45,1659,372,114,91,0.19654427645788336,0.44390243902439025,0.27245508982035926,deeper_regularized,3.0,4,5.0,1.0,0.8,0.8,5.0,0.45,"commons-exec,elastic-job-lite,handlebars.java,hbase,hector,httpcore",2236,http-request,0.35,6,shallower_conservative,2.0,2,15.0,5.0,0.8,0.8,10.0
0.5,1661,370,115,90,0.1956521739130435,0.43902439024390244,0.2706766917293233,deeper_regularized,3.0,4,5.0,1.0,0.8,0.8,5.0,0.5,"commons-exec,elastic-job-lite,handlebars.java,hbase,hector,httpcore",2236,http-request,0.35,6,shallower_conservative,2.0,2,15.0,5.0,0.8,0.8,10.0
0.55,1664,367,119,86,0.18984547461368653,0.4195121951219512,0.2613981762917933,deeper_regularized,3.0,4,5.0,1.0,0.8,0.8,5.0,0.55,"commons-exec,elastic-job-lite,handlebars.java,hbase,hector,httpcore",2236,http-request,0.35,6,shallower_conservative,2.0,2,15.0,5.0,0.8,0.8,10.0
0.6,1669,362,123,82,0.18468468468468469,0.4,0.2526964560862866,deeper_regularized,3.0,4,5.0,1.0,0.8,0.8,5.0,0.6,"commons-exec,elastic-job-lite,handlebars.java,hbase,hector,httpcore",2236,http-request,0.35,6,shallower_conservative,2.0,2,15.0,5.0,0.8,0.8,10.0
0.65,1681,350,132,73,0.17257683215130024,0.35609756097560974,0.232484076433121,deeper_regularized,3.0,4,5.0,1.0,0.8,0.8,5.0,0.65,"commons-exec,elastic-job-lite,handlebars.java,hbase,hector,httpcore",2236,http-request,0.35,6,shallower_conservative,2.0,2,15.0,5.0,0.8,0.8,10.0
0.7,1688,343,135,70,0.1694915254237288,0.34146341463414637,0.22653721682847894,deeper_regularized,3.0,4,5.0,1.0,0.8,0.8,5.0,0.7,"commons-exec,elastic-job-lite,handlebars.java,hbase,hector,httpcore",2236,http-request,0.35,6,shallower_conservative,2.0,2,15.0,5.0,0.8,0.8,10.0
0.75,1703,328,147,58,0.15025906735751296,0.28292682926829266,0.19627749576988154,deeper_regularized,3.0,4,5.0,1.0,0.8,0.8,5.0,0.75,"commons-exec,elastic-job-lite,handlebars.java,hbase,hector,httpcore",2236,http-request,0.35,6,shallower_conservative,2.0,2,15.0,5.0,0.8,0.8,10.0
0.8,1759,272,148,57,0.17325227963525835,0.2780487804878049,0.21348314606741575,deeper_regularized,3.0,4,5.0,1.0,0.8,0.8,5.0,0.8,"commons-exec,elastic-job-lite,handlebars.java,hbase,hector,httpcore",2236,http-request,0.35,6,shallower_conservative,2.0,2,15.0,5.0,0.8,0.8,10.0
0.85,1860,171,151,54,0.24,0.2634146341463415,0.25116279069767444,deeper_regularized,3.0,4,5.0,1.0,0.8,0.8,5.0,0.85,"commons-exec,elastic-job-lite,handlebars.java,hbase,hector,httpcore",2236,http-request,0.35,6,shallower_conservative,2.0,2,15.0,5.0,0.8,0.8,10.0
0.9,1974,57,164,41,0.41836734693877553,0.2,0.2706270627062706,deeper_regularized,3.0,4,5.0,1.0,0.8,0.8,5.0,0.9,"commons-exec,elastic-job-lite,handlebars.java,hbase,hector,httpcore",2236,http-request,0.35,6,shallower_conservative,2.0,2,15.0,5.0,0.8,0.8,10.0
0.3,3256,84,12,53,0.38686131386861317,0.8153846153846154,0.5247524752475248,reported_regularized,3.0,3,10.0,5.0,0.8,0.8,10.0,0.3,"commons-exec,elastic-job-lite,handlebars.java,http-request,incubator-dubbo,java-websocket",3405,httpcore,0.9,6,deeper_regularized,3.0,4,5.0,1.0,0.8,0.8,5.0
0.35,3256,84,12,53,0.38686131386861317,0.8153846153846154,0.5247524752475248,reported_regularized,3.0,3,10.0,5.0,0.8,0.8,10.0,0.35,"commons-exec,elastic-job-lite,handlebars.java,http-request,incubator-dubbo,java-websocket",3405,httpcore,0.9,6,deeper_regularized,3.0,4,5.0,1.0,0.8,0.8,5.0
0.4,3257,83,13,52,0.3851851851851852,0.8,0.52,reported_regularized,3.0,3,10.0,5.0,0.8,0.8,10.0,0.4,"commons-exec,elastic-job-lite,handlebars.java,http-request,incubator-dubbo,java-websocket",3405,httpcore,0.9,6,deeper_regularized,3.0,4,5.0,1.0,0.8,0.8,5.0
0.45,3257,83,13,52,0.3851851851851852,0.8,0.52,reported_regularized,3.0,3,10.0,5.0,0.8,0.8,10.0,0.45,"commons-exec,elastic-job-lite,handlebars.java,http-request,incubator-dubbo,java-websocket",3405,httpcore,0.9,6,deeper_regularized,3.0,4,5.0,1.0,0.8,0.8,5.0
0.5,3257,83,17,48,0.366412213740458,0.7384615384615385,0.489795918367347,reported_regularized,3.0,3,10.0,5.0,0.8,0.8,10.0,0.5,"commons-exec,elastic-job-lite,handlebars.java,http-request,incubator-dubbo,java-websocket",3405,httpcore,0.9,6,deeper_regularized,3.0,4,5.0,1.0,0.8,0.8,5.0
0.55,3257,83,17,48,0.366412213740458,0.7384615384615385,0.489795918367347,reported_regularized,3.0,3,10.0,5.0,0.8,0.8,10.0,0.55,"commons-exec,elastic-job-lite,handlebars.java,http-request,incubator-dubbo,java-websocket",3405,httpcore,0.9,6,deeper_regularized,3.0,4,5.0,1.0,0.8,0.8,5.0
0.6,3257,83,17,48,0.366412213740458,0.7384615384615385,0.489795918367347,reported_regularized,3.0,3,10.0,5.0,0.8,0.8,10.0,0.6,"commons-exec,elastic-job-lite,handlebars.java,http-request,incubator-dubbo,java-websocket",3405,httpcore,0.9,6,deeper_regularized,3.0,4,5.0,1.0,0.8,0.8,5.0
0.65,3257,83,17,48,0.366412213740458,0.7384615384615385,0.489795918367347,reported_regularized,3.0,3,10.0,5.0,0.8,0.8,10.0,0.65,"commons-exec,elastic-job-lite,handlebars.java,http-request,incubator-dubbo,java-websocket",3405,httpcore,0.9,6,deeper_regularized,3.0,4,5.0,1.0,0.8,0.8,5.0
0.7,3257,83,17,48,0.366412213740458,0.7384615384615385,0.489795918367347,reported_regularized,3.0,3,10.0,5.0,0.8,0.8,10.0,0.7,"commons-exec,elastic-job-lite,handlebars.java,http-request,incubator-dubbo,java-websocket",3405,httpcore,0.9,6,deeper_regularized,3.0,4,5.0,1.0,0.8,0.8,5.0
0.75,3257,83,19,46,0.35658914728682173,0.7076923076923077,0.4742268041237113,reported_regularized,3.0,3,10.0,5.0,0.8,0.8,10.0,0.75,"commons-exec,elastic-job-lite,handlebars.java,http-request,incubator-dubbo,java-websocket",3405,httpcore,0.9,6,deeper_regularized,3.0,4,5.0,1.0,0.8,0.8,5.0
0.8,3258,82,19,46,0.359375,0.7076923076923077,0.4766839378238342,reported_regularized,3.0,3,10.0,5.0,0.8,0.8,10.0,0.8,"commons-exec,elastic-job-lite,handlebars.java,http-request,incubator-dubbo,java-websocket",3405,httpcore,0.9,6,deeper_regularized,3.0,4,5.0,1.0,0.8,0.8,5.0
0.85,3260,80,39,26,0.24528301886792453,0.4,0.30409356725146197,reported_regularized,3.0,3,10.0,5.0,0.8,0.8,10.0,0.85,"commons-exec,elastic-job-lite,handlebars.java,http-request,incubator-dubbo,java-websocket",3405,httpcore,0.9,6,deeper_regularized,3.0,4,5.0,1.0,0.8,0.8,5.0
0.9,3320,20,40,25,0.5555555555555556,0.38461538461538464,0.4545454545454546,reported_regularized,3.0,3,10.0,5.0,0.8,0.8,10.0,0.9,"commons-exec,elastic-job-lite,handlebars.java,http-request,incubator-dubbo,java-websocket",3405,httpcore,0.9,6,deeper_regularized,3.0,4,5.0,1.0,0.8,0.8,5.0
0.3,3251,89,13,52,0.36879432624113473,0.8,0.5048543689320388,shallower_conservative,2.0,2,15.0,5.0,0.8,0.8,10.0,0.3,"commons-exec,elastic-job-lite,handlebars.java,http-request,incubator-dubbo,java-websocket",3405,httpcore,0.9,6,deeper_regularized,3.0,4,5.0,1.0,0.8,0.8,5.0
0.35,3256,84,13,52,0.38235294117647056,0.8,0.5174129353233832,shallower_conservative,2.0,2,15.0,5.0,0.8,0.8,10.0,0.35,"commons-exec,elastic-job-lite,handlebars.java,http-request,incubator-dubbo,java-websocket",3405,httpcore,0.9,6,deeper_regularized,3.0,4,5.0,1.0,0.8,0.8,5.0
0.4,3256,84,14,51,0.37777777777777777,0.7846153846153846,0.5100000000000001,shallower_conservative,2.0,2,15.0,5.0,0.8,0.8,10.0,0.4,"commons-exec,elastic-job-lite,handlebars.java,http-request,incubator-dubbo,java-websocket",3405,httpcore,0.9,6,deeper_regularized,3.0,4,5.0,1.0,0.8,0.8,5.0
0.45,3256,84,14,51,0.37777777777777777,0.7846153846153846,0.5100000000000001,shallower_conservative,2.0,2,15.0,5.0,0.8,0.8,10.0,0.45,"commons-exec,elastic-job-lite,handlebars.java,http-request,incubator-dubbo,java-websocket",3405,httpcore,0.9,6,deeper_regularized,3.0,4,5.0,1.0,0.8,0.8,5.0
0.5,3256,84,17,48,0.36363636363636365,0.7384615384615385,0.48730964467005067,shallower_conservative,2.0,2,15.0,5.0,0.8,0.8,10.0,0.5,"commons-exec,elastic-job-lite,handlebars.java,http-request,incubator-dubbo,java-websocket",3405,httpcore,0.9,6,deeper_regularized,3.0,4,5.0,1.0,0.8,0.8,5.0
0.55,3258,82,17,48,0.36923076923076925,0.7384615384615385,0.49230769230769234,shallower_conservative,2.0,2,15.0,5.0,0.8,0.8,10.0,0.55,"commons-exec,elastic-job-lite,handlebars.java,http-request,incubator-dubbo,java-websocket",3405,httpcore,0.9,6,deeper_regularized,3.0,4,5.0,1.0,0.8,0.8,5.0
0.6,3258,82,17,48,0.36923076923076925,0.7384615384615385,0.49230769230769234,shallower_conservative,2.0,2,15.0,5.0,0.8,0.8,10.0,0.6,"commons-exec,elastic-job-lite,handlebars.java,http-request,incubator-dubbo,java-websocket",3405,httpcore,0.9,6,deeper_regularized,3.0,4,5.0,1.0,0.8,0.8,5.0
0.65,3258,82,17,48,0.36923076923076925,0.7384615384615385,0.49230769230769234,shallower_conservative,2.0,2,15.0,5.0,0.8,0.8,10.0,0.65,"commons-exec,elastic-job-lite,handlebars.java,http-request,incubator-dubbo,java-websocket",3405,httpcore,0.9,6,deeper_regularized,3.0,4,5.0,1.0,0.8,0.8,5.0
0.7,3258,82,17,48,0.36923076923076925,0.7384615384615385,0.49230769230769234,shallower_conservative,2.0,2,15.0,5.0,0.8,0.8,10.0,0.7,"commons-exec,elastic-job-lite,handlebars.java,http-request,incubator-dubbo,java-websocket",3405,httpcore,0.9,6,deeper_regularized,3.0,4,5.0,1.0,0.8,0.8,5.0
0.75,3258,82,17,48,0.36923076923076925,0.7384615384615385,0.49230769230769234,shallower_conservative,2.0,2,15.0,5.0,0.8,0.8,10.0,0.75,"commons-exec,elastic-job-lite,handlebars.java,http-request,incubator-dubbo,java-websocket",3405,httpcore,0.9,6,deeper_regularized,3.0,4,5.0,1.0,0.8,0.8,5.0
0.8,3258,82,18,47,0.3643410852713178,0.7230769230769231,0.48453608247422686,shallower_conservative,2.0,2,15.0,5.0,0.8,0.8,10.0,0.8,"commons-exec,elastic-job-lite,handlebars.java,http-request,incubator-dubbo,java-websocket",3405,httpcore,0.9,6,deeper_regularized,3.0,4,5.0,1.0,0.8,0.8,5.0
0.85,3259,81,25,40,0.3305785123966942,0.6153846153846154,0.43010752688172044,shallower_conservative,2.0,2,15.0,5.0,0.8,0.8,10.0,0.85,"commons-exec,elastic-job-lite,handlebars.java,http-request,incubator-dubbo,java-websocket",3405,httpcore,0.9,6,deeper_regularized,3.0,4,5.0,1.0,0.8,0.8,5.0
0.9,3259,81,40,25,0.2358490566037736,0.38461538461538464,0.2923976608187135,shallower_conservative,2.0,2,15.0,5.0,0.8,0.8,10.0,0.9,"commons-exec,elastic-job-lite,handlebars.java,http-request,incubator-dubbo,java-websocket",3405,httpcore,0.9,6,deeper_regularized,3.0,4,5.0,1.0,0.8,0.8,5.0
0.3,3248,92,16,49,0.3475177304964539,0.7538461538461538,0.47572815533980584,lower_weight_regularized,2.0,3,10.0,5.0,0.8,0.8,10.0,0.3,"commons-exec,elastic-job-lite,handlebars.java,http-request,incubator-dubbo,java-websocket",3405,httpcore,0.9,6,deeper_regularized,3.0,4,5.0,1.0,0.8,0.8,5.0
0.35,3252,88,16,49,0.35766423357664234,0.7538461538461538,0.48514851485148525,lower_weight_regularized,2.0,3,10.0,5.0,0.8,0.8,10.0,0.35,"commons-exec,elastic-job-lite,handlebars.java,http-request,incubator-dubbo,java-websocket",3405,httpcore,0.9,6,deeper_regularized,3.0,4,5.0,1.0,0.8,0.8,5.0
0.4,3252,88,17,48,0.35294117647058826,0.7384615384615385,0.47761194029850745,lower_weight_regularized,2.0,3,10.0,5.0,0.8,0.8,10.0,0.4,"commons-exec,elastic-job-lite,handlebars.java,http-request,incubator-dubbo,java-websocket",3405,httpcore,0.9,6,deeper_regularized,3.0,4,5.0,1.0,0.8,0.8,5.0
0.45,3256,84,17,48,0.36363636363636365,0.7384615384615385,0.48730964467005067,lower_weight_regularized,2.0,3,10.0,5.0,0.8,0.8,10.0,0.45,"commons-exec,elastic-job-lite,handlebars.java,http-request,incubator-dubbo,java-websocket",3405,httpcore,0.9,6,deeper_regularized,3.0,4,5.0,1.0,0.8,0.8,5.0
0.5,3256,84,17,48,0.36363636363636365,0.7384615384615385,0.48730964467005067,lower_weight_regularized,2.0,3,10.0,5.0,0.8,0.8,10.0,0.5,"commons-exec,elastic-job-lite,handlebars.java,http-request,incubator-dubbo,java-websocket",3405,httpcore,0.9,6,deeper_regularized,3.0,4,5.0,1.0,0.8,0.8,5.0
0.55,3257,83,17,48,0.366412213740458,0.7384615384615385,0.489795918367347,lower_weight_regularized,2.0,3,10.0,5.0,0.8,0.8,10.0,0.55,"commons-exec,elastic-job-lite,handlebars.java,http-request,incubator-dubbo,java-websocket",3405,httpcore,0.9,6,deeper_regularized,3.0,4,5.0,1.0,0.8,0.8,5.0
0.6,3257,83,17,48,0.366412213740458,0.7384615384615385,0.489795918367347,lower_weight_regularized,2.0,3,10.0,5.0,0.8,0.8,10.0,0.6,"commons-exec,elastic-job-lite,handlebars.java,http-request,incubator-dubbo,java-websocket",3405,httpcore,0.9,6,deeper_regularized,3.0,4,5.0,1.0,0.8,0.8,5.0
0.65,3257,83,18,47,0.36153846153846153,0.7230769230769231,0.482051282051282,lower_weight_regularized,2.0,3,10.0,5.0,0.8,0.8,10.0,0.65,"commons-exec,elastic-job-lite,handlebars.java,http-request,incubator-dubbo,java-websocket",3405,httpcore,0.9,6,deeper_regularized,3.0,4,5.0,1.0,0.8,0.8,5.0
0.7,3257,83,19,46,0.35658914728682173,0.7076923076923077,0.4742268041237113,lower_weight_regularized,2.0,3,10.0,5.0,0.8,0.8,10.0,0.7,"commons-exec,elastic-job-lite,handlebars.java,http-request,incubator-dubbo,java-websocket",3405,httpcore,0.9,6,deeper_regularized,3.0,4,5.0,1.0,0.8,0.8,5.0
0.75,3258,82,19,46,0.359375,0.7076923076923077,0.4766839378238342,lower_weight_regularized,2.0,3,10.0,5.0,0.8,0.8,10.0,0.75,"commons-exec,elastic-job-lite,handlebars.java,http-request,incubator-dubbo,java-websocket",3405,httpcore,0.9,6,deeper_regularized,3.0,4,5.0,1.0,0.8,0.8,5.0
0.8,3299,41,38,27,0.39705882352941174,0.4153846153846154,0.40601503759398494,lower_weight_regularized,2.0,3,10.0,5.0,0.8,0.8,10.0,0.8,"commons-exec,elastic-job-lite,handlebars.java,http-request,incubator-dubbo,java-websocket",3405,httpcore,0.9,6,deeper_regularized,3.0,4,5.0,1.0,0.8,0.8,5.0
0.85,3324,16,40,25,0.6097560975609756,0.38461538461538464,0.4716981132075472,lower_weight_regularized,2.0,3,10.0,5.0,0.8,0.8,10.0,0.85,"commons-exec,elastic-job-lite,handlebars.java,http-request,incubator-dubbo,java-websocket",3405,httpcore,0.9,6,deeper_regularized,3.0,4,5.0,1.0,0.8,0.8,5.0
0.9,3328,12,55,10,0.45454545454545453,0.15384615384615385,0.22988505747126442,lower_weight_regularized,2.0,3,10.0,5.0,0.8,0.8,10.0,0.9,"commons-exec,elastic-job-lite,handlebars.java,http-request,incubator-dubbo,java-websocket",3405,httpcore,0.9,6,deeper_regularized,3.0,4,5.0,1.0,0.8,0.8,5.0
0.3,3256,84,12,53,0.38686131386861317,0.8153846153846154,0.5247524752475248,moderate_complexity,3.0,3,5.0,2.0,0.8,0.8,5.0,0.3,"commons-exec,elastic-job-lite,handlebars.java,http-request,incubator-dubbo,java-websocket",3405,httpcore,0.9,6,deeper_regularized,3.0,4,5.0,1.0,0.8,0.8,5.0
0.35,3256,84,12,53,0.38686131386861317,0.8153846153846154,0.5247524752475248,moderate_complexity,3.0,3,5.0,2.0,0.8,0.8,5.0,0.35,"commons-exec,elastic-job-lite,handlebars.java,http-request,incubator-dubbo,java-websocket",3405,httpcore,0.9,6,deeper_regularized,3.0,4,5.0,1.0,0.8,0.8,5.0
0.4,3256,84,12,53,0.38686131386861317,0.8153846153846154,0.5247524752475248,moderate_complexity,3.0,3,5.0,2.0,0.8,0.8,5.0,0.4,"commons-exec,elastic-job-lite,handlebars.java,http-request,incubator-dubbo,java-websocket",3405,httpcore,0.9,6,deeper_regularized,3.0,4,5.0,1.0,0.8,0.8,5.0
0.45,3256,84,12,53,0.38686131386861317,0.8153846153846154,0.5247524752475248,moderate_complexity,3.0,3,5.0,2.0,0.8,0.8,5.0,0.45,"commons-exec,elastic-job-lite,handlebars.java,http-request,incubator-dubbo,java-websocket",3405,httpcore,0.9,6,deeper_regularized,3.0,4,5.0,1.0,0.8,0.8,5.0
0.5,3256,84,16,49,0.3684210526315789,0.7538461538461538,0.4949494949494949,moderate_complexity,3.0,3,5.0,2.0,0.8,0.8,5.0,0.5,"commons-exec,elastic-job-lite,handlebars.java,http-request,incubator-dubbo,java-websocket",3405,httpcore,0.9,6,deeper_regularized,3.0,4,5.0,1.0,0.8,0.8,5.0
0.55,3256,84,16,49,0.3684210526315789,0.7538461538461538,0.4949494949494949,moderate_complexity,3.0,3,5.0,2.0,0.8,0.8,5.0,0.55,"commons-exec,elastic-job-lite,handlebars.java,http-request,incubator-dubbo,java-websocket",3405,httpcore,0.9,6,deeper_regularized,3.0,4,5.0,1.0,0.8,0.8,5.0
0.6,3257,83,16,49,0.3712121212121212,0.7538461538461538,0.4974619289340102,moderate_complexity,3.0,3,5.0,2.0,0.8,0.8,5.0,0.6,"commons-exec,elastic-job-lite,handlebars.java,http-request,incubator-dubbo,java-websocket",3405,httpcore,0.9,6,deeper_regularized,3.0,4,5.0,1.0,0.8,0.8,5.0
0.65,3257,83,16,49,0.3712121212121212,0.7538461538461538,0.4974619289340102,moderate_complexity,3.0,3,5.0,2.0,0.8,0.8,5.0,0.65,"commons-exec,elastic-job-lite,handlebars.java,http-request,incubator-dubbo,java-websocket",3405,httpcore,0.9,6,deeper_regularized,3.0,4,5.0,1.0,0.8,0.8,5.0
0.7,3257,83,17,48,0.366412213740458,0.7384615384615385,0.489795918367347,moderate_complexity,3.0,3,5.0,2.0,0.8,0.8,5.0,0.7,"commons-exec,elastic-job-lite,handlebars.java,http-request,incubator-dubbo,java-websocket",3405,httpcore,0.9,6,deeper_regularized,3.0,4,5.0,1.0,0.8,0.8,5.0
0.75,3259,81,17,48,0.37209302325581395,0.7384615384615385,0.49484536082474234,moderate_complexity,3.0,3,5.0,2.0,0.8,0.8,5.0,0.75,"commons-exec,elastic-job-lite,handlebars.java,http-request,incubator-dubbo,java-websocket",3405,httpcore,0.9,6,deeper_regularized,3.0,4,5.0,1.0,0.8,0.8,5.0
0.8,3262,78,17,48,0.38095238095238093,0.7384615384615385,0.5026178010471204,moderate_complexity,3.0,3,5.0,2.0,0.8,0.8,5.0,0.8,"commons-exec,elastic-job-lite,handlebars.java,http-request,incubator-dubbo,java-websocket",3405,httpcore,0.9,6,deeper_regularized,3.0,4,5.0,1.0,0.8,0.8,5.0
0.85,3289,51,18,47,0.47959183673469385,0.7230769230769231,0.5766871165644172,moderate_complexity,3.0,3,5.0,2.0,0.8,0.8,5.0,0.85,"commons-exec,elastic-job-lite,handlebars.java,http-request,incubator-dubbo,java-websocket",3405,httpcore,0.9,6,deeper_regularized,3.0,4,5.0,1.0,0.8,0.8,5.0
0.9,3325,15,47,18,0.5454545454545454,0.27692307692307694,0.3673469387755102,moderate_complexity,3.0,3,5.0,2.0,0.8,0.8,5.0,0.9,"commons-exec,elastic-job-lite,handlebars.java,http-request,incubator-dubbo,java-websocket",3405,httpcore,0.9,6,deeper_regularized,3.0,4,5.0,1.0,0.8,0.8,5.0
0.3,3256,84,12,53,0.38686131386861317,0.8153846153846154,0.5247524752475248,deeper_regularized,3.0,4,5.0,1.0,0.8,0.8,5.0,0.3,"commons-exec,elastic-job-lite,handlebars.java,http-request,incubator-dubbo,java-websocket",3405,httpcore,0.9,6,deeper_regularized,3.0,4,5.0,1.0,0.8,0.8,5.0
0.35,3256,84,12,53,0.38686131386861317,0.8153846153846154,0.5247524752475248,deeper_regularized,3.0,4,5.0,1.0,0.8,0.8,5.0,0.35,"commons-exec,elastic-job-lite,handlebars.java,http-request,incubator-dubbo,java-websocket",3405,httpcore,0.9,6,deeper_regularized,3.0,4,5.0,1.0,0.8,0.8,5.0
0.4,3257,83,12,53,0.3897058823529412,0.8153846153846154,0.527363184079602,deeper_regularized,3.0,4,5.0,1.0,0.8,0.8,5.0,0.4,"commons-exec,elastic-job-lite,handlebars.java,http-request,incubator-dubbo,java-websocket",3405,httpcore,0.9,6,deeper_regularized,3.0,4,5.0,1.0,0.8,0.8,5.0
0.45,3257,83,15,50,0.37593984962406013,0.7692307692307693,0.5050505050505051,deeper_regularized,3.0,4,5.0,1.0,0.8,0.8,5.0,0.45,"commons-exec,elastic-job-lite,handlebars.java,http-request,incubator-dubbo,java-websocket",3405,httpcore,0.9,6,deeper_regularized,3.0,4,5.0,1.0,0.8,0.8,5.0
0.5,3257,83,16,49,0.3712121212121212,0.7538461538461538,0.4974619289340102,deeper_regularized,3.0,4,5.0,1.0,0.8,0.8,5.0,0.5,"commons-exec,elastic-job-lite,handlebars.java,http-request,incubator-dubbo,java-websocket",3405,httpcore,0.9,6,deeper_regularized,3.0,4,5.0,1.0,0.8,0.8,5.0
0.55,3257,83,16,49,0.3712121212121212,0.7538461538461538,0.4974619289340102,deeper_regularized,3.0,4,5.0,1.0,0.8,0.8,5.0,0.55,"commons-exec,elastic-job-lite,handlebars.java,http-request,incubator-dubbo,java-websocket",3405,httpcore,0.9,6,deeper_regularized,3.0,4,5.0,1.0,0.8,0.8,5.0
0.6,3257,83,16,49,0.3712121212121212,0.7538461538461538,0.4974619289340102,deeper_regularized,3.0,4,5.0,1.0,0.8,0.8,5.0,0.6,"commons-exec,elastic-job-lite,handlebars.java,http-request,incubator-dubbo,java-websocket",3405,httpcore,0.9,6,deeper_regularized,3.0,4,5.0,1.0,0.8,0.8,5.0
0.65,3257,83,17,48,0.366412213740458,0.7384615384615385,0.489795918367347,deeper_regularized,3.0,4,5.0,1.0,0.8,0.8,5.0,0.65,"commons-exec,elastic-job-lite,handlebars.java,http-request,incubator-dubbo,java-websocket",3405,httpcore,0.9,6,deeper_regularized,3.0,4,5.0,1.0,0.8,0.8,5.0
0.7,3258,82,17,48,0.36923076923076925,0.7384615384615385,0.49230769230769234,deeper_regularized,3.0,4,5.0,1.0,0.8,0.8,5.0,0.7,"commons-exec,elastic-job-lite,handlebars.java,http-request,incubator-dubbo,java-websocket",3405,httpcore,0.9,6,deeper_regularized,3.0,4,5.0,1.0,0.8,0.8,5.0
0.75,3260,80,17,48,0.375,0.7384615384615385,0.49740932642487046,deeper_regularized,3.0,4,5.0,1.0,0.8,0.8,5.0,0.75,"commons-exec,elastic-job-lite,handlebars.java,http-request,incubator-dubbo,java-websocket",3405,httpcore,0.9,6,deeper_regularized,3.0,4,5.0,1.0,0.8,0.8,5.0
0.8,3262,78,18,47,0.376,0.7230769230769231,0.49473684210526314,deeper_regularized,3.0,4,5.0,1.0,0.8,0.8,5.0,0.8,"commons-exec,elastic-job-lite,handlebars.java,http-request,incubator-dubbo,java-websocket",3405,httpcore,0.9,6,deeper_regularized,3.0,4,5.0,1.0,0.8,0.8,5.0
0.85,3291,49,27,38,0.4367816091954023,0.5846153846153846,0.5,deeper_regularized,3.0,4,5.0,1.0,0.8,0.8,5.0,0.85,"commons-exec,elastic-job-lite,handlebars.java,http-request,incubator-dubbo,java-websocket",3405,httpcore,0.9,6,deeper_regularized,3.0,4,5.0,1.0,0.8,0.8,5.0
0.9,3325,15,30,35,0.7,0.5384615384615384,0.608695652173913,deeper_regularized,3.0,4,5.0,1.0,0.8,0.8,5.0,0.9,"commons-exec,elastic-job-lite,handlebars.java,http-request,incubator-dubbo,java-websocket",3405,httpcore,0.9,6,deeper_regularized,3.0,4,5.0,1.0,0.8,0.8,5.0
0.3,3709,199,18,46,0.18775510204081633,0.71875,0.2977346278317152,reported_regularized,3.0,3,10.0,5.0,0.8,0.8,10.0,0.3,"commons-exec,elastic-job-lite,handlebars.java,http-request,httpcore,incubator-dubbo",3972,java-websocket,0.8,6,lower_weight_regularized,2.0,3,10.0,5.0,0.8,0.8,10.0
0.35,3712,196,18,46,0.19008264462809918,0.71875,0.3006535947712418,reported_regularized,3.0,3,10.0,5.0,0.8,0.8,10.0,0.35,"commons-exec,elastic-job-lite,handlebars.java,http-request,httpcore,incubator-dubbo",3972,java-websocket,0.8,6,lower_weight_regularized,2.0,3,10.0,5.0,0.8,0.8,10.0
0.4,3713,195,18,46,0.1908713692946058,0.71875,0.30163934426229505,reported_regularized,3.0,3,10.0,5.0,0.8,0.8,10.0,0.4,"commons-exec,elastic-job-lite,handlebars.java,http-request,httpcore,incubator-dubbo",3972,java-websocket,0.8,6,lower_weight_regularized,2.0,3,10.0,5.0,0.8,0.8,10.0
0.45,3789,119,19,45,0.27439024390243905,0.703125,0.39473684210526316,reported_regularized,3.0,3,10.0,5.0,0.8,0.8,10.0,0.45,"commons-exec,elastic-job-lite,handlebars.java,http-request,httpcore,incubator-dubbo",3972,java-websocket,0.8,6,lower_weight_regularized,2.0,3,10.0,5.0,0.8,0.8,10.0
0.5,3796,112,19,45,0.28662420382165604,0.703125,0.40723981900452494,reported_regularized,3.0,3,10.0,5.0,0.8,0.8,10.0,0.5,"commons-exec,elastic-job-lite,handlebars.java,http-request,httpcore,incubator-dubbo",3972,java-websocket,0.8,6,lower_weight_regularized,2.0,3,10.0,5.0,0.8,0.8,10.0
0.55,3801,107,19,45,0.29605263157894735,0.703125,0.41666666666666663,reported_regularized,3.0,3,10.0,5.0,0.8,0.8,10.0,0.55,"commons-exec,elastic-job-lite,handlebars.java,http-request,httpcore,incubator-dubbo",3972,java-websocket,0.8,6,lower_weight_regularized,2.0,3,10.0,5.0,0.8,0.8,10.0
0.6,3834,74,22,42,0.3620689655172414,0.65625,0.46666666666666673,reported_regularized,3.0,3,10.0,5.0,0.8,0.8,10.0,0.6,"commons-exec,elastic-job-lite,handlebars.java,http-request,httpcore,incubator-dubbo",3972,java-websocket,0.8,6,lower_weight_regularized,2.0,3,10.0,5.0,0.8,0.8,10.0
0.65,3842,66,23,41,0.38317757009345793,0.640625,0.4795321637426901,reported_regularized,3.0,3,10.0,5.0,0.8,0.8,10.0,0.65,"commons-exec,elastic-job-lite,handlebars.java,http-request,httpcore,incubator-dubbo",3972,java-websocket,0.8,6,lower_weight_regularized,2.0,3,10.0,5.0,0.8,0.8,10.0
0.7,3897,11,25,39,0.78,0.609375,0.6842105263157895,reported_regularized,3.0,3,10.0,5.0,0.8,0.8,10.0,0.7,"commons-exec,elastic-job-lite,handlebars.java,http-request,httpcore,incubator-dubbo",3972,java-websocket,0.8,6,lower_weight_regularized,2.0,3,10.0,5.0,0.8,0.8,10.0
0.75,3901,7,25,39,0.8478260869565217,0.609375,0.709090909090909,reported_regularized,3.0,3,10.0,5.0,0.8,0.8,10.0,0.75,"commons-exec,elastic-job-lite,handlebars.java,http-request,httpcore,incubator-dubbo",3972,java-websocket,0.8,6,lower_weight_regularized,2.0,3,10.0,5.0,0.8,0.8,10.0
0.8,3901,7,25,39,0.8478260869565217,0.609375,0.709090909090909,reported_regularized,3.0,3,10.0,5.0,0.8,0.8,10.0,0.8,"commons-exec,elastic-job-lite,handlebars.java,http-request,httpcore,incubator-dubbo",3972,java-websocket,0.8,6,lower_weight_regularized,2.0,3,10.0,5.0,0.8,0.8,10.0
0.85,3903,5,28,36,0.8780487804878049,0.5625,0.6857142857142857,reported_regularized,3.0,3,10.0,5.0,0.8,0.8,10.0,0.85,"commons-exec,elastic-job-lite,handlebars.java,http-request,httpcore,incubator-dubbo",3972,java-websocket,0.8,6,lower_weight_regularized,2.0,3,10.0,5.0,0.8,0.8,10.0
0.9,3904,4,34,30,0.8823529411764706,0.46875,0.6122448979591837,reported_regularized,3.0,3,10.0,5.0,0.8,0.8,10.0,0.9,"commons-exec,elastic-job-lite,handlebars.java,http-request,httpcore,incubator-dubbo",3972,java-websocket,0.8,6,lower_weight_regularized,2.0,3,10.0,5.0,0.8,0.8,10.0
0.3,3646,262,18,46,0.14935064935064934,0.71875,0.24731182795698925,shallower_conservative,2.0,2,15.0,5.0,0.8,0.8,10.0,0.3,"commons-exec,elastic-job-lite,handlebars.java,http-request,httpcore,incubator-dubbo",3972,java-websocket,0.8,6,lower_weight_regularized,2.0,3,10.0,5.0,0.8,0.8,10.0
0.35,3684,224,19,45,0.16728624535315986,0.703125,0.2702702702702703,shallower_conservative,2.0,2,15.0,5.0,0.8,0.8,10.0,0.35,"commons-exec,elastic-job-lite,handlebars.java,http-request,httpcore,incubator-dubbo",3972,java-websocket,0.8,6,lower_weight_regularized,2.0,3,10.0,5.0,0.8,0.8,10.0
0.4,3723,185,22,42,0.18502202643171806,0.65625,0.288659793814433,shallower_conservative,2.0,2,15.0,5.0,0.8,0.8,10.0,0.4,"commons-exec,elastic-job-lite,handlebars.java,http-request,httpcore,incubator-dubbo",3972,java-websocket,0.8,6,lower_weight_regularized,2.0,3,10.0,5.0,0.8,0.8,10.0
0.45,3776,132,25,39,0.22807017543859648,0.609375,0.3319148936170212,shallower_conservative,2.0,2,15.0,5.0,0.8,0.8,10.0,0.45,"commons-exec,elastic-job-lite,handlebars.java,http-request,httpcore,incubator-dubbo",3972,java-websocket,0.8,6,lower_weight_regularized,2.0,3,10.0,5.0,0.8,0.8,10.0
0.5,3781,127,25,39,0.23493975903614459,0.609375,0.33913043478260874,shallower_conservative,2.0,2,15.0,5.0,0.8,0.8,10.0,0.5,"commons-exec,elastic-job-lite,handlebars.java,http-request,httpcore,incubator-dubbo",3972,java-websocket,0.8,6,lower_weight_regularized,2.0,3,10.0,5.0,0.8,0.8,10.0
0.55,3828,80,25,39,0.3277310924369748,0.609375,0.42622950819672134,shallower_conservative,2.0,2,15.0,5.0,0.8,0.8,10.0,0.55,"commons-exec,elastic-job-lite,handlebars.java,http-request,httpcore,incubator-dubbo",3972,java-websocket,0.8,6,lower_weight_regularized,2.0,3,10.0,5.0,0.8,0.8,10.0
0.6,3828,80,25,39,0.3277310924369748,0.609375,0.42622950819672134,shallower_conservative,2.0,2,15.0,5.0,0.8,0.8,10.0,0.6,"commons-exec,elastic-job-lite,handlebars.java,http-request,httpcore,incubator-dubbo",3972,java-websocket,0.8,6,lower_weight_regularized,2.0,3,10.0,5.0,0.8,0.8,10.0
0.65,3892,16,25,39,0.7090909090909091,0.609375,0.6554621848739497,shallower_conservative,2.0,2,15.0,5.0,0.8,0.8,10.0,0.65,"commons-exec,elastic-job-lite,handlebars.java,http-request,httpcore,incubator-dubbo",3972,java-websocket,0.8,6,lower_weight_regularized,2.0,3,10.0,5.0,0.8,0.8,10.0
0.7,3900,8,25,39,0.8297872340425532,0.609375,0.7027027027027027,shallower_conservative,2.0,2,15.0,5.0,0.8,0.8,10.0,0.7,"commons-exec,elastic-job-lite,handlebars.java,http-request,httpcore,incubator-dubbo",3972,java-websocket,0.8,6,lower_weight_regularized,2.0,3,10.0,5.0,0.8,0.8,10.0
0.75,3901,7,29,35,0.8333333333333334,0.546875,0.660377358490566,shallower_conservative,2.0,2,15.0,5.0,0.8,0.8,10.0,0.75,"commons-exec,elastic-job-lite,handlebars.java,http-request,httpcore,incubator-dubbo",3972,java-websocket,0.8,6,lower_weight_regularized,2.0,3,10.0,5.0,0.8,0.8,10.0
0.8,3903,5,35,29,0.8529411764705882,0.453125,0.5918367346938775,shallower_conservative,2.0,2,15.0,5.0,0.8,0.8,10.0,0.8,"commons-exec,elastic-job-lite,handlebars.java,http-request,httpcore,incubator-dubbo",3972,java-websocket,0.8,6,lower_weight_regularized,2.0,3,10.0,5.0,0.8,0.8,10.0
0.85,3905,3,35,29,0.90625,0.453125,0.6041666666666666,shallower_conservative,2.0,2,15.0,5.0,0.8,0.8,10.0,0.85,"commons-exec,elastic-job-lite,handlebars.java,http-request,httpcore,incubator-dubbo",3972,java-websocket,0.8,6,lower_weight_regularized,2.0,3,10.0,5.0,0.8,0.8,10.0
0.9,3906,2,45,19,0.9047619047619048,0.296875,0.4470588235294118,shallower_conservative,2.0,2,15.0,5.0,0.8,0.8,10.0,0.9,"commons-exec,elastic-job-lite,handlebars.java,http-request,httpcore,incubator-dubbo",3972,java-websocket,0.8,6,lower_weight_regularized,2.0,3,10.0,5.0,0.8,0.8,10.0
0.3,3649,259,18,46,0.15081967213114755,0.71875,0.24932249322493227,lower_weight_regularized,2.0,3,10.0,5.0,0.8,0.8,10.0,0.3,"commons-exec,elastic-job-lite,handlebars.java,http-request,httpcore,incubator-dubbo",3972,java-websocket,0.8,6,lower_weight_regularized,2.0,3,10.0,5.0,0.8,0.8,10.0
0.35,3693,215,18,46,0.17624521072796934,0.71875,0.28307692307692306,lower_weight_regularized,2.0,3,10.0,5.0,0.8,0.8,10.0,0.35,"commons-exec,elastic-job-lite,handlebars.java,http-request,httpcore,incubator-dubbo",3972,java-websocket,0.8,6,lower_weight_regularized,2.0,3,10.0,5.0,0.8,0.8,10.0
0.4,3700,208,18,46,0.18110236220472442,0.71875,0.289308176100629,lower_weight_regularized,2.0,3,10.0,5.0,0.8,0.8,10.0,0.4,"commons-exec,elastic-job-lite,handlebars.java,http-request,httpcore,incubator-dubbo",3972,java-websocket,0.8,6,lower_weight_regularized,2.0,3,10.0,5.0,0.8,0.8,10.0
0.45,3710,198,18,46,0.1885245901639344,0.71875,0.2987012987012987,lower_weight_regularized,2.0,3,10.0,5.0,0.8,0.8,10.0,0.45,"commons-exec,elastic-job-lite,handlebars.java,http-request,httpcore,incubator-dubbo",3972,java-websocket,0.8,6,lower_weight_regularized,2.0,3,10.0,5.0,0.8,0.8,10.0
0.5,3729,179,19,45,0.20089285714285715,0.703125,0.31249999999999994,lower_weight_regularized,2.0,3,10.0,5.0,0.8,0.8,10.0,0.5,"commons-exec,elastic-job-lite,handlebars.java,http-request,httpcore,incubator-dubbo",3972,java-websocket,0.8,6,lower_weight_regularized,2.0,3,10.0,5.0,0.8,0.8,10.0
0.55,3775,133,24,40,0.23121387283236994,0.625,0.33755274261603374,lower_weight_regularized,2.0,3,10.0,5.0,0.8,0.8,10.0,0.55,"commons-exec,elastic-job-lite,handlebars.java,http-request,httpcore,incubator-dubbo",3972,java-websocket,0.8,6,lower_weight_regularized,2.0,3,10.0,5.0,0.8,0.8,10.0
0.6,3788,120,25,39,0.24528301886792453,0.609375,0.34977578475336324,lower_weight_regularized,2.0,3,10.0,5.0,0.8,0.8,10.0,0.6,"commons-exec,elastic-job-lite,handlebars.java,http-request,httpcore,incubator-dubbo",3972,java-websocket,0.8,6,lower_weight_regularized,2.0,3,10.0,5.0,0.8,0.8,10.0
0.65,3851,57,25,39,0.40625,0.609375,0.4875,lower_weight_regularized,2.0,3,10.0,5.0,0.8,0.8,10.0,0.65,"commons-exec,elastic-job-lite,handlebars.java,http-request,httpcore,incubator-dubbo",3972,java-websocket,0.8,6,lower_weight_regularized,2.0,3,10.0,5.0,0.8,0.8,10.0
0.7,3900,8,25,39,0.8297872340425532,0.609375,0.7027027027027027,lower_weight_regularized,2.0,3,10.0,5.0,0.8,0.8,10.0,0.7,"commons-exec,elastic-job-lite,handlebars.java,http-request,httpcore,incubator-dubbo",3972,java-websocket,0.8,6,lower_weight_regularized,2.0,3,10.0,5.0,0.8,0.8,10.0
0.75,3900,8,26,38,0.8260869565217391,0.59375,0.6909090909090908,lower_weight_regularized,2.0,3,10.0,5.0,0.8,0.8,10.0,0.75,"commons-exec,elastic-job-lite,handlebars.java,http-request,httpcore,incubator-dubbo",3972,java-websocket,0.8,6,lower_weight_regularized,2.0,3,10.0,5.0,0.8,0.8,10.0
0.8,3903,5,26,38,0.8837209302325582,0.59375,0.7102803738317758,lower_weight_regularized,2.0,3,10.0,5.0,0.8,0.8,10.0,0.8,"commons-exec,elastic-job-lite,handlebars.java,http-request,httpcore,incubator-dubbo",3972,java-websocket,0.8,6,lower_weight_regularized,2.0,3,10.0,5.0,0.8,0.8,10.0
0.85,3903,5,28,36,0.8780487804878049,0.5625,0.6857142857142857,lower_weight_regularized,2.0,3,10.0,5.0,0.8,0.8,10.0,0.85,"commons-exec,elastic-job-lite,handlebars.java,http-request,httpcore,incubator-dubbo",3972,java-websocket,0.8,6,lower_weight_regularized,2.0,3,10.0,5.0,0.8,0.8,10.0
0.9,3906,2,35,29,0.9354838709677419,0.453125,0.6105263157894737,lower_weight_regularized,2.0,3,10.0,5.0,0.8,0.8,10.0,0.9,"commons-exec,elastic-job-lite,handlebars.java,http-request,httpcore,incubator-dubbo",3972,java-websocket,0.8,6,lower_weight_regularized,2.0,3,10.0,5.0,0.8,0.8,10.0
0.3,3237,671,18,46,0.06415620641562064,0.71875,0.11779769526248399,moderate_complexity,3.0,3,5.0,2.0,0.8,0.8,5.0,0.3,"commons-exec,elastic-job-lite,handlebars.java,http-request,httpcore,incubator-dubbo",3972,java-websocket,0.8,6,lower_weight_regularized,2.0,3,10.0,5.0,0.8,0.8,10.0
0.35,3260,648,18,46,0.06628242074927954,0.71875,0.1213720316622691,moderate_complexity,3.0,3,5.0,2.0,0.8,0.8,5.0,0.35,"commons-exec,elastic-job-lite,handlebars.java,http-request,httpcore,incubator-dubbo",3972,java-websocket,0.8,6,lower_weight_regularized,2.0,3,10.0,5.0,0.8,0.8,10.0
0.4,3318,590,19,45,0.07086614173228346,0.703125,0.12875536480686697,moderate_complexity,3.0,3,5.0,2.0,0.8,0.8,5.0,0.4,"commons-exec,elastic-job-lite,handlebars.java,http-request,httpcore,incubator-dubbo",3972,java-websocket,0.8,6,lower_weight_regularized,2.0,3,10.0,5.0,0.8,0.8,10.0
0.45,3439,469,19,45,0.08754863813229571,0.703125,0.15570934256055363,moderate_complexity,3.0,3,5.0,2.0,0.8,0.8,5.0,0.45,"commons-exec,elastic-job-lite,handlebars.java,http-request,httpcore,incubator-dubbo",3972,java-websocket,0.8,6,lower_weight_regularized,2.0,3,10.0,5.0,0.8,0.8,10.0
0.5,3631,277,19,45,0.13975155279503104,0.703125,0.23316062176165803,moderate_complexity,3.0,3,5.0,2.0,0.8,0.8,5.0,0.5,"commons-exec,elastic-job-lite,handlebars.java,http-request,httpcore,incubator-dubbo",3972,java-websocket,0.8,6,lower_weight_regularized,2.0,3,10.0,5.0,0.8,0.8,10.0
0.55,3661,247,19,45,0.1541095890410959,0.703125,0.25280898876404495,moderate_complexity,3.0,3,5.0,2.0,0.8,0.8,5.0,0.55,"commons-exec,elastic-job-lite,handlebars.java,http-request,httpcore,incubator-dubbo",3972,java-websocket,0.8,6,lower_weight_regularized,2.0,3,10.0,5.0,0.8,0.8,10.0
0.6,3828,80,19,45,0.36,0.703125,0.4761904761904762,moderate_complexity,3.0,3,5.0,2.0,0.8,0.8,5.0,0.6,"commons-exec,elastic-job-lite,handlebars.java,http-request,httpcore,incubator-dubbo",3972,java-websocket,0.8,6,lower_weight_regularized,2.0,3,10.0,5.0,0.8,0.8,10.0
0.65,3857,51,21,43,0.4574468085106383,0.671875,0.5443037974683544,moderate_complexity,3.0,3,5.0,2.0,0.8,0.8,5.0,0.65,"commons-exec,elastic-job-lite,handlebars.java,http-request,httpcore,incubator-dubbo",3972,java-websocket,0.8,6,lower_weight_regularized,2.0,3,10.0,5.0,0.8,0.8,10.0
0.7,3860,48,24,40,0.45454545454545453,0.625,0.5263157894736842,moderate_complexity,3.0,3,5.0,2.0,0.8,0.8,5.0,0.7,"commons-exec,elastic-job-lite,handlebars.java,http-request,httpcore,incubator-dubbo",3972,java-websocket,0.8,6,lower_weight_regularized,2.0,3,10.0,5.0,0.8,0.8,10.0
0.75,3862,46,25,39,0.4588235294117647,0.609375,0.5234899328859061,moderate_complexity,3.0,3,5.0,2.0,0.8,0.8,5.0,0.75,"commons-exec,elastic-job-lite,handlebars.java,http-request,httpcore,incubator-dubbo",3972,java-websocket,0.8,6,lower_weight_regularized,2.0,3,10.0,5.0,0.8,0.8,10.0
0.8,3872,36,28,36,0.5,0.5625,0.5294117647058824,moderate_complexity,3.0,3,5.0,2.0,0.8,0.8,5.0,0.8,"commons-exec,elastic-job-lite,handlebars.java,http-request,httpcore,incubator-dubbo",3972,java-websocket,0.8,6,lower_weight_regularized,2.0,3,10.0,5.0,0.8,0.8,10.0
0.85,3890,18,34,30,0.625,0.46875,0.5357142857142857,moderate_complexity,3.0,3,5.0,2.0,0.8,0.8,5.0,0.85,"commons-exec,elastic-job-lite,handlebars.java,http-request,httpcore,incubator-dubbo",3972,java-websocket,0.8,6,lower_weight_regularized,2.0,3,10.0,5.0,0.8,0.8,10.0
0.9,3899,9,46,18,0.6666666666666666,0.28125,0.39560439560439564,moderate_complexity,3.0,3,5.0,2.0,0.8,0.8,5.0,0.9,"commons-exec,elastic-job-lite,handlebars.java,http-request,httpcore,incubator-dubbo",3972,java-websocket,0.8,6,lower_weight_regularized,2.0,3,10.0,5.0,0.8,0.8,10.0
0.3,3275,633,18,46,0.06774668630338733,0.71875,0.12382234185733511,deeper_regularized,3.0,4,5.0,1.0,0.8,0.8,5.0,0.3,"commons-exec,elastic-job-lite,handlebars.java,http-request,httpcore,incubator-dubbo",3972,java-websocket,0.8,6,lower_weight_regularized,2.0,3,10.0,5.0,0.8,0.8,10.0
0.35,3383,525,19,45,0.07894736842105263,0.703125,0.1419558359621451,deeper_regularized,3.0,4,5.0,1.0,0.8,0.8,5.0,0.35,"commons-exec,elastic-job-lite,handlebars.java,http-request,httpcore,incubator-dubbo",3972,java-websocket,0.8,6,lower_weight_regularized,2.0,3,10.0,5.0,0.8,0.8,10.0
0.4,3457,451,19,45,0.0907258064516129,0.703125,0.16071428571428573,deeper_regularized,3.0,4,5.0,1.0,0.8,0.8,5.0,0.4,"commons-exec,elastic-job-lite,handlebars.java,http-request,httpcore,incubator-dubbo",3972,java-websocket,0.8,6,lower_weight_regularized,2.0,3,10.0,5.0,0.8,0.8,10.0
0.45,3675,233,19,45,0.1618705035971223,0.703125,0.2631578947368421,deeper_regularized,3.0,4,5.0,1.0,0.8,0.8,5.0,0.45,"commons-exec,elastic-job-lite,handlebars.java,http-request,httpcore,incubator-dubbo",3972,java-websocket,0.8,6,lower_weight_regularized,2.0,3,10.0,5.0,0.8,0.8,10.0
0.5,3775,133,19,45,0.25280898876404495,0.703125,0.371900826446281,deeper_regularized,3.0,4,5.0,1.0,0.8,0.8,5.0,0.5,"commons-exec,elastic-job-lite,handlebars.java,http-request,httpcore,incubator-dubbo",3972,java-websocket,0.8,6,lower_weight_regularized,2.0,3,10.0,5.0,0.8,0.8,10.0
0.55,3800,108,19,45,0.29411764705882354,0.703125,0.4147465437788018,deeper_regularized,3.0,4,5.0,1.0,0.8,0.8,5.0,0.55,"commons-exec,elastic-job-lite,handlebars.java,http-request,httpcore,incubator-dubbo",3972,java-websocket,0.8,6,lower_weight_regularized,2.0,3,10.0,5.0,0.8,0.8,10.0
0.6,3812,96,19,45,0.3191489361702128,0.703125,0.4390243902439025,deeper_regularized,3.0,4,5.0,1.0,0.8,0.8,5.0,0.6,"commons-exec,elastic-job-lite,handlebars.java,http-request,httpcore,incubator-dubbo",3972,java-websocket,0.8,6,lower_weight_regularized,2.0,3,10.0,5.0,0.8,0.8,10.0
0.65,3827,81,19,45,0.35714285714285715,0.703125,0.4736842105263158,deeper_regularized,3.0,4,5.0,1.0,0.8,0.8,5.0,0.65,"commons-exec,elastic-job-lite,handlebars.java,http-request,httpcore,incubator-dubbo",3972,java-websocket,0.8,6,lower_weight_regularized,2.0,3,10.0,5.0,0.8,0.8,10.0
0.7,3850,58,19,45,0.4368932038834951,0.703125,0.5389221556886227,deeper_regularized,3.0,4,5.0,1.0,0.8,0.8,5.0,0.7,"commons-exec,elastic-job-lite,handlebars.java,http-request,httpcore,incubator-dubbo",3972,java-websocket,0.8,6,lower_weight_regularized,2.0,3,10.0,5.0,0.8,0.8,10.0
0.75,3857,51,21,43,0.4574468085106383,0.671875,0.5443037974683544,deeper_regularized,3.0,4,5.0,1.0,0.8,0.8,5.0,0.75,"commons-exec,elastic-job-lite,handlebars.java,http-request,httpcore,incubator-dubbo",3972,java-websocket,0.8,6,lower_weight_regularized,2.0,3,10.0,5.0,0.8,0.8,10.0
0.8,3870,38,24,40,0.5128205128205128,0.625,0.5633802816901409,deeper_regularized,3.0,4,5.0,1.0,0.8,0.8,5.0,0.8,"commons-exec,elastic-job-lite,handlebars.java,http-request,httpcore,incubator-dubbo",3972,java-websocket,0.8,6,lower_weight_regularized,2.0,3,10.0,5.0,0.8,0.8,10.0
0.85,3894,14,28,36,0.72,0.5625,0.631578947368421,deeper_regularized,3.0,4,5.0,1.0,0.8,0.8,5.0,0.85,"commons-exec,elastic-job-lite,handlebars.java,http-request,httpcore,incubator-dubbo",3972,java-websocket,0.8,6,lower_weight_regularized,2.0,3,10.0,5.0,0.8,0.8,10.0
0.9,3899,9,40,24,0.7272727272727273,0.375,0.49484536082474223,deeper_regularized,3.0,4,5.0,1.0,0.8,0.8,5.0,0.9,"commons-exec,elastic-job-lite,handlebars.java,http-request,httpcore,incubator-dubbo",3972,java-websocket,0.8,6,lower_weight_regularized,2.0,3,10.0,5.0,0.8,0.8,10.0
0.3,7670,305,41,10,0.031746031746031744,0.19607843137254902,0.0546448087431694,reported_regularized,3.0,3,10.0,5.0,0.8,0.8,10.0,0.3,"assertj-core,commons-exec,elastic-job-lite,handlebars.java,httpcore,java-websocket",8026,incubator-dubbo,0.6,6,deeper_regularized,3.0,4,5.0,1.0,0.8,0.8,5.0
0.35,7733,242,42,9,0.035856573705179286,0.17647058823529413,0.05960264900662252,reported_regularized,3.0,3,10.0,5.0,0.8,0.8,10.0,0.35,"assertj-core,commons-exec,elastic-job-lite,handlebars.java,httpcore,java-websocket",8026,incubator-dubbo,0.6,6,deeper_regularized,3.0,4,5.0,1.0,0.8,0.8,5.0
0.4,7807,168,45,6,0.034482758620689655,0.11764705882352941,0.05333333333333334,reported_regularized,3.0,3,10.0,5.0,0.8,0.8,10.0,0.4,"assertj-core,commons-exec,elastic-job-lite,handlebars.java,httpcore,java-websocket",8026,incubator-dubbo,0.6,6,deeper_regularized,3.0,4,5.0,1.0,0.8,0.8,5.0
0.45,7910,65,46,5,0.07142857142857142,0.09803921568627451,0.08264462809917354,reported_regularized,3.0,3,10.0,5.0,0.8,0.8,10.0,0.45,"assertj-core,commons-exec,elastic-job-lite,handlebars.java,httpcore,java-websocket",8026,incubator-dubbo,0.6,6,deeper_regularized,3.0,4,5.0,1.0,0.8,0.8,5.0
0.5,7917,58,47,4,0.06451612903225806,0.0784313725490196,0.07079646017699115,reported_regularized,3.0,3,10.0,5.0,0.8,0.8,10.0,0.5,"assertj-core,commons-exec,elastic-job-lite,handlebars.java,httpcore,java-websocket",8026,incubator-dubbo,0.6,6,deeper_regularized,3.0,4,5.0,1.0,0.8,0.8,5.0
0.55,7941,34,48,3,0.08108108108108109,0.058823529411764705,0.06818181818181818,reported_regularized,3.0,3,10.0,5.0,0.8,0.8,10.0,0.55,"assertj-core,commons-exec,elastic-job-lite,handlebars.java,httpcore,java-websocket",8026,incubator-dubbo,0.6,6,deeper_regularized,3.0,4,5.0,1.0,0.8,0.8,5.0
0.6,7944,31,48,3,0.08823529411764706,0.058823529411764705,0.07058823529411765,reported_regularized,3.0,3,10.0,5.0,0.8,0.8,10.0,0.6,"assertj-core,commons-exec,elastic-job-lite,handlebars.java,httpcore,java-websocket",8026,incubator-dubbo,0.6,6,deeper_regularized,3.0,4,5.0,1.0,0.8,0.8,5.0
0.65,7944,31,48,3,0.08823529411764706,0.058823529411764705,0.07058823529411765,reported_regularized,3.0,3,10.0,5.0,0.8,0.8,10.0,0.65,"assertj-core,commons-exec,elastic-job-lite,handlebars.java,httpcore,java-websocket",8026,incubator-dubbo,0.6,6,deeper_regularized,3.0,4,5.0,1.0,0.8,0.8,5.0
0.7,7970,5,48,3,0.375,0.058823529411764705,0.10169491525423728,reported_regularized,3.0,3,10.0,5.0,0.8,0.8,10.0,0.7,"assertj-core,commons-exec,elastic-job-lite,handlebars.java,httpcore,java-websocket",8026,incubator-dubbo,0.6,6,deeper_regularized,3.0,4,5.0,1.0,0.8,0.8,5.0
0.75,7970,5,48,3,0.375,0.058823529411764705,0.10169491525423728,reported_regularized,3.0,3,10.0,5.0,0.8,0.8,10.0,0.75,"assertj-core,commons-exec,elastic-job-lite,handlebars.java,httpcore,java-websocket",8026,incubator-dubbo,0.6,6,deeper_regularized,3.0,4,5.0,1.0,0.8,0.8,5.0
0.8,7971,4,49,2,0.3333333333333333,0.0392156862745098,0.07017543859649122,reported_regularized,3.0,3,10.0,5.0,0.8,0.8,10.0,0.8,"assertj-core,commons-exec,elastic-job-lite,handlebars.java,httpcore,java-websocket",8026,incubator-dubbo,0.6,6,deeper_regularized,3.0,4,5.0,1.0,0.8,0.8,5.0
0.85,7972,3,49,2,0.4,0.0392156862745098,0.07142857142857142,reported_regularized,3.0,3,10.0,5.0,0.8,0.8,10.0,0.85,"assertj-core,commons-exec,elastic-job-lite,handlebars.java,httpcore,java-websocket",8026,incubator-dubbo,0.6,6,deeper_regularized,3.0,4,5.0,1.0,0.8,0.8,5.0
0.9,7972,3,49,2,0.4,0.0392156862745098,0.07142857142857142,reported_regularized,3.0,3,10.0,5.0,0.8,0.8,10.0,0.9,"assertj-core,commons-exec,elastic-job-lite,handlebars.java,httpcore,java-websocket",8026,incubator-dubbo,0.6,6,deeper_regularized,3.0,4,5.0,1.0,0.8,0.8,5.0
0.3,7365,610,48,3,0.004893964110929853,0.058823529411764705,0.009036144578313253,shallower_conservative,2.0,2,15.0,5.0,0.8,0.8,10.0,0.3,"assertj-core,commons-exec,elastic-job-lite,handlebars.java,httpcore,java-websocket",8026,incubator-dubbo,0.6,6,deeper_regularized,3.0,4,5.0,1.0,0.8,0.8,5.0
0.35,7374,601,48,3,0.004966887417218543,0.058823529411764705,0.00916030534351145,shallower_conservative,2.0,2,15.0,5.0,0.8,0.8,10.0,0.35,"assertj-core,commons-exec,elastic-job-lite,handlebars.java,httpcore,java-websocket",8026,incubator-dubbo,0.6,6,deeper_regularized,3.0,4,5.0,1.0,0.8,0.8,5.0
0.4,7382,593,48,3,0.0050335570469798654,0.058823529411764705,0.009273570324574959,shallower_conservative,2.0,2,15.0,5.0,0.8,0.8,10.0,0.4,"assertj-core,commons-exec,elastic-job-lite,handlebars.java,httpcore,java-websocket",8026,incubator-dubbo,0.6,6,deeper_regularized,3.0,4,5.0,1.0,0.8,0.8,5.0
0.45,7388,587,48,3,0.005084745762711864,0.058823529411764705,0.0093603744149766,shallower_conservative,2.0,2,15.0,5.0,0.8,0.8,10.0,0.45,"assertj-core,commons-exec,elastic-job-lite,handlebars.java,httpcore,java-websocket",8026,incubator-dubbo,0.6,6,deeper_regularized,3.0,4,5.0,1.0,0.8,0.8,5.0
0.5,7537,438,49,2,0.004545454545454545,0.0392156862745098,0.008146639511201629,shallower_conservative,2.0,2,15.0,5.0,0.8,0.8,10.0,0.5,"assertj-core,commons-exec,elastic-job-lite,handlebars.java,httpcore,java-websocket",8026,incubator-dubbo,0.6,6,deeper_regularized,3.0,4,5.0,1.0,0.8,0.8,5.0
0.55,7702,273,49,2,0.007272727272727273,0.0392156862745098,0.012269938650306749,shallower_conservative,2.0,2,15.0,5.0,0.8,0.8,10.0,0.55,"assertj-core,commons-exec,elastic-job-lite,handlebars.java,httpcore,java-websocket",8026,incubator-dubbo,0.6,6,deeper_regularized,3.0,4,5.0,1.0,0.8,0.8,5.0
0.6,7739,236,49,2,0.008403361344537815,0.0392156862745098,0.01384083044982699,shallower_conservative,2.0,2,15.0,5.0,0.8,0.8,10.0,0.6,"assertj-core,commons-exec,elastic-job-lite,handlebars.java,httpcore,java-websocket",8026,incubator-dubbo,0.6,6,deeper_regularized,3.0,4,5.0,1.0,0.8,0.8,5.0
0.65,7888,87,49,2,0.02247191011235955,0.0392156862745098,0.02857142857142857,shallower_conservative,2.0,2,15.0,5.0,0.8,0.8,10.0,0.65,"assertj-core,commons-exec,elastic-job-lite,handlebars.java,httpcore,java-websocket",8026,incubator-dubbo,0.6,6,deeper_regularized,3.0,4,5.0,1.0,0.8,0.8,5.0
0.7,7930,45,49,2,0.0425531914893617,0.0392156862745098,0.04081632653061224,shallower_conservative,2.0,2,15.0,5.0,0.8,0.8,10.0,0.7,"assertj-core,commons-exec,elastic-job-lite,handlebars.java,httpcore,java-websocket",8026,incubator-dubbo,0.6,6,deeper_regularized,3.0,4,5.0,1.0,0.8,0.8,5.0
0.75,7931,44,49,2,0.043478260869565216,0.0392156862745098,0.041237113402061855,shallower_conservative,2.0,2,15.0,5.0,0.8,0.8,10.0,0.75,"assertj-core,commons-exec,elastic-job-lite,handlebars.java,httpcore,java-websocket",8026,incubator-dubbo,0.6,6,deeper_regularized,3.0,4,5.0,1.0,0.8,0.8,5.0
0.8,7971,4,49,2,0.3333333333333333,0.0392156862745098,0.07017543859649122,shallower_conservative,2.0,2,15.0,5.0,0.8,0.8,10.0,0.8,"assertj-core,commons-exec,elastic-job-lite,handlebars.java,httpcore,java-websocket",8026,incubator-dubbo,0.6,6,deeper_regularized,3.0,4,5.0,1.0,0.8,0.8,5.0
0.85,7972,3,50,1,0.25,0.0196078431372549,0.03636363636363636,shallower_conservative,2.0,2,15.0,5.0,0.8,0.8,10.0,0.85,"assertj-core,commons-exec,elastic-job-lite,handlebars.java,httpcore,java-websocket",8026,incubator-dubbo,0.6,6,deeper_regularized,3.0,4,5.0,1.0,0.8,0.8,5.0
0.9,7972,3,50,1,0.25,0.0196078431372549,0.03636363636363636,shallower_conservative,2.0,2,15.0,5.0,0.8,0.8,10.0,0.9,"assertj-core,commons-exec,elastic-job-lite,handlebars.java,httpcore,java-websocket",8026,incubator-dubbo,0.6,6,deeper_regularized,3.0,4,5.0,1.0,0.8,0.8,5.0
0.3,7709,266,46,5,0.01845018450184502,0.09803921568627451,0.031055900621118012,lower_weight_regularized,2.0,3,10.0,5.0,0.8,0.8,10.0,0.3,"assertj-core,commons-exec,elastic-job-lite,handlebars.java,httpcore,java-websocket",8026,incubator-dubbo,0.6,6,deeper_regularized,3.0,4,5.0,1.0,0.8,0.8,5.0
0.35,7745,230,46,5,0.02127659574468085,0.09803921568627451,0.03496503496503497,lower_weight_regularized,2.0,3,10.0,5.0,0.8,0.8,10.0,0.35,"assertj-core,commons-exec,elastic-job-lite,handlebars.java,httpcore,java-websocket",8026,incubator-dubbo,0.6,6,deeper_regularized,3.0,4,5.0,1.0,0.8,0.8,5.0
0.4,7849,126,47,4,0.03076923076923077,0.0784313725490196,0.04419889502762431,lower_weight_regularized,2.0,3,10.0,5.0,0.8,0.8,10.0,0.4,"assertj-core,commons-exec,elastic-job-lite,handlebars.java,httpcore,java-websocket",8026,incubator-dubbo,0.6,6,deeper_regularized,3.0,4,5.0,1.0,0.8,0.8,5.0
0.45,7903,72,47,4,0.05263157894736842,0.0784313725490196,0.06299212598425197,lower_weight_regularized,2.0,3,10.0,5.0,0.8,0.8,10.0,0.45,"assertj-core,commons-exec,elastic-job-lite,handlebars.java,httpcore,java-websocket",8026,incubator-dubbo,0.6,6,deeper_regularized,3.0,4,5.0,1.0,0.8,0.8,5.0
0.5,7917,58,48,3,0.04918032786885246,0.058823529411764705,0.05357142857142857,lower_weight_regularized,2.0,3,10.0,5.0,0.8,0.8,10.0,0.5,"assertj-core,commons-exec,elastic-job-lite,handlebars.java,httpcore,java-websocket",8026,incubator-dubbo,0.6,6,deeper_regularized,3.0,4,5.0,1.0,0.8,0.8,5.0
0.55,7933,42,48,3,0.06666666666666667,0.058823529411764705,0.0625,lower_weight_regularized,2.0,3,10.0,5.0,0.8,0.8,10.0,0.55,"assertj-core,commons-exec,elastic-job-lite,handlebars.java,httpcore,java-websocket",8026,incubator-dubbo,0.6,6,deeper_regularized,3.0,4,5.0,1.0,0.8,0.8,5.0
0.6,7947,28,48,3,0.0967741935483871,0.058823529411764705,0.07317073170731708,lower_weight_regularized,2.0,3,10.0,5.0,0.8,0.8,10.0,0.6,"assertj-core,commons-exec,elastic-job-lite,handlebars.java,httpcore,java-websocket",8026,incubator-dubbo,0.6,6,deeper_regularized,3.0,4,5.0,1.0,0.8,0.8,5.0
0.65,7961,14,48,3,0.17647058823529413,0.058823529411764705,0.08823529411764706,lower_weight_regularized,2.0,3,10.0,5.0,0.8,0.8,10.0,0.65,"assertj-core,commons-exec,elastic-job-lite,handlebars.java,httpcore,java-websocket",8026,incubator-dubbo,0.6,6,deeper_regularized,3.0,4,5.0,1.0,0.8,0.8,5.0
0.7,7971,4,48,3,0.42857142857142855,0.058823529411764705,0.10344827586206895,lower_weight_regularized,2.0,3,10.0,5.0,0.8,0.8,10.0,0.7,"assertj-core,commons-exec,elastic-job-lite,handlebars.java,httpcore,java-websocket",8026,incubator-dubbo,0.6,6,deeper_regularized,3.0,4,5.0,1.0,0.8,0.8,5.0
0.75,7971,4,49,2,0.3333333333333333,0.0392156862745098,0.07017543859649122,lower_weight_regularized,2.0,3,10.0,5.0,0.8,0.8,10.0,0.75,"assertj-core,commons-exec,elastic-job-lite,handlebars.java,httpcore,java-websocket",8026,incubator-dubbo,0.6,6,deeper_regularized,3.0,4,5.0,1.0,0.8,0.8,5.0
0.8,7971,4,49,2,0.3333333333333333,0.0392156862745098,0.07017543859649122,lower_weight_regularized,2.0,3,10.0,5.0,0.8,0.8,10.0,0.8,"assertj-core,commons-exec,elastic-job-lite,handlebars.java,httpcore,java-websocket",8026,incubator-dubbo,0.6,6,deeper_regularized,3.0,4,5.0,1.0,0.8,0.8,5.0
0.85,7972,3,50,1,0.25,0.0196078431372549,0.03636363636363636,lower_weight_regularized,2.0,3,10.0,5.0,0.8,0.8,10.0,0.85,"assertj-core,commons-exec,elastic-job-lite,handlebars.java,httpcore,java-websocket",8026,incubator-dubbo,0.6,6,deeper_regularized,3.0,4,5.0,1.0,0.8,0.8,5.0
0.9,7973,2,50,1,0.3333333333333333,0.0196078431372549,0.037037037037037035,lower_weight_regularized,2.0,3,10.0,5.0,0.8,0.8,10.0,0.9,"assertj-core,commons-exec,elastic-job-lite,handlebars.java,httpcore,java-websocket",8026,incubator-dubbo,0.6,6,deeper_regularized,3.0,4,5.0,1.0,0.8,0.8,5.0
0.3,7443,532,36,15,0.027422303473491772,0.29411764705882354,0.05016722408026755,moderate_complexity,3.0,3,5.0,2.0,0.8,0.8,5.0,0.3,"assertj-core,commons-exec,elastic-job-lite,handlebars.java,httpcore,java-websocket",8026,incubator-dubbo,0.6,6,deeper_regularized,3.0,4,5.0,1.0,0.8,0.8,5.0
0.35,7545,430,39,12,0.027149321266968326,0.23529411764705882,0.0486815415821501,moderate_complexity,3.0,3,5.0,2.0,0.8,0.8,5.0,0.35,"assertj-core,commons-exec,elastic-job-lite,handlebars.java,httpcore,java-websocket",8026,incubator-dubbo,0.6,6,deeper_regularized,3.0,4,5.0,1.0,0.8,0.8,5.0
0.4,7610,365,39,12,0.03183023872679045,0.23529411764705882,0.05607476635514018,moderate_complexity,3.0,3,5.0,2.0,0.8,0.8,5.0,0.4,"assertj-core,commons-exec,elastic-job-lite,handlebars.java,httpcore,java-websocket",8026,incubator-dubbo,0.6,6,deeper_regularized,3.0,4,5.0,1.0,0.8,0.8,5.0
0.45,7663,312,42,9,0.028037383177570093,0.17647058823529413,0.04838709677419355,moderate_complexity,3.0,3,5.0,2.0,0.8,0.8,5.0,0.45,"assertj-core,commons-exec,elastic-job-lite,handlebars.java,httpcore,java-websocket",8026,incubator-dubbo,0.6,6,deeper_regularized,3.0,4,5.0,1.0,0.8,0.8,5.0
0.5,7724,251,42,9,0.03461538461538462,0.17647058823529413,0.05787781350482315,moderate_complexity,3.0,3,5.0,2.0,0.8,0.8,5.0,0.5,"assertj-core,commons-exec,elastic-job-lite,handlebars.java,httpcore,java-websocket",8026,incubator-dubbo,0.6,6,deeper_regularized,3.0,4,5.0,1.0,0.8,0.8,5.0
0.55,7778,197,44,7,0.03431372549019608,0.13725490196078433,0.05490196078431374,moderate_complexity,3.0,3,5.0,2.0,0.8,0.8,5.0,0.55,"assertj-core,commons-exec,elastic-job-lite,handlebars.java,httpcore,java-websocket",8026,incubator-dubbo,0.6,6,deeper_regularized,3.0,4,5.0,1.0,0.8,0.8,5.0
0.6,7797,178,45,6,0.03260869565217391,0.11764705882352941,0.05106382978723404,moderate_complexity,3.0,3,5.0,2.0,0.8,0.8,5.0,0.6,"assertj-core,commons-exec,elastic-job-lite,handlebars.java,httpcore,java-websocket",8026,incubator-dubbo,0.6,6,deeper_regularized,3.0,4,5.0,1.0,0.8,0.8,5.0
0.65,7895,80,45,6,0.06976744186046512,0.11764705882352941,0.08759124087591241,moderate_complexity,3.0,3,5.0,2.0,0.8,0.8,5.0,0.65,"assertj-core,commons-exec,elastic-job-lite,handlebars.java,httpcore,java-websocket",8026,incubator-dubbo,0.6,6,deeper_regularized,3.0,4,5.0,1.0,0.8,0.8,5.0
0.7,7918,57,49,2,0.03389830508474576,0.0392156862745098,0.03636363636363636,moderate_complexity,3.0,3,5.0,2.0,0.8,0.8,5.0,0.7,"assertj-core,commons-exec,elastic-job-lite,handlebars.java,httpcore,java-websocket",8026,incubator-dubbo,0.6,6,deeper_regularized,3.0,4,5.0,1.0,0.8,0.8,5.0
0.75,7942,33,49,2,0.05714285714285714,0.0392156862745098,0.046511627906976744,moderate_complexity,3.0,3,5.0,2.0,0.8,0.8,5.0,0.75,"assertj-core,commons-exec,elastic-job-lite,handlebars.java,httpcore,java-websocket",8026,incubator-dubbo,0.6,6,deeper_regularized,3.0,4,5.0,1.0,0.8,0.8,5.0
0.8,7956,19,49,2,0.09523809523809523,0.0392156862745098,0.05555555555555555,moderate_complexity,3.0,3,5.0,2.0,0.8,0.8,5.0,0.8,"assertj-core,commons-exec,elastic-job-lite,handlebars.java,httpcore,java-websocket",8026,incubator-dubbo,0.6,6,deeper_regularized,3.0,4,5.0,1.0,0.8,0.8,5.0
0.85,7964,11,49,2,0.15384615384615385,0.0392156862745098,0.0625,moderate_complexity,3.0,3,5.0,2.0,0.8,0.8,5.0,0.85,"assertj-core,commons-exec,elastic-job-lite,handlebars.java,httpcore,java-websocket",8026,incubator-dubbo,0.6,6,deeper_regularized,3.0,4,5.0,1.0,0.8,0.8,5.0
0.9,7972,3,49,2,0.4,0.0392156862745098,0.07142857142857142,moderate_complexity,3.0,3,5.0,2.0,0.8,0.8,5.0,0.9,"assertj-core,commons-exec,elastic-job-lite,handlebars.java,httpcore,java-websocket",8026,incubator-dubbo,0.6,6,deeper_regularized,3.0,4,5.0,1.0,0.8,0.8,5.0
0.3,7767,208,40,11,0.0502283105022831,0.21568627450980393,0.08148148148148149,deeper_regularized,3.0,4,5.0,1.0,0.8,0.8,5.0,0.3,"assertj-core,commons-exec,elastic-job-lite,handlebars.java,httpcore,java-websocket",8026,incubator-dubbo,0.6,6,deeper_regularized,3.0,4,5.0,1.0,0.8,0.8,5.0
0.35,7783,192,41,10,0.04950495049504951,0.19607843137254902,0.07905138339920947,deeper_regularized,3.0,4,5.0,1.0,0.8,0.8,5.0,0.35,"assertj-core,commons-exec,elastic-job-lite,handlebars.java,httpcore,java-websocket",8026,incubator-dubbo,0.6,6,deeper_regularized,3.0,4,5.0,1.0,0.8,0.8,5.0
0.4,7814,161,43,8,0.047337278106508875,0.1568627450980392,0.07272727272727272,deeper_regularized,3.0,4,5.0,1.0,0.8,0.8,5.0,0.4,"assertj-core,commons-exec,elastic-job-lite,handlebars.java,httpcore,java-websocket",8026,incubator-dubbo,0.6,6,deeper_regularized,3.0,4,5.0,1.0,0.8,0.8,5.0
0.45,7835,140,43,8,0.05405405405405406,0.1568627450980392,0.08040201005025126,deeper_regularized,3.0,4,5.0,1.0,0.8,0.8,5.0,0.45,"assertj-core,commons-exec,elastic-job-lite,handlebars.java,httpcore,java-websocket",8026,incubator-dubbo,0.6,6,deeper_regularized,3.0,4,5.0,1.0,0.8,0.8,5.0
0.5,7877,98,44,7,0.06666666666666667,0.13725490196078433,0.08974358974358974,deeper_regularized,3.0,4,5.0,1.0,0.8,0.8,5.0,0.5,"assertj-core,commons-exec,elastic-job-lite,handlebars.java,httpcore,java-websocket",8026,incubator-dubbo,0.6,6,deeper_regularized,3.0,4,5.0,1.0,0.8,0.8,5.0
0.55,7888,87,44,7,0.07446808510638298,0.13725490196078433,0.09655172413793103,deeper_regularized,3.0,4,5.0,1.0,0.8,0.8,5.0,0.55,"assertj-core,commons-exec,elastic-job-lite,handlebars.java,httpcore,java-websocket",8026,incubator-dubbo,0.6,6,deeper_regularized,3.0,4,5.0,1.0,0.8,0.8,5.0
0.6,7916,59,45,6,0.09230769230769231,0.11764705882352941,0.10344827586206898,deeper_regularized,3.0,4,5.0,1.0,0.8,0.8,5.0,0.6,"assertj-core,commons-exec,elastic-job-lite,handlebars.java,httpcore,java-websocket",8026,incubator-dubbo,0.6,6,deeper_regularized,3.0,4,5.0,1.0,0.8,0.8,5.0
0.65,7939,36,47,4,0.1,0.0784313725490196,0.0879120879120879,deeper_regularized,3.0,4,5.0,1.0,0.8,0.8,5.0,0.65,"assertj-core,commons-exec,elastic-job-lite,handlebars.java,httpcore,java-websocket",8026,incubator-dubbo,0.6,6,deeper_regularized,3.0,4,5.0,1.0,0.8,0.8,5.0
0.7,7949,26,49,2,0.07142857142857142,0.0392156862745098,0.050632911392405056,deeper_regularized,3.0,4,5.0,1.0,0.8,0.8,5.0,0.7,"assertj-core,commons-exec,elastic-job-lite,handlebars.java,httpcore,java-websocket",8026,incubator-dubbo,0.6,6,deeper_regularized,3.0,4,5.0,1.0,0.8,0.8,5.0
0.75,7956,19,49,2,0.09523809523809523,0.0392156862745098,0.05555555555555555,deeper_regularized,3.0,4,5.0,1.0,0.8,0.8,5.0,0.75,"assertj-core,commons-exec,elastic-job-lite,handlebars.java,httpcore,java-websocket",8026,incubator-dubbo,0.6,6,deeper_regularized,3.0,4,5.0,1.0,0.8,0.8,5.0
0.8,7961,14,49,2,0.125,0.0392156862745098,0.05970149253731343,deeper_regularized,3.0,4,5.0,1.0,0.8,0.8,5.0,0.8,"assertj-core,commons-exec,elastic-job-lite,handlebars.java,httpcore,java-websocket",8026,incubator-dubbo,0.6,6,deeper_regularized,3.0,4,5.0,1.0,0.8,0.8,5.0
0.85,7965,10,49,2,0.16666666666666666,0.0392156862745098,0.06349206349206349,deeper_regularized,3.0,4,5.0,1.0,0.8,0.8,5.0,0.85,"assertj-core,commons-exec,elastic-job-lite,handlebars.java,httpcore,java-websocket",8026,incubator-dubbo,0.6,6,deeper_regularized,3.0,4,5.0,1.0,0.8,0.8,5.0
0.9,7973,2,49,2,0.5,0.0392156862745098,0.07272727272727272,deeper_regularized,3.0,4,5.0,1.0,0.8,0.8,5.0,0.9,"assertj-core,commons-exec,elastic-job-lite,handlebars.java,httpcore,java-websocket",8026,incubator-dubbo,0.6,6,deeper_regularized,3.0,4,5.0,1.0,0.8,0.8,5.0
0.3,4025,147,158,62,0.2966507177033493,0.2818181818181818,0.2890442890442891,reported_regularized,3.0,3,10.0,5.0,0.8,0.8,10.0,0.3,"ninja,okhttp,orbit,spring-boot,undertow,wildfly",4392,logback,0.5,6,lower_weight_regularized,2.0,3,10.0,5.0,0.8,0.8,10.0
0.35,4068,104,164,56,0.35,0.2545454545454545,0.29473684210526313,reported_regularized,3.0,3,10.0,5.0,0.8,0.8,10.0,0.35,"ninja,okhttp,orbit,spring-boot,undertow,wildfly",4392,logback,0.5,6,lower_weight_regularized,2.0,3,10.0,5.0,0.8,0.8,10.0
0.4,4090,82,169,51,0.38345864661654133,0.2318181818181818,0.2889518413597733,reported_regularized,3.0,3,10.0,5.0,0.8,0.8,10.0,0.4,"ninja,okhttp,orbit,spring-boot,undertow,wildfly",4392,logback,0.5,6,lower_weight_regularized,2.0,3,10.0,5.0,0.8,0.8,10.0
0.45,4105,67,173,47,0.41228070175438597,0.21363636363636362,0.28143712574850305,reported_regularized,3.0,3,10.0,5.0,0.8,0.8,10.0,0.45,"ninja,okhttp,orbit,spring-boot,undertow,wildfly",4392,logback,0.5,6,lower_weight_regularized,2.0,3,10.0,5.0,0.8,0.8,10.0
0.5,4124,48,174,46,0.48936170212765956,0.20909090909090908,0.2929936305732484,reported_regularized,3.0,3,10.0,5.0,0.8,0.8,10.0,0.5,"ninja,okhttp,orbit,spring-boot,undertow,wildfly",4392,logback,0.5,6,lower_weight_regularized,2.0,3,10.0,5.0,0.8,0.8,10.0
0.55,4131,41,174,46,0.5287356321839081,0.20909090909090908,0.29967426710097717,reported_regularized,3.0,3,10.0,5.0,0.8,0.8,10.0,0.55,"ninja,okhttp,orbit,spring-boot,undertow,wildfly",4392,logback,0.5,6,lower_weight_regularized,2.0,3,10.0,5.0,0.8,0.8,10.0
0.6,4137,35,175,45,0.5625,0.20454545454545456,0.3,reported_regularized,3.0,3,10.0,5.0,0.8,0.8,10.0,0.6,"ninja,okhttp,orbit,spring-boot,undertow,wildfly",4392,logback,0.5,6,lower_weight_regularized,2.0,3,10.0,5.0,0.8,0.8,10.0
0.65,4145,27,176,44,0.6197183098591549,0.2,0.3024054982817869,reported_regularized,3.0,3,10.0,5.0,0.8,0.8,10.0,0.65,"ninja,okhttp,orbit,spring-boot,undertow,wildfly",4392,logback,0.5,6,lower_weight_regularized,2.0,3,10.0,5.0,0.8,0.8,10.0
0.7,4154,18,182,38,0.6785714285714286,0.17272727272727273,0.2753623188405797,reported_regularized,3.0,3,10.0,5.0,0.8,0.8,10.0,0.7,"ninja,okhttp,orbit,spring-boot,undertow,wildfly",4392,logback,0.5,6,lower_weight_regularized,2.0,3,10.0,5.0,0.8,0.8,10.0
0.75,4162,10,186,34,0.7727272727272727,0.15454545454545454,0.25757575757575757,reported_regularized,3.0,3,10.0,5.0,0.8,0.8,10.0,0.75,"ninja,okhttp,orbit,spring-boot,undertow,wildfly",4392,logback,0.5,6,lower_weight_regularized,2.0,3,10.0,5.0,0.8,0.8,10.0
0.8,4167,5,192,28,0.8484848484848485,0.12727272727272726,0.2213438735177865,reported_regularized,3.0,3,10.0,5.0,0.8,0.8,10.0,0.8,"ninja,okhttp,orbit,spring-boot,undertow,wildfly",4392,logback,0.5,6,lower_weight_regularized,2.0,3,10.0,5.0,0.8,0.8,10.0
0.85,4167,5,206,14,0.7368421052631579,0.06363636363636363,0.11715481171548116,reported_regularized,3.0,3,10.0,5.0,0.8,0.8,10.0,0.85,"ninja,okhttp,orbit,spring-boot,undertow,wildfly",4392,logback,0.5,6,lower_weight_regularized,2.0,3,10.0,5.0,0.8,0.8,10.0
0.9,4167,5,215,5,0.5,0.022727272727272728,0.04347826086956522,reported_regularized,3.0,3,10.0,5.0,0.8,0.8,10.0,0.9,"ninja,okhttp,orbit,spring-boot,undertow,wildfly",4392,logback,0.5,6,lower_weight_regularized,2.0,3,10.0,5.0,0.8,0.8,10.0
0.3,4086,86,161,59,0.4068965517241379,0.2681818181818182,0.3232876712328767,shallower_conservative,2.0,2,15.0,5.0,0.8,0.8,10.0,0.3,"ninja,okhttp,orbit,spring-boot,undertow,wildfly",4392,logback,0.5,6,lower_weight_regularized,2.0,3,10.0,5.0,0.8,0.8,10.0
0.35,4110,62,167,53,0.4608695652173913,0.2409090909090909,0.3164179104477612,shallower_conservative,2.0,2,15.0,5.0,0.8,0.8,10.0,0.35,"ninja,okhttp,orbit,spring-boot,undertow,wildfly",4392,logback,0.5,6,lower_weight_regularized,2.0,3,10.0,5.0,0.8,0.8,10.0
0.4,4126,46,170,50,0.5208333333333334,0.22727272727272727,0.3164556962025316,shallower_conservative,2.0,2,15.0,5.0,0.8,0.8,10.0,0.4,"ninja,okhttp,orbit,spring-boot,undertow,wildfly",4392,logback,0.5,6,lower_weight_regularized,2.0,3,10.0,5.0,0.8,0.8,10.0
0.45,4130,42,171,49,0.5384615384615384,0.22272727272727272,0.315112540192926,shallower_conservative,2.0,2,15.0,5.0,0.8,0.8,10.0,0.45,"ninja,okhttp,orbit,spring-boot,undertow,wildfly",4392,logback,0.5,6,lower_weight_regularized,2.0,3,10.0,5.0,0.8,0.8,10.0
0.5,4136,36,173,47,0.5662650602409639,0.21363636363636362,0.3102310231023102,shallower_conservative,2.0,2,15.0,5.0,0.8,0.8,10.0,0.5,"ninja,okhttp,orbit,spring-boot,undertow,wildfly",4392,logback,0.5,6,lower_weight_regularized,2.0,3,10.0,5.0,0.8,0.8,10.0
0.55,4141,31,177,43,0.581081081081081,0.19545454545454546,0.2925170068027211,shallower_conservative,2.0,2,15.0,5.0,0.8,0.8,10.0,0.55,"ninja,okhttp,orbit,spring-boot,undertow,wildfly",4392,logback,0.5,6,lower_weight_regularized,2.0,3,10.0,5.0,0.8,0.8,10.0
0.6,4145,27,180,40,0.5970149253731343,0.18181818181818182,0.2787456445993031,shallower_conservative,2.0,2,15.0,5.0,0.8,0.8,10.0,0.6,"ninja,okhttp,orbit,spring-boot,undertow,wildfly",4392,logback,0.5,6,lower_weight_regularized,2.0,3,10.0,5.0,0.8,0.8,10.0
0.65,4153,19,182,38,0.6666666666666666,0.17272727272727273,0.2743682310469314,shallower_conservative,2.0,2,15.0,5.0,0.8,0.8,10.0,0.65,"ninja,okhttp,orbit,spring-boot,undertow,wildfly",4392,logback,0.5,6,lower_weight_regularized,2.0,3,10.0,5.0,0.8,0.8,10.0
0.7,4157,15,190,30,0.6666666666666666,0.13636363636363635,0.22641509433962262,shallower_conservative,2.0,2,15.0,5.0,0.8,0.8,10.0,0.7,"ninja,okhttp,orbit,spring-boot,undertow,wildfly",4392,logback,0.5,6,lower_weight_regularized,2.0,3,10.0,5.0,0.8,0.8,10.0
0.75,4159,13,200,20,0.6060606060606061,0.09090909090909091,0.15810276679841898,shallower_conservative,2.0,2,15.0,5.0,0.8,0.8,10.0,0.75,"ninja,okhttp,orbit,spring-boot,undertow,wildfly",4392,logback,0.5,6,lower_weight_regularized,2.0,3,10.0,5.0,0.8,0.8,10.0
0.8,4161,11,210,10,0.47619047619047616,0.045454545454545456,0.08298755186721993,shallower_conservative,2.0,2,15.0,5.0,0.8,0.8,10.0,0.8,"ninja,okhttp,orbit,spring-boot,undertow,wildfly",4392,logback,0.5,6,lower_weight_regularized,2.0,3,10.0,5.0,0.8,0.8,10.0
0.85,4164,8,215,5,0.38461538461538464,0.022727272727272728,0.04291845493562232,shallower_conservative,2.0,2,15.0,5.0,0.8,0.8,10.0,0.85,"ninja,okhttp,orbit,spring-boot,undertow,wildfly",4392,logback,0.5,6,lower_weight_regularized,2.0,3,10.0,5.0,0.8,0.8,10.0
0.9,4167,5,215,5,0.5,0.022727272727272728,0.04347826086956522,shallower_conservative,2.0,2,15.0,5.0,0.8,0.8,10.0,0.9,"ninja,okhttp,orbit,spring-boot,undertow,wildfly",4392,logback,0.5,6,lower_weight_regularized,2.0,3,10.0,5.0,0.8,0.8,10.0
0.3,4029,143,154,66,0.3157894736842105,0.3,0.3076923076923077,lower_weight_regularized,2.0,3,10.0,5.0,0.8,0.8,10.0,0.3,"ninja,okhttp,orbit,spring-boot,undertow,wildfly",4392,logback,0.5,6,lower_weight_regularized,2.0,3,10.0,5.0,0.8,0.8,10.0
0.35,4065,107,159,61,0.3630952380952381,0.2772727272727273,0.31443298969072164,lower_weight_regularized,2.0,3,10.0,5.0,0.8,0.8,10.0,0.35,"ninja,okhttp,orbit,spring-boot,undertow,wildfly",4392,logback,0.5,6,lower_weight_regularized,2.0,3,10.0,5.0,0.8,0.8,10.0
0.4,4096,76,164,56,0.42424242424242425,0.2545454545454545,0.3181818181818182,lower_weight_regularized,2.0,3,10.0,5.0,0.8,0.8,10.0,0.4,"ninja,okhttp,orbit,spring-boot,undertow,wildfly",4392,logback,0.5,6,lower_weight_regularized,2.0,3,10.0,5.0,0.8,0.8,10.0
0.45,4115,57,169,51,0.4722222222222222,0.2318181818181818,0.31097560975609756,lower_weight_regularized,2.0,3,10.0,5.0,0.8,0.8,10.0,0.45,"ninja,okhttp,orbit,spring-boot,undertow,wildfly",4392,logback,0.5,6,lower_weight_regularized,2.0,3,10.0,5.0,0.8,0.8,10.0
0.5,4133,39,170,50,0.5617977528089888,0.22727272727272727,0.3236245954692557,lower_weight_regularized,2.0,3,10.0,5.0,0.8,0.8,10.0,0.5,"ninja,okhttp,orbit,spring-boot,undertow,wildfly",4392,logback,0.5,6,lower_weight_regularized,2.0,3,10.0,5.0,0.8,0.8,10.0
0.55,4141,31,174,46,0.5974025974025974,0.20909090909090908,0.30976430976430974,lower_weight_regularized,2.0,3,10.0,5.0,0.8,0.8,10.0,0.55,"ninja,okhttp,orbit,spring-boot,undertow,wildfly",4392,logback,0.5,6,lower_weight_regularized,2.0,3,10.0,5.0,0.8,0.8,10.0
0.6,4146,26,175,45,0.6338028169014085,0.20454545454545456,0.30927835051546393,lower_weight_regularized,2.0,3,10.0,5.0,0.8,0.8,10.0,0.6,"ninja,okhttp,orbit,spring-boot,undertow,wildfly",4392,logback,0.5,6,lower_weight_regularized,2.0,3,10.0,5.0,0.8,0.8,10.0
0.65,4154,18,179,41,0.6949152542372882,0.18636363636363637,0.2939068100358423,lower_weight_regularized,2.0,3,10.0,5.0,0.8,0.8,10.0,0.65,"ninja,okhttp,orbit,spring-boot,undertow,wildfly",4392,logback,0.5,6,lower_weight_regularized,2.0,3,10.0,5.0,0.8,0.8,10.0
0.7,4158,14,180,40,0.7407407407407407,0.18181818181818182,0.291970802919708,lower_weight_regularized,2.0,3,10.0,5.0,0.8,0.8,10.0,0.7,"ninja,okhttp,orbit,spring-boot,undertow,wildfly",4392,logback,0.5,6,lower_weight_regularized,2.0,3,10.0,5.0,0.8,0.8,10.0
0.75,4162,10,181,39,0.7959183673469388,0.17727272727272728,0.28996282527881045,lower_weight_regularized,2.0,3,10.0,5.0,0.8,0.8,10.0,0.75,"ninja,okhttp,orbit,spring-boot,undertow,wildfly",4392,logback,0.5,6,lower_weight_regularized,2.0,3,10.0,5.0,0.8,0.8,10.0
0.8,4165,7,193,27,0.7941176470588235,0.12272727272727273,0.2125984251968504,lower_weight_regularized,2.0,3,10.0,5.0,0.8,0.8,10.0,0.8,"ninja,okhttp,orbit,spring-boot,undertow,wildfly",4392,logback,0.5,6,lower_weight_regularized,2.0,3,10.0,5.0,0.8,0.8,10.0
0.85,4167,5,209,11,0.6875,0.05,0.09322033898305085,lower_weight_regularized,2.0,3,10.0,5.0,0.8,0.8,10.0,0.85,"ninja,okhttp,orbit,spring-boot,undertow,wildfly",4392,logback,0.5,6,lower_weight_regularized,2.0,3,10.0,5.0,0.8,0.8,10.0
0.9,4167,5,216,4,0.4444444444444444,0.01818181818181818,0.034934497816593885,lower_weight_regularized,2.0,3,10.0,5.0,0.8,0.8,10.0,0.9,"ninja,okhttp,orbit,spring-boot,undertow,wildfly",4392,logback,0.5,6,lower_weight_regularized,2.0,3,10.0,5.0,0.8,0.8,10.0
0.3,4104,68,176,44,0.39285714285714285,0.2,0.26506024096385544,moderate_complexity,3.0,3,5.0,2.0,0.8,0.8,5.0,0.3,"ninja,okhttp,orbit,spring-boot,undertow,wildfly",4392,logback,0.5,6,lower_weight_regularized,2.0,3,10.0,5.0,0.8,0.8,10.0
0.35,4107,65,178,42,0.3925233644859813,0.19090909090909092,0.2568807339449541,moderate_complexity,3.0,3,5.0,2.0,0.8,0.8,5.0,0.35,"ninja,okhttp,orbit,spring-boot,undertow,wildfly",4392,logback,0.5,6,lower_weight_regularized,2.0,3,10.0,5.0,0.8,0.8,10.0
0.4,4117,55,178,42,0.4329896907216495,0.19090909090909092,0.26498422712933756,moderate_complexity,3.0,3,5.0,2.0,0.8,0.8,5.0,0.4,"ninja,okhttp,orbit,spring-boot,undertow,wildfly",4392,logback,0.5,6,lower_weight_regularized,2.0,3,10.0,5.0,0.8,0.8,10.0
0.45,4125,47,180,40,0.45977011494252873,0.18181818181818182,0.26058631921824105,moderate_complexity,3.0,3,5.0,2.0,0.8,0.8,5.0,0.45,"ninja,okhttp,orbit,spring-boot,undertow,wildfly",4392,logback,0.5,6,lower_weight_regularized,2.0,3,10.0,5.0,0.8,0.8,10.0
0.5,4133,39,181,39,0.5,0.17727272727272728,0.26174496644295303,moderate_complexity,3.0,3,5.0,2.0,0.8,0.8,5.0,0.5,"ninja,okhttp,orbit,spring-boot,undertow,wildfly",4392,logback,0.5,6,lower_weight_regularized,2.0,3,10.0,5.0,0.8,0.8,10.0
0.55,4138,34,181,39,0.5342465753424658,0.17727272727272728,0.26621160409556316,moderate_complexity,3.0,3,5.0,2.0,0.8,0.8,5.0,0.55,"ninja,okhttp,orbit,spring-boot,undertow,wildfly",4392,logback,0.5,6,lower_weight_regularized,2.0,3,10.0,5.0,0.8,0.8,10.0
0.6,4143,29,183,37,0.5606060606060606,0.16818181818181818,0.25874125874125875,moderate_complexity,3.0,3,5.0,2.0,0.8,0.8,5.0,0.6,"ninja,okhttp,orbit,spring-boot,undertow,wildfly",4392,logback,0.5,6,lower_weight_regularized,2.0,3,10.0,5.0,0.8,0.8,10.0
0.65,4147,25,185,35,0.5833333333333334,0.1590909090909091,0.25,moderate_complexity,3.0,3,5.0,2.0,0.8,0.8,5.0,0.65,"ninja,okhttp,orbit,spring-boot,undertow,wildfly",4392,logback,0.5,6,lower_weight_regularized,2.0,3,10.0,5.0,0.8,0.8,10.0
0.7,4147,25,185,35,0.5833333333333334,0.1590909090909091,0.25,moderate_complexity,3.0,3,5.0,2.0,0.8,0.8,5.0,0.7,"ninja,okhttp,orbit,spring-boot,undertow,wildfly",4392,logback,0.5,6,lower_weight_regularized,2.0,3,10.0,5.0,0.8,0.8,10.0
0.75,4149,23,191,29,0.5576923076923077,0.1318181818181818,0.21323529411764705,moderate_complexity,3.0,3,5.0,2.0,0.8,0.8,5.0,0.75,"ninja,okhttp,orbit,spring-boot,undertow,wildfly",4392,logback,0.5,6,lower_weight_regularized,2.0,3,10.0,5.0,0.8,0.8,10.0
0.8,4153,19,199,21,0.525,0.09545454545454546,0.16153846153846155,moderate_complexity,3.0,3,5.0,2.0,0.8,0.8,5.0,0.8,"ninja,okhttp,orbit,spring-boot,undertow,wildfly",4392,logback,0.5,6,lower_weight_regularized,2.0,3,10.0,5.0,0.8,0.8,10.0
0.85,4157,15,208,12,0.4444444444444444,0.05454545454545454,0.097165991902834,moderate_complexity,3.0,3,5.0,2.0,0.8,0.8,5.0,0.85,"ninja,okhttp,orbit,spring-boot,undertow,wildfly",4392,logback,0.5,6,lower_weight_regularized,2.0,3,10.0,5.0,0.8,0.8,10.0
0.9,4162,10,211,9,0.47368421052631576,0.04090909090909091,0.07531380753138074,moderate_complexity,3.0,3,5.0,2.0,0.8,0.8,5.0,0.9,"ninja,okhttp,orbit,spring-boot,undertow,wildfly",4392,logback,0.5,6,lower_weight_regularized,2.0,3,10.0,5.0,0.8,0.8,10.0
0.3,4049,123,163,57,0.31666666666666665,0.2590909090909091,0.28500000000000003,deeper_regularized,3.0,4,5.0,1.0,0.8,0.8,5.0,0.3,"ninja,okhttp,orbit,spring-boot,undertow,wildfly",4392,logback,0.5,6,lower_weight_regularized,2.0,3,10.0,5.0,0.8,0.8,10.0
0.35,4073,99,168,52,0.3443708609271523,0.23636363636363636,0.2803234501347709,deeper_regularized,3.0,4,5.0,1.0,0.8,0.8,5.0,0.35,"ninja,okhttp,orbit,spring-boot,undertow,wildfly",4392,logback,0.5,6,lower_weight_regularized,2.0,3,10.0,5.0,0.8,0.8,10.0
0.4,4092,80,170,50,0.38461538461538464,0.22727272727272727,0.2857142857142857,deeper_regularized,3.0,4,5.0,1.0,0.8,0.8,5.0,0.4,"ninja,okhttp,orbit,spring-boot,undertow,wildfly",4392,logback,0.5,6,lower_weight_regularized,2.0,3,10.0,5.0,0.8,0.8,10.0
0.45,4101,71,174,46,0.39316239316239315,0.20909090909090908,0.27299703264094954,deeper_regularized,3.0,4,5.0,1.0,0.8,0.8,5.0,0.45,"ninja,okhttp,orbit,spring-boot,undertow,wildfly",4392,logback,0.5,6,lower_weight_regularized,2.0,3,10.0,5.0,0.8,0.8,10.0
0.5,4118,54,176,44,0.4489795918367347,0.2,0.27672955974842767,deeper_regularized,3.0,4,5.0,1.0,0.8,0.8,5.0,0.5,"ninja,okhttp,orbit,spring-boot,undertow,wildfly",4392,logback,0.5,6,lower_weight_regularized,2.0,3,10.0,5.0,0.8,0.8,10.0
0.55,4128,44,179,41,0.4823529411764706,0.18636363636363637,0.2688524590163935,deeper_regularized,3.0,4,5.0,1.0,0.8,0.8,5.0,0.55,"ninja,okhttp,orbit,spring-boot,undertow,wildfly",4392,logback,0.5,6,lower_weight_regularized,2.0,3,10.0,5.0,0.8,0.8,10.0
0.6,4140,32,180,40,0.5555555555555556,0.18181818181818182,0.273972602739726,deeper_regularized,3.0,4,5.0,1.0,0.8,0.8,5.0,0.6,"ninja,okhttp,orbit,spring-boot,undertow,wildfly",4392,logback,0.5,6,lower_weight_regularized,2.0,3,10.0,5.0,0.8,0.8,10.0
0.65,4146,26,181,39,0.6,0.17727272727272728,0.2736842105263158,deeper_regularized,3.0,4,5.0,1.0,0.8,0.8,5.0,0.65,"ninja,okhttp,orbit,spring-boot,undertow,wildfly",4392,logback,0.5,6,lower_weight_regularized,2.0,3,10.0,5.0,0.8,0.8,10.0
0.7,4152,20,182,38,0.6551724137931034,0.17272727272727273,0.2733812949640288,deeper_regularized,3.0,4,5.0,1.0,0.8,0.8,5.0,0.7,"ninja,okhttp,orbit,spring-boot,undertow,wildfly",4392,logback,0.5,6,lower_weight_regularized,2.0,3,10.0,5.0,0.8,0.8,10.0
0.75,4157,15,185,35,0.7,0.1590909090909091,0.25925925925925924,deeper_regularized,3.0,4,5.0,1.0,0.8,0.8,5.0,0.75,"ninja,okhttp,orbit,spring-boot,undertow,wildfly",4392,logback,0.5,6,lower_weight_regularized,2.0,3,10.0,5.0,0.8,0.8,10.0
0.8,4162,10,191,29,0.7435897435897436,0.1318181818181818,0.2239382239382239,deeper_regularized,3.0,4,5.0,1.0,0.8,0.8,5.0,0.8,"ninja,okhttp,orbit,spring-boot,undertow,wildfly",4392,logback,0.5,6,lower_weight_regularized,2.0,3,10.0,5.0,0.8,0.8,10.0
0.85,4162,10,203,17,0.6296296296296297,0.07727272727272727,0.13765182186234817,deeper_regularized,3.0,4,5.0,1.0,0.8,0.8,5.0,0.85,"ninja,okhttp,orbit,spring-boot,undertow,wildfly",4392,logback,0.5,6,lower_weight_regularized,2.0,3,10.0,5.0,0.8,0.8,10.0
0.9,4164,8,210,10,0.5555555555555556,0.045454545454545456,0.08403361344537816,deeper_regularized,3.0,4,5.0,1.0,0.8,0.8,5.0,0.9,"ninja,okhttp,orbit,spring-boot,undertow,wildfly",4392,logback,0.5,6,lower_weight_regularized,2.0,3,10.0,5.0,0.8,0.8,10.0
0.3,1509,213,127,88,0.292358803986711,0.40930232558139534,0.3410852713178295,reported_regularized,3.0,3,10.0,5.0,0.8,0.8,10.0,0.3,"hbase,hector,logback,ninja,orbit,undertow",1937,okhttp,0.45,6,shallower_conservative,2.0,2,15.0,5.0,0.8,0.8,10.0
0.35,1511,211,129,86,0.2895622895622896,0.4,0.3359375,reported_regularized,3.0,3,10.0,5.0,0.8,0.8,10.0,0.35,"hbase,hector,logback,ninja,orbit,undertow",1937,okhttp,0.45,6,shallower_conservative,2.0,2,15.0,5.0,0.8,0.8,10.0
0.4,1514,208,139,76,0.2676056338028169,0.35348837209302325,0.3046092184368737,reported_regularized,3.0,3,10.0,5.0,0.8,0.8,10.0,0.4,"hbase,hector,logback,ninja,orbit,undertow",1937,okhttp,0.45,6,shallower_conservative,2.0,2,15.0,5.0,0.8,0.8,10.0
0.45,1519,203,148,67,0.24814814814814815,0.3116279069767442,0.27628865979381445,reported_regularized,3.0,3,10.0,5.0,0.8,0.8,10.0,0.45,"hbase,hector,logback,ninja,orbit,undertow",1937,okhttp,0.45,6,shallower_conservative,2.0,2,15.0,5.0,0.8,0.8,10.0
0.5,1521,201,150,65,0.24436090225563908,0.3023255813953488,0.27027027027027023,reported_regularized,3.0,3,10.0,5.0,0.8,0.8,10.0,0.5,"hbase,hector,logback,ninja,orbit,undertow",1937,okhttp,0.45,6,shallower_conservative,2.0,2,15.0,5.0,0.8,0.8,10.0
0.55,1526,196,153,62,0.24031007751937986,0.28837209302325584,0.26215644820295986,reported_regularized,3.0,3,10.0,5.0,0.8,0.8,10.0,0.55,"hbase,hector,logback,ninja,orbit,undertow",1937,okhttp,0.45,6,shallower_conservative,2.0,2,15.0,5.0,0.8,0.8,10.0
0.6,1531,191,155,60,0.23904382470119523,0.27906976744186046,0.2575107296137339,reported_regularized,3.0,3,10.0,5.0,0.8,0.8,10.0,0.6,"hbase,hector,logback,ninja,orbit,undertow",1937,okhttp,0.45,6,shallower_conservative,2.0,2,15.0,5.0,0.8,0.8,10.0
0.65,1551,171,156,59,0.2565217391304348,0.2744186046511628,0.2651685393258427,reported_regularized,3.0,3,10.0,5.0,0.8,0.8,10.0,0.65,"hbase,hector,logback,ninja,orbit,undertow",1937,okhttp,0.45,6,shallower_conservative,2.0,2,15.0,5.0,0.8,0.8,10.0
0.7,1566,156,159,56,0.2641509433962264,0.26046511627906976,0.2622950819672131,reported_regularized,3.0,3,10.0,5.0,0.8,0.8,10.0,0.7,"hbase,hector,logback,ninja,orbit,undertow",1937,okhttp,0.45,6,shallower_conservative,2.0,2,15.0,5.0,0.8,0.8,10.0
0.75,1644,78,160,55,0.41353383458646614,0.2558139534883721,0.3160919540229885,reported_regularized,3.0,3,10.0,5.0,0.8,0.8,10.0,0.75,"hbase,hector,logback,ninja,orbit,undertow",1937,okhttp,0.45,6,shallower_conservative,2.0,2,15.0,5.0,0.8,0.8,10.0
0.8,1673,49,165,50,0.5050505050505051,0.23255813953488372,0.3184713375796179,reported_regularized,3.0,3,10.0,5.0,0.8,0.8,10.0,0.8,"hbase,hector,logback,ninja,orbit,undertow",1937,okhttp,0.45,6,shallower_conservative,2.0,2,15.0,5.0,0.8,0.8,10.0
0.85,1694,28,170,45,0.6164383561643836,0.20930232558139536,0.3125,reported_regularized,3.0,3,10.0,5.0,0.8,0.8,10.0,0.85,"hbase,hector,logback,ninja,orbit,undertow",1937,okhttp,0.45,6,shallower_conservative,2.0,2,15.0,5.0,0.8,0.8,10.0
0.9,1710,12,182,33,0.7333333333333333,0.15348837209302327,0.2538461538461539,reported_regularized,3.0,3,10.0,5.0,0.8,0.8,10.0,0.9,"hbase,hector,logback,ninja,orbit,undertow",1937,okhttp,0.45,6,shallower_conservative,2.0,2,15.0,5.0,0.8,0.8,10.0
0.3,1606,116,125,90,0.4368932038834951,0.4186046511627907,0.4275534441805226,shallower_conservative,2.0,2,15.0,5.0,0.8,0.8,10.0,0.3,"hbase,hector,logback,ninja,orbit,undertow",1937,okhttp,0.45,6,shallower_conservative,2.0,2,15.0,5.0,0.8,0.8,10.0
0.35,1642,80,126,89,0.5266272189349113,0.413953488372093,0.46354166666666663,shallower_conservative,2.0,2,15.0,5.0,0.8,0.8,10.0,0.35,"hbase,hector,logback,ninja,orbit,undertow",1937,okhttp,0.45,6,shallower_conservative,2.0,2,15.0,5.0,0.8,0.8,10.0
0.4,1660,62,127,88,0.5866666666666667,0.40930232558139534,0.48219178082191777,shallower_conservative,2.0,2,15.0,5.0,0.8,0.8,10.0,0.4,"hbase,hector,logback,ninja,orbit,undertow",1937,okhttp,0.45,6,shallower_conservative,2.0,2,15.0,5.0,0.8,0.8,10.0
0.45,1669,53,129,86,0.6187050359712231,0.4,0.4858757062146893,shallower_conservative,2.0,2,15.0,5.0,0.8,0.8,10.0,0.45,"hbase,hector,logback,ninja,orbit,undertow",1937,okhttp,0.45,6,shallower_conservative,2.0,2,15.0,5.0,0.8,0.8,10.0
0.5,1674,48,137,78,0.6190476190476191,0.3627906976744186,0.4574780058651027,shallower_conservative,2.0,2,15.0,5.0,0.8,0.8,10.0,0.5,"hbase,hector,logback,ninja,orbit,undertow",1937,okhttp,0.45,6,shallower_conservative,2.0,2,15.0,5.0,0.8,0.8,10.0
0.55,1675,47,142,73,0.6083333333333333,0.3395348837209302,0.43582089552238806,shallower_conservative,2.0,2,15.0,5.0,0.8,0.8,10.0,0.55,"hbase,hector,logback,ninja,orbit,undertow",1937,okhttp,0.45,6,shallower_conservative,2.0,2,15.0,5.0,0.8,0.8,10.0
0.6,1676,46,142,73,0.6134453781512605,0.3395348837209302,0.437125748502994,shallower_conservative,2.0,2,15.0,5.0,0.8,0.8,10.0,0.6,"hbase,hector,logback,ninja,orbit,undertow",1937,okhttp,0.45,6,shallower_conservative,2.0,2,15.0,5.0,0.8,0.8,10.0
0.65,1676,46,149,66,0.5892857142857143,0.30697674418604654,0.4036697247706422,shallower_conservative,2.0,2,15.0,5.0,0.8,0.8,10.0,0.65,"hbase,hector,logback,ninja,orbit,undertow",1937,okhttp,0.45,6,shallower_conservative,2.0,2,15.0,5.0,0.8,0.8,10.0
0.7,1676,46,157,58,0.5576923076923077,0.26976744186046514,0.36363636363636365,shallower_conservative,2.0,2,15.0,5.0,0.8,0.8,10.0,0.7,"hbase,hector,logback,ninja,orbit,undertow",1937,okhttp,0.45,6,shallower_conservative,2.0,2,15.0,5.0,0.8,0.8,10.0
0.75,1676,46,163,52,0.5306122448979592,0.24186046511627907,0.33226837060702874,shallower_conservative,2.0,2,15.0,5.0,0.8,0.8,10.0,0.75,"hbase,hector,logback,ninja,orbit,undertow",1937,okhttp,0.45,6,shallower_conservative,2.0,2,15.0,5.0,0.8,0.8,10.0
0.8,1676,46,167,48,0.5106382978723404,0.22325581395348837,0.3106796116504854,shallower_conservative,2.0,2,15.0,5.0,0.8,0.8,10.0,0.8,"hbase,hector,logback,ninja,orbit,undertow",1937,okhttp,0.45,6,shallower_conservative,2.0,2,15.0,5.0,0.8,0.8,10.0
0.85,1681,41,167,48,0.5393258426966292,0.22325581395348837,0.3157894736842105,shallower_conservative,2.0,2,15.0,5.0,0.8,0.8,10.0,0.85,"hbase,hector,logback,ninja,orbit,undertow",1937,okhttp,0.45,6,shallower_conservative,2.0,2,15.0,5.0,0.8,0.8,10.0
0.9,1697,25,173,42,0.6268656716417911,0.19534883720930232,0.2978723404255319,shallower_conservative,2.0,2,15.0,5.0,0.8,0.8,10.0,0.9,"hbase,hector,logback,ninja,orbit,undertow",1937,okhttp,0.45,6,shallower_conservative,2.0,2,15.0,5.0,0.8,0.8,10.0
0.3,1524,198,129,86,0.3028169014084507,0.4,0.34468937875751504,lower_weight_regularized,2.0,3,10.0,5.0,0.8,0.8,10.0,0.3,"hbase,hector,logback,ninja,orbit,undertow",1937,okhttp,0.45,6,shallower_conservative,2.0,2,15.0,5.0,0.8,0.8,10.0
0.35,1528,194,134,81,0.29454545454545455,0.3767441860465116,0.33061224489795915,lower_weight_regularized,2.0,3,10.0,5.0,0.8,0.8,10.0,0.35,"hbase,hector,logback,ninja,orbit,undertow",1937,okhttp,0.45,6,shallower_conservative,2.0,2,15.0,5.0,0.8,0.8,10.0
0.4,1537,185,136,79,0.29924242424242425,0.3674418604651163,0.32985386221294366,lower_weight_regularized,2.0,3,10.0,5.0,0.8,0.8,10.0,0.4,"hbase,hector,logback,ninja,orbit,undertow",1937,okhttp,0.45,6,shallower_conservative,2.0,2,15.0,5.0,0.8,0.8,10.0
0.45,1547,175,151,64,0.26778242677824265,0.29767441860465116,0.28193832599118934,lower_weight_regularized,2.0,3,10.0,5.0,0.8,0.8,10.0,0.45,"hbase,hector,logback,ninja,orbit,undertow",1937,okhttp,0.45,6,shallower_conservative,2.0,2,15.0,5.0,0.8,0.8,10.0
0.5,1616,106,156,59,0.3575757575757576,0.2744186046511628,0.3105263157894737,lower_weight_regularized,2.0,3,10.0,5.0,0.8,0.8,10.0,0.5,"hbase,hector,logback,ninja,orbit,undertow",1937,okhttp,0.45,6,shallower_conservative,2.0,2,15.0,5.0,0.8,0.8,10.0
0.55,1642,80,157,58,0.42028985507246375,0.26976744186046514,0.3286118980169972,lower_weight_regularized,2.0,3,10.0,5.0,0.8,0.8,10.0,0.55,"hbase,hector,logback,ninja,orbit,undertow",1937,okhttp,0.45,6,shallower_conservative,2.0,2,15.0,5.0,0.8,0.8,10.0
0.6,1647,75,158,57,0.4318181818181818,0.2651162790697674,0.3285302593659942,lower_weight_regularized,2.0,3,10.0,5.0,0.8,0.8,10.0,0.6,"hbase,hector,logback,ninja,orbit,undertow",1937,okhttp,0.45,6,shallower_conservative,2.0,2,15.0,5.0,0.8,0.8,10.0
0.65,1664,58,161,54,0.48214285714285715,0.25116279069767444,0.3302752293577982,lower_weight_regularized,2.0,3,10.0,5.0,0.8,0.8,10.0,0.65,"hbase,hector,logback,ninja,orbit,undertow",1937,okhttp,0.45,6,shallower_conservative,2.0,2,15.0,5.0,0.8,0.8,10.0
0.7,1673,49,162,53,0.5196078431372549,0.24651162790697675,0.334384858044164,lower_weight_regularized,2.0,3,10.0,5.0,0.8,0.8,10.0,0.7,"hbase,hector,logback,ninja,orbit,undertow",1937,okhttp,0.45,6,shallower_conservative,2.0,2,15.0,5.0,0.8,0.8,10.0
0.75,1681,41,162,53,0.5638297872340425,0.24651162790697675,0.343042071197411,lower_weight_regularized,2.0,3,10.0,5.0,0.8,0.8,10.0,0.75,"hbase,hector,logback,ninja,orbit,undertow",1937,okhttp,0.45,6,shallower_conservative,2.0,2,15.0,5.0,0.8,0.8,10.0
0.8,1685,37,162,53,0.5888888888888889,0.24651162790697675,0.3475409836065574,lower_weight_regularized,2.0,3,10.0,5.0,0.8,0.8,10.0,0.8,"hbase,hector,logback,ninja,orbit,undertow",1937,okhttp,0.45,6,shallower_conservative,2.0,2,15.0,5.0,0.8,0.8,10.0
0.85,1704,18,167,48,0.7272727272727273,0.22325581395348837,0.34163701067615654,lower_weight_regularized,2.0,3,10.0,5.0,0.8,0.8,10.0,0.85,"hbase,hector,logback,ninja,orbit,undertow",1937,okhttp,0.45,6,shallower_conservative,2.0,2,15.0,5.0,0.8,0.8,10.0
0.9,1711,11,177,38,0.7755102040816326,0.17674418604651163,0.28787878787878785,lower_weight_regularized,2.0,3,10.0,5.0,0.8,0.8,10.0,0.9,"hbase,hector,logback,ninja,orbit,undertow",1937,okhttp,0.45,6,shallower_conservative,2.0,2,15.0,5.0,0.8,0.8,10.0
0.3,1515,207,151,64,0.23616236162361623,0.29767441860465116,0.26337448559670784,moderate_complexity,3.0,3,5.0,2.0,0.8,0.8,5.0,0.3,"hbase,hector,logback,ninja,orbit,undertow",1937,okhttp,0.45,6,shallower_conservative,2.0,2,15.0,5.0,0.8,0.8,10.0
0.35,1520,202,153,62,0.23484848484848486,0.28837209302325584,0.2588726513569938,moderate_complexity,3.0,3,5.0,2.0,0.8,0.8,5.0,0.35,"hbase,hector,logback,ninja,orbit,undertow",1937,okhttp,0.45,6,shallower_conservative,2.0,2,15.0,5.0,0.8,0.8,10.0
0.4,1528,194,155,60,0.23622047244094488,0.27906976744186046,0.255863539445629,moderate_complexity,3.0,3,5.0,2.0,0.8,0.8,5.0,0.4,"hbase,hector,logback,ninja,orbit,undertow",1937,okhttp,0.45,6,shallower_conservative,2.0,2,15.0,5.0,0.8,0.8,10.0
0.45,1557,165,155,60,0.26666666666666666,0.27906976744186046,0.2727272727272727,moderate_complexity,3.0,3,5.0,2.0,0.8,0.8,5.0,0.45,"hbase,hector,logback,ninja,orbit,undertow",1937,okhttp,0.45,6,shallower_conservative,2.0,2,15.0,5.0,0.8,0.8,10.0
0.5,1601,121,157,58,0.3240223463687151,0.26976744186046514,0.29441624365482233,moderate_complexity,3.0,3,5.0,2.0,0.8,0.8,5.0,0.5,"hbase,hector,logback,ninja,orbit,undertow",1937,okhttp,0.45,6,shallower_conservative,2.0,2,15.0,5.0,0.8,0.8,10.0
0.55,1633,89,157,58,0.3945578231292517,0.26976744186046514,0.3204419889502762,moderate_complexity,3.0,3,5.0,2.0,0.8,0.8,5.0,0.55,"hbase,hector,logback,ninja,orbit,undertow",1937,okhttp,0.45,6,shallower_conservative,2.0,2,15.0,5.0,0.8,0.8,10.0
0.6,1651,71,158,57,0.4453125,0.2651162790697674,0.3323615160349854,moderate_complexity,3.0,3,5.0,2.0,0.8,0.8,5.0,0.6,"hbase,hector,logback,ninja,orbit,undertow",1937,okhttp,0.45,6,shallower_conservative,2.0,2,15.0,5.0,0.8,0.8,10.0
0.65,1681,41,159,56,0.5773195876288659,0.26046511627906976,0.358974358974359,moderate_complexity,3.0,3,5.0,2.0,0.8,0.8,5.0,0.65,"hbase,hector,logback,ninja,orbit,undertow",1937,okhttp,0.45,6,shallower_conservative,2.0,2,15.0,5.0,0.8,0.8,10.0
0.7,1685,37,161,54,0.5934065934065934,0.25116279069767444,0.35294117647058826,moderate_complexity,3.0,3,5.0,2.0,0.8,0.8,5.0,0.7,"hbase,hector,logback,ninja,orbit,undertow",1937,okhttp,0.45,6,shallower_conservative,2.0,2,15.0,5.0,0.8,0.8,10.0
0.75,1692,30,167,48,0.6153846153846154,0.22325581395348837,0.3276450511945393,moderate_complexity,3.0,3,5.0,2.0,0.8,0.8,5.0,0.75,"hbase,hector,logback,ninja,orbit,undertow",1937,okhttp,0.45,6,shallower_conservative,2.0,2,15.0,5.0,0.8,0.8,10.0
0.8,1705,17,167,48,0.7384615384615385,0.22325581395348837,0.34285714285714286,moderate_complexity,3.0,3,5.0,2.0,0.8,0.8,5.0,0.8,"hbase,hector,logback,ninja,orbit,undertow",1937,okhttp,0.45,6,shallower_conservative,2.0,2,15.0,5.0,0.8,0.8,10.0
0.85,1709,13,169,46,0.7796610169491526,0.21395348837209302,0.3357664233576642,moderate_complexity,3.0,3,5.0,2.0,0.8,0.8,5.0,0.85,"hbase,hector,logback,ninja,orbit,undertow",1937,okhttp,0.45,6,shallower_conservative,2.0,2,15.0,5.0,0.8,0.8,10.0
0.9,1713,9,177,38,0.8085106382978723,0.17674418604651163,0.2900763358778626,moderate_complexity,3.0,3,5.0,2.0,0.8,0.8,5.0,0.9,"hbase,hector,logback,ninja,orbit,undertow",1937,okhttp,0.45,6,shallower_conservative,2.0,2,15.0,5.0,0.8,0.8,10.0
0.3,1521,201,148,67,0.25,0.3116279069767442,0.2774327122153209,deeper_regularized,3.0,4,5.0,1.0,0.8,0.8,5.0,0.3,"hbase,hector,logback,ninja,orbit,undertow",1937,okhttp,0.45,6,shallower_conservative,2.0,2,15.0,5.0,0.8,0.8,10.0
0.35,1522,200,148,67,0.250936329588015,0.3116279069767442,0.27800829875518673,deeper_regularized,3.0,4,5.0,1.0,0.8,0.8,5.0,0.35,"hbase,hector,logback,ninja,orbit,undertow",1937,okhttp,0.45,6,shallower_conservative,2.0,2,15.0,5.0,0.8,0.8,10.0
0.4,1527,195,150,65,0.25,0.3023255813953488,0.2736842105263158,deeper_regularized,3.0,4,5.0,1.0,0.8,0.8,5.0,0.4,"hbase,hector,logback,ninja,orbit,undertow",1937,okhttp,0.45,6,shallower_conservative,2.0,2,15.0,5.0,0.8,0.8,10.0
0.45,1529,193,152,63,0.24609375,0.2930232558139535,0.267515923566879,deeper_regularized,3.0,4,5.0,1.0,0.8,0.8,5.0,0.45,"hbase,hector,logback,ninja,orbit,undertow",1937,okhttp,0.45,6,shallower_conservative,2.0,2,15.0,5.0,0.8,0.8,10.0
0.5,1530,192,155,60,0.23809523809523808,0.27906976744186046,0.2569593147751606,deeper_regularized,3.0,4,5.0,1.0,0.8,0.8,5.0,0.5,"hbase,hector,logback,ninja,orbit,undertow",1937,okhttp,0.45,6,shallower_conservative,2.0,2,15.0,5.0,0.8,0.8,10.0
0.55,1536,186,157,58,0.23770491803278687,0.26976744186046514,0.25272331154684097,deeper_regularized,3.0,4,5.0,1.0,0.8,0.8,5.0,0.55,"hbase,hector,logback,ninja,orbit,undertow",1937,okhttp,0.45,6,shallower_conservative,2.0,2,15.0,5.0,0.8,0.8,10.0
0.6,1544,178,158,57,0.2425531914893617,0.2651162790697674,0.2533333333333333,deeper_regularized,3.0,4,5.0,1.0,0.8,0.8,5.0,0.6,"hbase,hector,logback,ninja,orbit,undertow",1937,okhttp,0.45,6,shallower_conservative,2.0,2,15.0,5.0,0.8,0.8,10.0
0.65,1552,170,159,56,0.24778761061946902,0.26046511627906976,0.25396825396825395,deeper_regularized,3.0,4,5.0,1.0,0.8,0.8,5.0,0.65,"hbase,hector,logback,ninja,orbit,undertow",1937,okhttp,0.45,6,shallower_conservative,2.0,2,15.0,5.0,0.8,0.8,10.0
0.7,1579,143,159,56,0.2814070351758794,0.26046511627906976,0.2705314009661836,deeper_regularized,3.0,4,5.0,1.0,0.8,0.8,5.0,0.7,"hbase,hector,logback,ninja,orbit,undertow",1937,okhttp,0.45,6,shallower_conservative,2.0,2,15.0,5.0,0.8,0.8,10.0
0.75,1613,109,163,52,0.32298136645962733,0.24186046511627907,0.2765957446808511,deeper_regularized,3.0,4,5.0,1.0,0.8,0.8,5.0,0.75,"hbase,hector,logback,ninja,orbit,undertow",1937,okhttp,0.45,6,shallower_conservative,2.0,2,15.0,5.0,0.8,0.8,10.0
0.8,1660,62,166,49,0.44144144144144143,0.22790697674418606,0.3006134969325153,deeper_regularized,3.0,4,5.0,1.0,0.8,0.8,5.0,0.8,"hbase,hector,logback,ninja,orbit,undertow",1937,okhttp,0.45,6,shallower_conservative,2.0,2,15.0,5.0,0.8,0.8,10.0
0.85,1684,38,169,46,0.5476190476190477,0.21395348837209302,0.3076923076923077,deeper_regularized,3.0,4,5.0,1.0,0.8,0.8,5.0,0.85,"hbase,hector,logback,ninja,orbit,undertow",1937,okhttp,0.45,6,shallower_conservative,2.0,2,15.0,5.0,0.8,0.8,10.0
0.9,1700,22,176,39,0.639344262295082,0.1813953488372093,0.28260869565217395,deeper_regularized,3.0,4,5.0,1.0,0.8,0.8,5.0,0.9,"hbase,hector,logback,ninja,orbit,undertow",1937,okhttp,0.45,6,shallower_conservative,2.0,2,15.0,5.0,0.8,0.8,10.0
0.3,4417,230,157,84,0.267515923566879,0.34854771784232363,0.30270270270270266,reported_regularized,3.0,3,10.0,5.0,0.8,0.8,10.0,0.3,"logback,okhttp,orbit,spring-boot,undertow,wildfly",4888,ninja,0.4,6,lower_weight_regularized,2.0,3,10.0,5.0,0.8,0.8,10.0
0.35,4476,171,166,75,0.3048780487804878,0.3112033195020747,0.3080082135523614,reported_regularized,3.0,3,10.0,5.0,0.8,0.8,10.0,0.35,"logback,okhttp,orbit,spring-boot,undertow,wildfly",4888,ninja,0.4,6,lower_weight_regularized,2.0,3,10.0,5.0,0.8,0.8,10.0
0.4,4521,126,176,65,0.3403141361256545,0.2697095435684647,0.30092592592592593,reported_regularized,3.0,3,10.0,5.0,0.8,0.8,10.0,0.4,"logback,okhttp,orbit,spring-boot,undertow,wildfly",4888,ninja,0.4,6,lower_weight_regularized,2.0,3,10.0,5.0,0.8,0.8,10.0
0.45,4551,96,179,62,0.3924050632911392,0.2572614107883817,0.3107769423558897,reported_regularized,3.0,3,10.0,5.0,0.8,0.8,10.0,0.45,"logback,okhttp,orbit,spring-boot,undertow,wildfly",4888,ninja,0.4,6,lower_weight_regularized,2.0,3,10.0,5.0,0.8,0.8,10.0
0.5,4568,79,186,55,0.41044776119402987,0.22821576763485477,0.29333333333333333,reported_regularized,3.0,3,10.0,5.0,0.8,0.8,10.0,0.5,"logback,okhttp,orbit,spring-boot,undertow,wildfly",4888,ninja,0.4,6,lower_weight_regularized,2.0,3,10.0,5.0,0.8,0.8,10.0
0.55,4591,56,190,51,0.4766355140186916,0.21161825726141079,0.2931034482758621,reported_regularized,3.0,3,10.0,5.0,0.8,0.8,10.0,0.55,"logback,okhttp,orbit,spring-boot,undertow,wildfly",4888,ninja,0.4,6,lower_weight_regularized,2.0,3,10.0,5.0,0.8,0.8,10.0
0.6,4604,43,194,47,0.5222222222222223,0.1950207468879668,0.283987915407855,reported_regularized,3.0,3,10.0,5.0,0.8,0.8,10.0,0.6,"logback,okhttp,orbit,spring-boot,undertow,wildfly",4888,ninja,0.4,6,lower_weight_regularized,2.0,3,10.0,5.0,0.8,0.8,10.0
0.65,4621,26,199,42,0.6176470588235294,0.17427385892116182,0.27184466019417475,reported_regularized,3.0,3,10.0,5.0,0.8,0.8,10.0,0.65,"logback,okhttp,orbit,spring-boot,undertow,wildfly",4888,ninja,0.4,6,lower_weight_regularized,2.0,3,10.0,5.0,0.8,0.8,10.0
0.7,4625,22,206,35,0.6140350877192983,0.14522821576763487,0.2348993288590604,reported_regularized,3.0,3,10.0,5.0,0.8,0.8,10.0,0.7,"logback,okhttp,orbit,spring-boot,undertow,wildfly",4888,ninja,0.4,6,lower_weight_regularized,2.0,3,10.0,5.0,0.8,0.8,10.0
0.75,4631,16,218,23,0.5897435897435898,0.0954356846473029,0.16428571428571428,reported_regularized,3.0,3,10.0,5.0,0.8,0.8,10.0,0.75,"logback,okhttp,orbit,spring-boot,undertow,wildfly",4888,ninja,0.4,6,lower_weight_regularized,2.0,3,10.0,5.0,0.8,0.8,10.0
0.8,4636,11,230,11,0.5,0.04564315352697095,0.08365019011406845,reported_regularized,3.0,3,10.0,5.0,0.8,0.8,10.0,0.8,"logback,okhttp,orbit,spring-boot,undertow,wildfly",4888,ninja,0.4,6,lower_weight_regularized,2.0,3,10.0,5.0,0.8,0.8,10.0
0.85,4640,7,232,9,0.5625,0.03734439834024896,0.07003891050583658,reported_regularized,3.0,3,10.0,5.0,0.8,0.8,10.0,0.85,"logback,okhttp,orbit,spring-boot,undertow,wildfly",4888,ninja,0.4,6,lower_weight_regularized,2.0,3,10.0,5.0,0.8,0.8,10.0
0.9,4641,6,232,9,0.6,0.03734439834024896,0.0703125,reported_regularized,3.0,3,10.0,5.0,0.8,0.8,10.0,0.9,"logback,okhttp,orbit,spring-boot,undertow,wildfly",4888,ninja,0.4,6,lower_weight_regularized,2.0,3,10.0,5.0,0.8,0.8,10.0
0.3,4473,174,161,80,0.31496062992125984,0.33195020746887965,0.3232323232323232,shallower_conservative,2.0,2,15.0,5.0,0.8,0.8,10.0,0.3,"logback,okhttp,orbit,spring-boot,undertow,wildfly",4888,ninja,0.4,6,lower_weight_regularized,2.0,3,10.0,5.0,0.8,0.8,10.0
0.35,4510,137,168,73,0.3476190476190476,0.3029045643153527,0.3237250554323725,shallower_conservative,2.0,2,15.0,5.0,0.8,0.8,10.0,0.35,"logback,okhttp,orbit,spring-boot,undertow,wildfly",4888,ninja,0.4,6,lower_weight_regularized,2.0,3,10.0,5.0,0.8,0.8,10.0
0.4,4540,107,173,68,0.38857142857142857,0.2821576763485477,0.3269230769230769,shallower_conservative,2.0,2,15.0,5.0,0.8,0.8,10.0,0.4,"logback,okhttp,orbit,spring-boot,undertow,wildfly",4888,ninja,0.4,6,lower_weight_regularized,2.0,3,10.0,5.0,0.8,0.8,10.0
0.45,4575,72,176,65,0.4744525547445255,0.2697095435684647,0.3439153439153439,shallower_conservative,2.0,2,15.0,5.0,0.8,0.8,10.0,0.45,"logback,okhttp,orbit,spring-boot,undertow,wildfly",4888,ninja,0.4,6,lower_weight_regularized,2.0,3,10.0,5.0,0.8,0.8,10.0
0.5,4595,52,179,62,0.543859649122807,0.2572614107883817,0.3492957746478873,shallower_conservative,2.0,2,15.0,5.0,0.8,0.8,10.0,0.5,"logback,okhttp,orbit,spring-boot,undertow,wildfly",4888,ninja,0.4,6,lower_weight_regularized,2.0,3,10.0,5.0,0.8,0.8,10.0
0.55,4604,43,187,54,0.5567010309278351,0.22406639004149378,0.31952662721893493,shallower_conservative,2.0,2,15.0,5.0,0.8,0.8,10.0,0.55,"logback,okhttp,orbit,spring-boot,undertow,wildfly",4888,ninja,0.4,6,lower_weight_regularized,2.0,3,10.0,5.0,0.8,0.8,10.0
0.6,4613,34,191,50,0.5952380952380952,0.2074688796680498,0.3076923076923077,shallower_conservative,2.0,2,15.0,5.0,0.8,0.8,10.0,0.6,"logback,okhttp,orbit,spring-boot,undertow,wildfly",4888,ninja,0.4,6,lower_weight_regularized,2.0,3,10.0,5.0,0.8,0.8,10.0
0.65,4623,24,195,46,0.6571428571428571,0.1908713692946058,0.2958199356913183,shallower_conservative,2.0,2,15.0,5.0,0.8,0.8,10.0,0.65,"logback,okhttp,orbit,spring-boot,undertow,wildfly",4888,ninja,0.4,6,lower_weight_regularized,2.0,3,10.0,5.0,0.8,0.8,10.0
0.7,4627,20,195,46,0.696969696969697,0.1908713692946058,0.2996742671009772,shallower_conservative,2.0,2,15.0,5.0,0.8,0.8,10.0,0.7,"logback,okhttp,orbit,spring-boot,undertow,wildfly",4888,ninja,0.4,6,lower_weight_regularized,2.0,3,10.0,5.0,0.8,0.8,10.0
0.75,4630,17,204,37,0.6851851851851852,0.15352697095435686,0.25084745762711863,shallower_conservative,2.0,2,15.0,5.0,0.8,0.8,10.0,0.75,"logback,okhttp,orbit,spring-boot,undertow,wildfly",4888,ninja,0.4,6,lower_weight_regularized,2.0,3,10.0,5.0,0.8,0.8,10.0
0.8,4635,12,212,29,0.7073170731707317,0.12033195020746888,0.20567375886524822,shallower_conservative,2.0,2,15.0,5.0,0.8,0.8,10.0,0.8,"logback,okhttp,orbit,spring-boot,undertow,wildfly",4888,ninja,0.4,6,lower_weight_regularized,2.0,3,10.0,5.0,0.8,0.8,10.0
0.85,4636,11,223,18,0.6206896551724138,0.07468879668049792,0.13333333333333333,shallower_conservative,2.0,2,15.0,5.0,0.8,0.8,10.0,0.85,"logback,okhttp,orbit,spring-boot,undertow,wildfly",4888,ninja,0.4,6,lower_weight_regularized,2.0,3,10.0,5.0,0.8,0.8,10.0
0.9,4640,7,232,9,0.5625,0.03734439834024896,0.07003891050583658,shallower_conservative,2.0,2,15.0,5.0,0.8,0.8,10.0,0.9,"logback,okhttp,orbit,spring-boot,undertow,wildfly",4888,ninja,0.4,6,lower_weight_regularized,2.0,3,10.0,5.0,0.8,0.8,10.0
0.3,4529,118,163,78,0.3979591836734694,0.3236514522821577,0.3569794050343249,lower_weight_regularized,2.0,3,10.0,5.0,0.8,0.8,10.0,0.3,"logback,okhttp,orbit,spring-boot,undertow,wildfly",4888,ninja,0.4,6,lower_weight_regularized,2.0,3,10.0,5.0,0.8,0.8,10.0
0.35,4554,93,167,74,0.4431137724550898,0.3070539419087137,0.36274509803921573,lower_weight_regularized,2.0,3,10.0,5.0,0.8,0.8,10.0,0.35,"logback,okhttp,orbit,spring-boot,undertow,wildfly",4888,ninja,0.4,6,lower_weight_regularized,2.0,3,10.0,5.0,0.8,0.8,10.0
0.4,4574,73,169,72,0.496551724137931,0.2987551867219917,0.37305699481865284,lower_weight_regularized,2.0,3,10.0,5.0,0.8,0.8,10.0,0.4,"logback,okhttp,orbit,spring-boot,undertow,wildfly",4888,ninja,0.4,6,lower_weight_regularized,2.0,3,10.0,5.0,0.8,0.8,10.0
0.45,4592,55,175,66,0.5454545454545454,0.27385892116182575,0.36464088397790057,lower_weight_regularized,2.0,3,10.0,5.0,0.8,0.8,10.0,0.45,"logback,okhttp,orbit,spring-boot,undertow,wildfly",4888,ninja,0.4,6,lower_weight_regularized,2.0,3,10.0,5.0,0.8,0.8,10.0
0.5,4603,44,178,63,0.5887850467289719,0.26141078838174275,0.3620689655172414,lower_weight_regularized,2.0,3,10.0,5.0,0.8,0.8,10.0,0.5,"logback,okhttp,orbit,spring-boot,undertow,wildfly",4888,ninja,0.4,6,lower_weight_regularized,2.0,3,10.0,5.0,0.8,0.8,10.0
0.55,4614,33,186,55,0.625,0.22821576763485477,0.3343465045592705,lower_weight_regularized,2.0,3,10.0,5.0,0.8,0.8,10.0,0.55,"logback,okhttp,orbit,spring-boot,undertow,wildfly",4888,ninja,0.4,6,lower_weight_regularized,2.0,3,10.0,5.0,0.8,0.8,10.0
0.6,4620,27,189,52,0.6582278481012658,0.2157676348547718,0.325,lower_weight_regularized,2.0,3,10.0,5.0,0.8,0.8,10.0,0.6,"logback,okhttp,orbit,spring-boot,undertow,wildfly",4888,ninja,0.4,6,lower_weight_regularized,2.0,3,10.0,5.0,0.8,0.8,10.0
0.65,4623,24,192,49,0.6712328767123288,0.2033195020746888,0.3121019108280255,lower_weight_regularized,2.0,3,10.0,5.0,0.8,0.8,10.0,0.65,"logback,okhttp,orbit,spring-boot,undertow,wildfly",4888,ninja,0.4,6,lower_weight_regularized,2.0,3,10.0,5.0,0.8,0.8,10.0
0.7,4627,20,196,45,0.6923076923076923,0.18672199170124482,0.29411764705882354,lower_weight_regularized,2.0,3,10.0,5.0,0.8,0.8,10.0,0.7,"logback,okhttp,orbit,spring-boot,undertow,wildfly",4888,ninja,0.4,6,lower_weight_regularized,2.0,3,10.0,5.0,0.8,0.8,10.0
0.75,4637,10,209,32,0.7619047619047619,0.13278008298755187,0.22614840989399296,lower_weight_regularized,2.0,3,10.0,5.0,0.8,0.8,10.0,0.75,"logback,okhttp,orbit,spring-boot,undertow,wildfly",4888,ninja,0.4,6,lower_weight_regularized,2.0,3,10.0,5.0,0.8,0.8,10.0
0.8,4638,9,228,13,0.5909090909090909,0.05394190871369295,0.09885931558935362,lower_weight_regularized,2.0,3,10.0,5.0,0.8,0.8,10.0,0.8,"logback,okhttp,orbit,spring-boot,undertow,wildfly",4888,ninja,0.4,6,lower_weight_regularized,2.0,3,10.0,5.0,0.8,0.8,10.0
0.85,4641,6,233,8,0.5714285714285714,0.03319502074688797,0.06274509803921569,lower_weight_regularized,2.0,3,10.0,5.0,0.8,0.8,10.0,0.85,"logback,okhttp,orbit,spring-boot,undertow,wildfly",4888,ninja,0.4,6,lower_weight_regularized,2.0,3,10.0,5.0,0.8,0.8,10.0
0.9,4644,3,233,8,0.7272727272727273,0.03319502074688797,0.06349206349206349,lower_weight_regularized,2.0,3,10.0,5.0,0.8,0.8,10.0,0.9,"logback,okhttp,orbit,spring-boot,undertow,wildfly",4888,ninja,0.4,6,lower_weight_regularized,2.0,3,10.0,5.0,0.8,0.8,10.0
0.3,4460,187,169,72,0.277992277992278,0.2987551867219917,0.28800000000000003,moderate_complexity,3.0,3,5.0,2.0,0.8,0.8,5.0,0.3,"logback,okhttp,orbit,spring-boot,undertow,wildfly",4888,ninja,0.4,6,lower_weight_regularized,2.0,3,10.0,5.0,0.8,0.8,10.0
0.35,4488,159,178,63,0.28378378378378377,0.26141078838174275,0.27213822894168466,moderate_complexity,3.0,3,5.0,2.0,0.8,0.8,5.0,0.35,"logback,okhttp,orbit,spring-boot,undertow,wildfly",4888,ninja,0.4,6,lower_weight_regularized,2.0,3,10.0,5.0,0.8,0.8,10.0
0.4,4526,121,181,60,0.3314917127071823,0.24896265560165975,0.28436018957345965,moderate_complexity,3.0,3,5.0,2.0,0.8,0.8,5.0,0.4,"logback,okhttp,orbit,spring-boot,undertow,wildfly",4888,ninja,0.4,6,lower_weight_regularized,2.0,3,10.0,5.0,0.8,0.8,10.0
0.45,4545,102,184,57,0.3584905660377358,0.23651452282157676,0.285,moderate_complexity,3.0,3,5.0,2.0,0.8,0.8,5.0,0.45,"logback,okhttp,orbit,spring-boot,undertow,wildfly",4888,ninja,0.4,6,lower_weight_regularized,2.0,3,10.0,5.0,0.8,0.8,10.0
0.5,4563,84,187,54,0.391304347826087,0.22406639004149378,0.28496042216358836,moderate_complexity,3.0,3,5.0,2.0,0.8,0.8,5.0,0.5,"logback,okhttp,orbit,spring-boot,undertow,wildfly",4888,ninja,0.4,6,lower_weight_regularized,2.0,3,10.0,5.0,0.8,0.8,10.0
0.55,4580,67,190,51,0.4322033898305085,0.21161825726141079,0.28412256267409475,moderate_complexity,3.0,3,5.0,2.0,0.8,0.8,5.0,0.55,"logback,okhttp,orbit,spring-boot,undertow,wildfly",4888,ninja,0.4,6,lower_weight_regularized,2.0,3,10.0,5.0,0.8,0.8,10.0
0.6,4599,48,194,47,0.49473684210526314,0.1950207468879668,0.27976190476190477,moderate_complexity,3.0,3,5.0,2.0,0.8,0.8,5.0,0.6,"logback,okhttp,orbit,spring-boot,undertow,wildfly",4888,ninja,0.4,6,lower_weight_regularized,2.0,3,10.0,5.0,0.8,0.8,10.0
0.65,4614,33,200,41,0.5540540540540541,0.17012448132780084,0.26031746031746034,moderate_complexity,3.0,3,5.0,2.0,0.8,0.8,5.0,0.65,"logback,okhttp,orbit,spring-boot,undertow,wildfly",4888,ninja,0.4,6,lower_weight_regularized,2.0,3,10.0,5.0,0.8,0.8,10.0
0.7,4619,28,204,37,0.5692307692307692,0.15352697095435686,0.24183006535947715,moderate_complexity,3.0,3,5.0,2.0,0.8,0.8,5.0,0.7,"logback,okhttp,orbit,spring-boot,undertow,wildfly",4888,ninja,0.4,6,lower_weight_regularized,2.0,3,10.0,5.0,0.8,0.8,10.0
0.75,4630,17,211,30,0.6382978723404256,0.12448132780082988,0.20833333333333334,moderate_complexity,3.0,3,5.0,2.0,0.8,0.8,5.0,0.75,"logback,okhttp,orbit,spring-boot,undertow,wildfly",4888,ninja,0.4,6,lower_weight_regularized,2.0,3,10.0,5.0,0.8,0.8,10.0
0.8,4634,13,220,21,0.6176470588235294,0.08713692946058091,0.1527272727272727,moderate_complexity,3.0,3,5.0,2.0,0.8,0.8,5.0,0.8,"logback,okhttp,orbit,spring-boot,undertow,wildfly",4888,ninja,0.4,6,lower_weight_regularized,2.0,3,10.0,5.0,0.8,0.8,10.0
0.85,4637,10,224,17,0.6296296296296297,0.07053941908713693,0.12686567164179105,moderate_complexity,3.0,3,5.0,2.0,0.8,0.8,5.0,0.85,"logback,okhttp,orbit,spring-boot,undertow,wildfly",4888,ninja,0.4,6,lower_weight_regularized,2.0,3,10.0,5.0,0.8,0.8,10.0
0.9,4638,9,232,9,0.5,0.03734439834024896,0.0694980694980695,moderate_complexity,3.0,3,5.0,2.0,0.8,0.8,5.0,0.9,"logback,okhttp,orbit,spring-boot,undertow,wildfly",4888,ninja,0.4,6,lower_weight_regularized,2.0,3,10.0,5.0,0.8,0.8,10.0
0.3,4474,173,169,72,0.2938775510204082,0.2987551867219917,0.2962962962962963,deeper_regularized,3.0,4,5.0,1.0,0.8,0.8,5.0,0.3,"logback,okhttp,orbit,spring-boot,undertow,wildfly",4888,ninja,0.4,6,lower_weight_regularized,2.0,3,10.0,5.0,0.8,0.8,10.0
0.35,4504,143,175,66,0.3157894736842105,0.27385892116182575,0.29333333333333333,deeper_regularized,3.0,4,5.0,1.0,0.8,0.8,5.0,0.35,"logback,okhttp,orbit,spring-boot,undertow,wildfly",4888,ninja,0.4,6,lower_weight_regularized,2.0,3,10.0,5.0,0.8,0.8,10.0
0.4,4533,114,178,63,0.3559322033898305,0.26141078838174275,0.3014354066985646,deeper_regularized,3.0,4,5.0,1.0,0.8,0.8,5.0,0.4,"logback,okhttp,orbit,spring-boot,undertow,wildfly",4888,ninja,0.4,6,lower_weight_regularized,2.0,3,10.0,5.0,0.8,0.8,10.0
0.45,4555,92,182,59,0.39072847682119205,0.24481327800829875,0.30102040816326525,deeper_regularized,3.0,4,5.0,1.0,0.8,0.8,5.0,0.45,"logback,okhttp,orbit,spring-boot,undertow,wildfly",4888,ninja,0.4,6,lower_weight_regularized,2.0,3,10.0,5.0,0.8,0.8,10.0
0.5,4576,71,187,54,0.432,0.22406639004149378,0.29508196721311475,deeper_regularized,3.0,4,5.0,1.0,0.8,0.8,5.0,0.5,"logback,okhttp,orbit,spring-boot,undertow,wildfly",4888,ninja,0.4,6,lower_weight_regularized,2.0,3,10.0,5.0,0.8,0.8,10.0
0.55,4590,57,191,50,0.4672897196261682,0.2074688796680498,0.2873563218390805,deeper_regularized,3.0,4,5.0,1.0,0.8,0.8,5.0,0.55,"logback,okhttp,orbit,spring-boot,undertow,wildfly",4888,ninja,0.4,6,lower_weight_regularized,2.0,3,10.0,5.0,0.8,0.8,10.0
0.6,4607,40,193,48,0.5454545454545454,0.1991701244813278,0.2917933130699088,deeper_regularized,3.0,4,5.0,1.0,0.8,0.8,5.0,0.6,"logback,okhttp,orbit,spring-boot,undertow,wildfly",4888,ninja,0.4,6,lower_weight_regularized,2.0,3,10.0,5.0,0.8,0.8,10.0
0.65,4615,32,197,44,0.5789473684210527,0.1825726141078838,0.277602523659306,deeper_regularized,3.0,4,5.0,1.0,0.8,0.8,5.0,0.65,"logback,okhttp,orbit,spring-boot,undertow,wildfly",4888,ninja,0.4,6,lower_weight_regularized,2.0,3,10.0,5.0,0.8,0.8,10.0
0.7,4622,25,202,39,0.609375,0.16182572614107885,0.2557377049180328,deeper_regularized,3.0,4,5.0,1.0,0.8,0.8,5.0,0.7,"logback,okhttp,orbit,spring-boot,undertow,wildfly",4888,ninja,0.4,6,lower_weight_regularized,2.0,3,10.0,5.0,0.8,0.8,10.0
0.75,4631,16,203,38,0.7037037037037037,0.15767634854771784,0.2576271186440678,deeper_regularized,3.0,4,5.0,1.0,0.8,0.8,5.0,0.75,"logback,okhttp,orbit,spring-boot,undertow,wildfly",4888,ninja,0.4,6,lower_weight_regularized,2.0,3,10.0,5.0,0.8,0.8,10.0
0.8,4636,11,207,34,0.7555555555555555,0.14107883817427386,0.23776223776223776,deeper_regularized,3.0,4,5.0,1.0,0.8,0.8,5.0,0.8,"logback,okhttp,orbit,spring-boot,undertow,wildfly",4888,ninja,0.4,6,lower_weight_regularized,2.0,3,10.0,5.0,0.8,0.8,10.0
0.85,4640,7,220,21,0.75,0.08713692946058091,0.1561338289962825,deeper_regularized,3.0,4,5.0,1.0,0.8,0.8,5.0,0.85,"logback,okhttp,orbit,spring-boot,undertow,wildfly",4888,ninja,0.4,6,lower_weight_regularized,2.0,3,10.0,5.0,0.8,0.8,10.0
0.9,4642,5,227,14,0.7368421052631579,0.058091286307053944,0.10769230769230768,deeper_regularized,3.0,4,5.0,1.0,0.8,0.8,5.0,0.9,"logback,okhttp,orbit,spring-boot,undertow,wildfly",4888,ninja,0.4,6,lower_weight_regularized,2.0,3,10.0,5.0,0.8,0.8,10.0
0.3,2832,186,102,58,0.23770491803278687,0.3625,0.2871287128712871,reported_regularized,3.0,3,10.0,5.0,0.8,0.8,10.0,0.3,"logback,ninja,okhttp,orbit,undertow,wildfly",3178,spring-boot,0.3,6,shallower_conservative,2.0,2,15.0,5.0,0.8,0.8,10.0
0.35,2872,146,110,50,0.25510204081632654,0.3125,0.2808988764044944,reported_regularized,3.0,3,10.0,5.0,0.8,0.8,10.0,0.35,"logback,ninja,okhttp,orbit,undertow,wildfly",3178,spring-boot,0.3,6,shallower_conservative,2.0,2,15.0,5.0,0.8,0.8,10.0
0.4,2908,110,116,44,0.2857142857142857,0.275,0.2802547770700637,reported_regularized,3.0,3,10.0,5.0,0.8,0.8,10.0,0.4,"logback,ninja,okhttp,orbit,undertow,wildfly",3178,spring-boot,0.3,6,shallower_conservative,2.0,2,15.0,5.0,0.8,0.8,10.0
0.45,2936,82,123,37,0.31092436974789917,0.23125,0.2652329749103943,reported_regularized,3.0,3,10.0,5.0,0.8,0.8,10.0,0.45,"logback,ninja,okhttp,orbit,undertow,wildfly",3178,spring-boot,0.3,6,shallower_conservative,2.0,2,15.0,5.0,0.8,0.8,10.0
0.5,2953,65,126,34,0.3434343434343434,0.2125,0.2625482625482625,reported_regularized,3.0,3,10.0,5.0,0.8,0.8,10.0,0.5,"logback,ninja,okhttp,orbit,undertow,wildfly",3178,spring-boot,0.3,6,shallower_conservative,2.0,2,15.0,5.0,0.8,0.8,10.0
0.55,2969,49,132,28,0.36363636363636365,0.175,0.23628691983122363,reported_regularized,3.0,3,10.0,5.0,0.8,0.8,10.0,0.55,"logback,ninja,okhttp,orbit,undertow,wildfly",3178,spring-boot,0.3,6,shallower_conservative,2.0,2,15.0,5.0,0.8,0.8,10.0
0.6,2983,35,136,24,0.4067796610169492,0.15,0.2191780821917808,reported_regularized,3.0,3,10.0,5.0,0.8,0.8,10.0,0.6,"logback,ninja,okhttp,orbit,undertow,wildfly",3178,spring-boot,0.3,6,shallower_conservative,2.0,2,15.0,5.0,0.8,0.8,10.0
0.65,2988,30,139,21,0.4117647058823529,0.13125,0.19905213270142183,reported_regularized,3.0,3,10.0,5.0,0.8,0.8,10.0,0.65,"logback,ninja,okhttp,orbit,undertow,wildfly",3178,spring-boot,0.3,6,shallower_conservative,2.0,2,15.0,5.0,0.8,0.8,10.0
0.7,2997,21,142,18,0.46153846153846156,0.1125,0.1809045226130653,reported_regularized,3.0,3,10.0,5.0,0.8,0.8,10.0,0.7,"logback,ninja,okhttp,orbit,undertow,wildfly",3178,spring-boot,0.3,6,shallower_conservative,2.0,2,15.0,5.0,0.8,0.8,10.0
0.75,3004,14,148,12,0.46153846153846156,0.075,0.12903225806451615,reported_regularized,3.0,3,10.0,5.0,0.8,0.8,10.0,0.75,"logback,ninja,okhttp,orbit,undertow,wildfly",3178,spring-boot,0.3,6,shallower_conservative,2.0,2,15.0,5.0,0.8,0.8,10.0
0.8,3009,9,148,12,0.5714285714285714,0.075,0.13259668508287292,reported_regularized,3.0,3,10.0,5.0,0.8,0.8,10.0,0.8,"logback,ninja,okhttp,orbit,undertow,wildfly",3178,spring-boot,0.3,6,shallower_conservative,2.0,2,15.0,5.0,0.8,0.8,10.0
0.85,3015,3,151,9,0.75,0.05625,0.10465116279069768,reported_regularized,3.0,3,10.0,5.0,0.8,0.8,10.0,0.85,"logback,ninja,okhttp,orbit,undertow,wildfly",3178,spring-boot,0.3,6,shallower_conservative,2.0,2,15.0,5.0,0.8,0.8,10.0
0.9,3015,3,153,7,0.7,0.04375,0.08235294117647059,reported_regularized,3.0,3,10.0,5.0,0.8,0.8,10.0,0.9,"logback,ninja,okhttp,orbit,undertow,wildfly",3178,spring-boot,0.3,6,shallower_conservative,2.0,2,15.0,5.0,0.8,0.8,10.0
0.3,2796,222,85,75,0.25252525252525254,0.46875,0.3282275711159737,shallower_conservative,2.0,2,15.0,5.0,0.8,0.8,10.0,0.3,"logback,ninja,okhttp,orbit,undertow,wildfly",3178,spring-boot,0.3,6,shallower_conservative,2.0,2,15.0,5.0,0.8,0.8,10.0
0.35,2823,195,95,65,0.25,0.40625,0.30952380952380953,shallower_conservative,2.0,2,15.0,5.0,0.8,0.8,10.0,0.35,"logback,ninja,okhttp,orbit,undertow,wildfly",3178,spring-boot,0.3,6,shallower_conservative,2.0,2,15.0,5.0,0.8,0.8,10.0
0.4,2855,163,108,52,0.24186046511627907,0.325,0.2773333333333333,shallower_conservative,2.0,2,15.0,5.0,0.8,0.8,10.0,0.4,"logback,ninja,okhttp,orbit,undertow,wildfly",3178,spring-boot,0.3,6,shallower_conservative,2.0,2,15.0,5.0,0.8,0.8,10.0
0.45,2896,122,114,46,0.27380952380952384,0.2875,0.28048780487804875,shallower_conservative,2.0,2,15.0,5.0,0.8,0.8,10.0,0.45,"logback,ninja,okhttp,orbit,undertow,wildfly",3178,spring-boot,0.3,6,shallower_conservative,2.0,2,15.0,5.0,0.8,0.8,10.0
0.5,2927,91,123,37,0.2890625,0.23125,0.2569444444444445,shallower_conservative,2.0,2,15.0,5.0,0.8,0.8,10.0,0.5,"logback,ninja,okhttp,orbit,undertow,wildfly",3178,spring-boot,0.3,6,shallower_conservative,2.0,2,15.0,5.0,0.8,0.8,10.0
0.55,2955,63,130,30,0.3225806451612903,0.1875,0.2371541501976285,shallower_conservative,2.0,2,15.0,5.0,0.8,0.8,10.0,0.55,"logback,ninja,okhttp,orbit,undertow,wildfly",3178,spring-boot,0.3,6,shallower_conservative,2.0,2,15.0,5.0,0.8,0.8,10.0
0.6,2968,50,137,23,0.3150684931506849,0.14375,0.19742489270386263,shallower_conservative,2.0,2,15.0,5.0,0.8,0.8,10.0,0.6,"logback,ninja,okhttp,orbit,undertow,wildfly",3178,spring-boot,0.3,6,shallower_conservative,2.0,2,15.0,5.0,0.8,0.8,10.0
0.65,2980,38,142,18,0.32142857142857145,0.1125,0.16666666666666669,shallower_conservative,2.0,2,15.0,5.0,0.8,0.8,10.0,0.65,"logback,ninja,okhttp,orbit,undertow,wildfly",3178,spring-boot,0.3,6,shallower_conservative,2.0,2,15.0,5.0,0.8,0.8,10.0
0.7,2988,30,148,12,0.2857142857142857,0.075,0.11881188118811879,shallower_conservative,2.0,2,15.0,5.0,0.8,0.8,10.0,0.7,"logback,ninja,okhttp,orbit,undertow,wildfly",3178,spring-boot,0.3,6,shallower_conservative,2.0,2,15.0,5.0,0.8,0.8,10.0
0.75,3004,14,150,10,0.4166666666666667,0.0625,0.10869565217391304,shallower_conservative,2.0,2,15.0,5.0,0.8,0.8,10.0,0.75,"logback,ninja,okhttp,orbit,undertow,wildfly",3178,spring-boot,0.3,6,shallower_conservative,2.0,2,15.0,5.0,0.8,0.8,10.0
0.8,3010,8,150,10,0.5555555555555556,0.0625,0.11235955056179775,shallower_conservative,2.0,2,15.0,5.0,0.8,0.8,10.0,0.8,"logback,ninja,okhttp,orbit,undertow,wildfly",3178,spring-boot,0.3,6,shallower_conservative,2.0,2,15.0,5.0,0.8,0.8,10.0
0.85,3014,4,152,8,0.6666666666666666,0.05,0.09302325581395349,shallower_conservative,2.0,2,15.0,5.0,0.8,0.8,10.0,0.85,"logback,ninja,okhttp,orbit,undertow,wildfly",3178,spring-boot,0.3,6,shallower_conservative,2.0,2,15.0,5.0,0.8,0.8,10.0
0.9,3015,3,153,7,0.7,0.04375,0.08235294117647059,shallower_conservative,2.0,2,15.0,5.0,0.8,0.8,10.0,0.9,"logback,ninja,okhttp,orbit,undertow,wildfly",3178,spring-boot,0.3,6,shallower_conservative,2.0,2,15.0,5.0,0.8,0.8,10.0
0.3,2732,286,94,66,0.1875,0.4125,0.2578125,lower_weight_regularized,2.0,3,10.0,5.0,0.8,0.8,10.0,0.3,"logback,ninja,okhttp,orbit,undertow,wildfly",3178,spring-boot,0.3,6,shallower_conservative,2.0,2,15.0,5.0,0.8,0.8,10.0
0.35,2804,214,103,57,0.21033210332103322,0.35625,0.26450116009280744,lower_weight_regularized,2.0,3,10.0,5.0,0.8,0.8,10.0,0.35,"logback,ninja,okhttp,orbit,undertow,wildfly",3178,spring-boot,0.3,6,shallower_conservative,2.0,2,15.0,5.0,0.8,0.8,10.0
0.4,2860,158,110,50,0.2403846153846154,0.3125,0.2717391304347826,lower_weight_regularized,2.0,3,10.0,5.0,0.8,0.8,10.0,0.4,"logback,ninja,okhttp,orbit,undertow,wildfly",3178,spring-boot,0.3,6,shallower_conservative,2.0,2,15.0,5.0,0.8,0.8,10.0
0.45,2931,87,119,41,0.3203125,0.25625,0.2847222222222222,lower_weight_regularized,2.0,3,10.0,5.0,0.8,0.8,10.0,0.45,"logback,ninja,okhttp,orbit,undertow,wildfly",3178,spring-boot,0.3,6,shallower_conservative,2.0,2,15.0,5.0,0.8,0.8,10.0
0.5,2962,56,121,39,0.4105263157894737,0.24375,0.3058823529411765,lower_weight_regularized,2.0,3,10.0,5.0,0.8,0.8,10.0,0.5,"logback,ninja,okhttp,orbit,undertow,wildfly",3178,spring-boot,0.3,6,shallower_conservative,2.0,2,15.0,5.0,0.8,0.8,10.0
0.55,2979,39,128,32,0.4507042253521127,0.2,0.27705627705627706,lower_weight_regularized,2.0,3,10.0,5.0,0.8,0.8,10.0,0.55,"logback,ninja,okhttp,orbit,undertow,wildfly",3178,spring-boot,0.3,6,shallower_conservative,2.0,2,15.0,5.0,0.8,0.8,10.0
0.6,2986,32,131,29,0.47540983606557374,0.18125,0.26244343891402716,lower_weight_regularized,2.0,3,10.0,5.0,0.8,0.8,10.0,0.6,"logback,ninja,okhttp,orbit,undertow,wildfly",3178,spring-boot,0.3,6,shallower_conservative,2.0,2,15.0,5.0,0.8,0.8,10.0
0.65,2996,22,136,24,0.5217391304347826,0.15,0.23300970873786406,lower_weight_regularized,2.0,3,10.0,5.0,0.8,0.8,10.0,0.65,"logback,ninja,okhttp,orbit,undertow,wildfly",3178,spring-boot,0.3,6,shallower_conservative,2.0,2,15.0,5.0,0.8,0.8,10.0
0.7,3001,17,142,18,0.5142857142857142,0.1125,0.1846153846153846,lower_weight_regularized,2.0,3,10.0,5.0,0.8,0.8,10.0,0.7,"logback,ninja,okhttp,orbit,undertow,wildfly",3178,spring-boot,0.3,6,shallower_conservative,2.0,2,15.0,5.0,0.8,0.8,10.0
0.75,3005,13,146,14,0.5185185185185185,0.0875,0.1497326203208556,lower_weight_regularized,2.0,3,10.0,5.0,0.8,0.8,10.0,0.75,"logback,ninja,okhttp,orbit,undertow,wildfly",3178,spring-boot,0.3,6,shallower_conservative,2.0,2,15.0,5.0,0.8,0.8,10.0
0.8,3009,9,150,10,0.5263157894736842,0.0625,0.11173184357541899,lower_weight_regularized,2.0,3,10.0,5.0,0.8,0.8,10.0,0.8,"logback,ninja,okhttp,orbit,undertow,wildfly",3178,spring-boot,0.3,6,shallower_conservative,2.0,2,15.0,5.0,0.8,0.8,10.0
0.85,3015,3,154,6,0.6666666666666666,0.0375,0.07100591715976332,lower_weight_regularized,2.0,3,10.0,5.0,0.8,0.8,10.0,0.85,"logback,ninja,okhttp,orbit,undertow,wildfly",3178,spring-boot,0.3,6,shallower_conservative,2.0,2,15.0,5.0,0.8,0.8,10.0
0.9,3018,0,156,4,1.0,0.025,0.04878048780487806,lower_weight_regularized,2.0,3,10.0,5.0,0.8,0.8,10.0,0.9,"logback,ninja,okhttp,orbit,undertow,wildfly",3178,spring-boot,0.3,6,shallower_conservative,2.0,2,15.0,5.0,0.8,0.8,10.0
0.3,2805,213,107,53,0.19924812030075187,0.33125,0.24882629107981222,moderate_complexity,3.0,3,5.0,2.0,0.8,0.8,5.0,0.3,"logback,ninja,okhttp,orbit,undertow,wildfly",3178,spring-boot,0.3,6,shallower_conservative,2.0,2,15.0,5.0,0.8,0.8,10.0
0.35,2859,159,117,43,0.21287128712871287,0.26875,0.23756906077348064,moderate_complexity,3.0,3,5.0,2.0,0.8,0.8,5.0,0.35,"logback,ninja,okhttp,orbit,undertow,wildfly",3178,spring-boot,0.3,6,shallower_conservative,2.0,2,15.0,5.0,0.8,0.8,10.0
0.4,2895,123,123,37,0.23125,0.23125,0.23125,moderate_complexity,3.0,3,5.0,2.0,0.8,0.8,5.0,0.4,"logback,ninja,okhttp,orbit,undertow,wildfly",3178,spring-boot,0.3,6,shallower_conservative,2.0,2,15.0,5.0,0.8,0.8,10.0
0.45,2922,96,129,31,0.2440944881889764,0.19375,0.21602787456445993,moderate_complexity,3.0,3,5.0,2.0,0.8,0.8,5.0,0.45,"logback,ninja,okhttp,orbit,undertow,wildfly",3178,spring-boot,0.3,6,shallower_conservative,2.0,2,15.0,5.0,0.8,0.8,10.0
0.5,2943,75,134,26,0.25742574257425743,0.1625,0.1992337164750958,moderate_complexity,3.0,3,5.0,2.0,0.8,0.8,5.0,0.5,"logback,ninja,okhttp,orbit,undertow,wildfly",3178,spring-boot,0.3,6,shallower_conservative,2.0,2,15.0,5.0,0.8,0.8,10.0
0.55,2969,49,135,25,0.33783783783783783,0.15625,0.21367521367521367,moderate_complexity,3.0,3,5.0,2.0,0.8,0.8,5.0,0.55,"logback,ninja,okhttp,orbit,undertow,wildfly",3178,spring-boot,0.3,6,shallower_conservative,2.0,2,15.0,5.0,0.8,0.8,10.0
0.6,2985,33,141,19,0.36538461538461536,0.11875,0.17924528301886794,moderate_complexity,3.0,3,5.0,2.0,0.8,0.8,5.0,0.6,"logback,ninja,okhttp,orbit,undertow,wildfly",3178,spring-boot,0.3,6,shallower_conservative,2.0,2,15.0,5.0,0.8,0.8,10.0
0.65,2994,24,143,17,0.4146341463414634,0.10625,0.1691542288557214,moderate_complexity,3.0,3,5.0,2.0,0.8,0.8,5.0,0.65,"logback,ninja,okhttp,orbit,undertow,wildfly",3178,spring-boot,0.3,6,shallower_conservative,2.0,2,15.0,5.0,0.8,0.8,10.0
0.7,3001,17,147,13,0.43333333333333335,0.08125,0.13684210526315788,moderate_complexity,3.0,3,5.0,2.0,0.8,0.8,5.0,0.7,"logback,ninja,okhttp,orbit,undertow,wildfly",3178,spring-boot,0.3,6,shallower_conservative,2.0,2,15.0,5.0,0.8,0.8,10.0
0.75,3006,12,149,11,0.4782608695652174,0.06875,0.1202185792349727,moderate_complexity,3.0,3,5.0,2.0,0.8,0.8,5.0,0.75,"logback,ninja,okhttp,orbit,undertow,wildfly",3178,spring-boot,0.3,6,shallower_conservative,2.0,2,15.0,5.0,0.8,0.8,10.0
0.8,3007,11,150,10,0.47619047619047616,0.0625,0.11049723756906077,moderate_complexity,3.0,3,5.0,2.0,0.8,0.8,5.0,0.8,"logback,ninja,okhttp,orbit,undertow,wildfly",3178,spring-boot,0.3,6,shallower_conservative,2.0,2,15.0,5.0,0.8,0.8,10.0
0.85,3014,4,154,6,0.6,0.0375,0.07058823529411765,moderate_complexity,3.0,3,5.0,2.0,0.8,0.8,5.0,0.85,"logback,ninja,okhttp,orbit,undertow,wildfly",3178,spring-boot,0.3,6,shallower_conservative,2.0,2,15.0,5.0,0.8,0.8,10.0
0.9,3016,2,158,2,0.5,0.0125,0.02439024390243903,moderate_complexity,3.0,3,5.0,2.0,0.8,0.8,5.0,0.9,"logback,ninja,okhttp,orbit,undertow,wildfly",3178,spring-boot,0.3,6,shallower_conservative,2.0,2,15.0,5.0,0.8,0.8,10.0
0.3,2863,155,105,55,0.2619047619047619,0.34375,0.2972972972972973,deeper_regularized,3.0,4,5.0,1.0,0.8,0.8,5.0,0.3,"logback,ninja,okhttp,orbit,undertow,wildfly",3178,spring-boot,0.3,6,shallower_conservative,2.0,2,15.0,5.0,0.8,0.8,10.0
0.35,2902,116,109,51,0.30538922155688625,0.31875,0.3119266055045872,deeper_regularized,3.0,4,5.0,1.0,0.8,0.8,5.0,0.35,"logback,ninja,okhttp,orbit,undertow,wildfly",3178,spring-boot,0.3,6,shallower_conservative,2.0,2,15.0,5.0,0.8,0.8,10.0
0.4,2930,88,112,48,0.35294117647058826,0.3,0.3243243243243243,deeper_regularized,3.0,4,5.0,1.0,0.8,0.8,5.0,0.4,"logback,ninja,okhttp,orbit,undertow,wildfly",3178,spring-boot,0.3,6,shallower_conservative,2.0,2,15.0,5.0,0.8,0.8,10.0
0.45,2943,75,117,43,0.3644067796610169,0.26875,0.3093525179856115,deeper_regularized,3.0,4,5.0,1.0,0.8,0.8,5.0,0.45,"logback,ninja,okhttp,orbit,undertow,wildfly",3178,spring-boot,0.3,6,shallower_conservative,2.0,2,15.0,5.0,0.8,0.8,10.0
0.5,2956,62,119,41,0.39805825242718446,0.25625,0.311787072243346,deeper_regularized,3.0,4,5.0,1.0,0.8,0.8,5.0,0.5,"logback,ninja,okhttp,orbit,undertow,wildfly",3178,spring-boot,0.3,6,shallower_conservative,2.0,2,15.0,5.0,0.8,0.8,10.0
0.55,2968,50,122,38,0.4318181818181818,0.2375,0.3064516129032258,deeper_regularized,3.0,4,5.0,1.0,0.8,0.8,5.0,0.55,"logback,ninja,okhttp,orbit,undertow,wildfly",3178,spring-boot,0.3,6,shallower_conservative,2.0,2,15.0,5.0,0.8,0.8,10.0
0.6,2974,44,125,35,0.4430379746835443,0.21875,0.2928870292887029,deeper_regularized,3.0,4,5.0,1.0,0.8,0.8,5.0,0.6,"logback,ninja,okhttp,orbit,undertow,wildfly",3178,spring-boot,0.3,6,shallower_conservative,2.0,2,15.0,5.0,0.8,0.8,10.0
0.65,2981,37,130,30,0.44776119402985076,0.1875,0.26431718061674014,deeper_regularized,3.0,4,5.0,1.0,0.8,0.8,5.0,0.65,"logback,ninja,okhttp,orbit,undertow,wildfly",3178,spring-boot,0.3,6,shallower_conservative,2.0,2,15.0,5.0,0.8,0.8,10.0
0.7,2990,28,132,28,0.5,0.175,0.25925925925925924,deeper_regularized,3.0,4,5.0,1.0,0.8,0.8,5.0,0.7,"logback,ninja,okhttp,orbit,undertow,wildfly",3178,spring-boot,0.3,6,shallower_conservative,2.0,2,15.0,5.0,0.8,0.8,10.0
0.75,2995,23,139,21,0.4772727272727273,0.13125,0.20588235294117652,deeper_regularized,3.0,4,5.0,1.0,0.8,0.8,5.0,0.75,"logback,ninja,okhttp,orbit,undertow,wildfly",3178,spring-boot,0.3,6,shallower_conservative,2.0,2,15.0,5.0,0.8,0.8,10.0
0.8,2999,19,142,18,0.4864864864864865,0.1125,0.18274111675126903,deeper_regularized,3.0,4,5.0,1.0,0.8,0.8,5.0,0.8,"logback,ninja,okhttp,orbit,undertow,wildfly",3178,spring-boot,0.3,6,shallower_conservative,2.0,2,15.0,5.0,0.8,0.8,10.0
0.85,3005,13,148,12,0.48,0.075,0.12972972972972974,deeper_regularized,3.0,4,5.0,1.0,0.8,0.8,5.0,0.85,"logback,ninja,okhttp,orbit,undertow,wildfly",3178,spring-boot,0.3,6,shallower_conservative,2.0,2,15.0,5.0,0.8,0.8,10.0
0.9,3010,8,155,5,0.38461538461538464,0.03125,0.057803468208092484,deeper_regularized,3.0,4,5.0,1.0,0.8,0.8,5.0,0.9,"logback,ninja,okhttp,orbit,undertow,wildfly",3178,spring-boot,0.3,6,shallower_conservative,2.0,2,15.0,5.0,0.8,0.8,10.0
0.3,4593,281,155,80,0.22160664819944598,0.3404255319148936,0.26845637583892623,reported_regularized,3.0,3,10.0,5.0,0.8,0.8,10.0,0.3,"logback,ninja,okhttp,spring-boot,undertow,wildfly",5109,orbit,0.35,6,shallower_conservative,2.0,2,15.0,5.0,0.8,0.8,10.0
0.35,4653,221,161,74,0.25084745762711863,0.3148936170212766,0.27924528301886786,reported_regularized,3.0,3,10.0,5.0,0.8,0.8,10.0,0.35,"logback,ninja,okhttp,spring-boot,undertow,wildfly",5109,orbit,0.35,6,shallower_conservative,2.0,2,15.0,5.0,0.8,0.8,10.0
0.4,4692,182,169,66,0.2661290322580645,0.28085106382978725,0.2732919254658385,reported_regularized,3.0,3,10.0,5.0,0.8,0.8,10.0,0.4,"logback,ninja,okhttp,spring-boot,undertow,wildfly",5109,orbit,0.35,6,shallower_conservative,2.0,2,15.0,5.0,0.8,0.8,10.0
0.45,4736,138,172,63,0.31343283582089554,0.2680851063829787,0.2889908256880734,reported_regularized,3.0,3,10.0,5.0,0.8,0.8,10.0,0.45,"logback,ninja,okhttp,spring-boot,undertow,wildfly",5109,orbit,0.35,6,shallower_conservative,2.0,2,15.0,5.0,0.8,0.8,10.0
0.5,4762,112,176,59,0.34502923976608185,0.251063829787234,0.29064039408866993,reported_regularized,3.0,3,10.0,5.0,0.8,0.8,10.0,0.5,"logback,ninja,okhttp,spring-boot,undertow,wildfly",5109,orbit,0.35,6,shallower_conservative,2.0,2,15.0,5.0,0.8,0.8,10.0
0.55,4778,96,178,57,0.37254901960784315,0.2425531914893617,0.2938144329896907,reported_regularized,3.0,3,10.0,5.0,0.8,0.8,10.0,0.55,"logback,ninja,okhttp,spring-boot,undertow,wildfly",5109,orbit,0.35,6,shallower_conservative,2.0,2,15.0,5.0,0.8,0.8,10.0
0.6,4807,67,178,57,0.4596774193548387,0.2425531914893617,0.31754874651810583,reported_regularized,3.0,3,10.0,5.0,0.8,0.8,10.0,0.6,"logback,ninja,okhttp,spring-boot,undertow,wildfly",5109,orbit,0.35,6,shallower_conservative,2.0,2,15.0,5.0,0.8,0.8,10.0
0.65,4827,47,183,52,0.5252525252525253,0.22127659574468084,0.31137724550898205,reported_regularized,3.0,3,10.0,5.0,0.8,0.8,10.0,0.65,"logback,ninja,okhttp,spring-boot,undertow,wildfly",5109,orbit,0.35,6,shallower_conservative,2.0,2,15.0,5.0,0.8,0.8,10.0
0.7,4842,32,189,46,0.5897435897435898,0.19574468085106383,0.29392971246006394,reported_regularized,3.0,3,10.0,5.0,0.8,0.8,10.0,0.7,"logback,ninja,okhttp,spring-boot,undertow,wildfly",5109,orbit,0.35,6,shallower_conservative,2.0,2,15.0,5.0,0.8,0.8,10.0
0.75,4855,19,194,41,0.6833333333333333,0.17446808510638298,0.27796610169491526,reported_regularized,3.0,3,10.0,5.0,0.8,0.8,10.0,0.75,"logback,ninja,okhttp,spring-boot,undertow,wildfly",5109,orbit,0.35,6,shallower_conservative,2.0,2,15.0,5.0,0.8,0.8,10.0
0.8,4865,9,215,20,0.6896551724137931,0.0851063829787234,0.15151515151515152,reported_regularized,3.0,3,10.0,5.0,0.8,0.8,10.0,0.8,"logback,ninja,okhttp,spring-boot,undertow,wildfly",5109,orbit,0.35,6,shallower_conservative,2.0,2,15.0,5.0,0.8,0.8,10.0
0.85,4866,8,224,11,0.5789473684210527,0.04680851063829787,0.08661417322834646,reported_regularized,3.0,3,10.0,5.0,0.8,0.8,10.0,0.85,"logback,ninja,okhttp,spring-boot,undertow,wildfly",5109,orbit,0.35,6,shallower_conservative,2.0,2,15.0,5.0,0.8,0.8,10.0
0.9,4868,6,224,11,0.6470588235294118,0.04680851063829787,0.0873015873015873,reported_regularized,3.0,3,10.0,5.0,0.8,0.8,10.0,0.9,"logback,ninja,okhttp,spring-boot,undertow,wildfly",5109,orbit,0.35,6,shallower_conservative,2.0,2,15.0,5.0,0.8,0.8,10.0
0.3,4723,151,153,82,0.351931330472103,0.34893617021276596,0.3504273504273504,shallower_conservative,2.0,2,15.0,5.0,0.8,0.8,10.0,0.3,"logback,ninja,okhttp,spring-boot,undertow,wildfly",5109,orbit,0.35,6,shallower_conservative,2.0,2,15.0,5.0,0.8,0.8,10.0
0.35,4758,116,160,75,0.39267015706806285,0.3191489361702128,0.35211267605633806,shallower_conservative,2.0,2,15.0,5.0,0.8,0.8,10.0,0.35,"logback,ninja,okhttp,spring-boot,undertow,wildfly",5109,orbit,0.35,6,shallower_conservative,2.0,2,15.0,5.0,0.8,0.8,10.0
0.4,4780,94,168,67,0.4161490683229814,0.2851063829787234,0.33838383838383834,shallower_conservative,2.0,2,15.0,5.0,0.8,0.8,10.0,0.4,"logback,ninja,okhttp,spring-boot,undertow,wildfly",5109,orbit,0.35,6,shallower_conservative,2.0,2,15.0,5.0,0.8,0.8,10.0
0.45,4795,79,171,64,0.44755244755244755,0.2723404255319149,0.3386243386243386,shallower_conservative,2.0,2,15.0,5.0,0.8,0.8,10.0,0.45,"logback,ninja,okhttp,spring-boot,undertow,wildfly",5109,orbit,0.35,6,shallower_conservative,2.0,2,15.0,5.0,0.8,0.8,10.0
0.5,4812,62,178,57,0.4789915966386555,0.2425531914893617,0.3220338983050848,shallower_conservative,2.0,2,15.0,5.0,0.8,0.8,10.0,0.5,"logback,ninja,okhttp,spring-boot,undertow,wildfly",5109,orbit,0.35,6,shallower_conservative,2.0,2,15.0,5.0,0.8,0.8,10.0
0.55,4826,48,181,54,0.5294117647058824,0.2297872340425532,0.32047477744807124,shallower_conservative,2.0,2,15.0,5.0,0.8,0.8,10.0,0.55,"logback,ninja,okhttp,spring-boot,undertow,wildfly",5109,orbit,0.35,6,shallower_conservative,2.0,2,15.0,5.0,0.8,0.8,10.0
0.6,4837,37,183,52,0.5842696629213483,0.22127659574468084,0.32098765432098764,shallower_conservative,2.0,2,15.0,5.0,0.8,0.8,10.0,0.6,"logback,ninja,okhttp,spring-boot,undertow,wildfly",5109,orbit,0.35,6,shallower_conservative,2.0,2,15.0,5.0,0.8,0.8,10.0
0.65,4843,31,186,49,0.6125,0.20851063829787234,0.3111111111111111,shallower_conservative,2.0,2,15.0,5.0,0.8,0.8,10.0,0.65,"logback,ninja,okhttp,spring-boot,undertow,wildfly",5109,orbit,0.35,6,shallower_conservative,2.0,2,15.0,5.0,0.8,0.8,10.0
0.7,4851,23,190,45,0.6617647058823529,0.19148936170212766,0.29702970297029696,shallower_conservative,2.0,2,15.0,5.0,0.8,0.8,10.0,0.7,"logback,ninja,okhttp,spring-boot,undertow,wildfly",5109,orbit,0.35,6,shallower_conservative,2.0,2,15.0,5.0,0.8,0.8,10.0
0.75,4857,17,192,43,0.7166666666666667,0.1829787234042553,0.29152542372881357,shallower_conservative,2.0,2,15.0,5.0,0.8,0.8,10.0,0.75,"logback,ninja,okhttp,spring-boot,undertow,wildfly",5109,orbit,0.35,6,shallower_conservative,2.0,2,15.0,5.0,0.8,0.8,10.0
0.8,4861,13,197,38,0.7450980392156863,0.16170212765957448,0.2657342657342658,shallower_conservative,2.0,2,15.0,5.0,0.8,0.8,10.0,0.8,"logback,ninja,okhttp,spring-boot,undertow,wildfly",5109,orbit,0.35,6,shallower_conservative,2.0,2,15.0,5.0,0.8,0.8,10.0
0.85,4866,8,204,31,0.7948717948717948,0.13191489361702127,0.22627737226277372,shallower_conservative,2.0,2,15.0,5.0,0.8,0.8,10.0,0.85,"logback,ninja,okhttp,spring-boot,undertow,wildfly",5109,orbit,0.35,6,shallower_conservative,2.0,2,15.0,5.0,0.8,0.8,10.0
0.9,4867,7,225,10,0.5882352941176471,0.0425531914893617,0.07936507936507937,shallower_conservative,2.0,2,15.0,5.0,0.8,0.8,10.0,0.9,"logback,ninja,okhttp,spring-boot,undertow,wildfly",5109,orbit,0.35,6,shallower_conservative,2.0,2,15.0,5.0,0.8,0.8,10.0
0.3,4744,130,162,73,0.35960591133004927,0.31063829787234043,0.3333333333333333,lower_weight_regularized,2.0,3,10.0,5.0,0.8,0.8,10.0,0.3,"logback,ninja,okhttp,spring-boot,undertow,wildfly",5109,orbit,0.35,6,shallower_conservative,2.0,2,15.0,5.0,0.8,0.8,10.0
0.35,4769,105,169,66,0.38596491228070173,0.28085106382978725,0.32512315270935954,lower_weight_regularized,2.0,3,10.0,5.0,0.8,0.8,10.0,0.35,"logback,ninja,okhttp,spring-boot,undertow,wildfly",5109,orbit,0.35,6,shallower_conservative,2.0,2,15.0,5.0,0.8,0.8,10.0
0.4,4783,91,171,64,0.4129032258064516,0.2723404255319149,0.3282051282051282,lower_weight_regularized,2.0,3,10.0,5.0,0.8,0.8,10.0,0.4,"logback,ninja,okhttp,spring-boot,undertow,wildfly",5109,orbit,0.35,6,shallower_conservative,2.0,2,15.0,5.0,0.8,0.8,10.0
0.45,4810,64,172,63,0.49606299212598426,0.2680851063829787,0.34806629834254144,lower_weight_regularized,2.0,3,10.0,5.0,0.8,0.8,10.0,0.45,"logback,ninja,okhttp,spring-boot,undertow,wildfly",5109,orbit,0.35,6,shallower_conservative,2.0,2,15.0,5.0,0.8,0.8,10.0
0.5,4823,51,175,60,0.5405405405405406,0.2553191489361702,0.3468208092485549,lower_weight_regularized,2.0,3,10.0,5.0,0.8,0.8,10.0,0.5,"logback,ninja,okhttp,spring-boot,undertow,wildfly",5109,orbit,0.35,6,shallower_conservative,2.0,2,15.0,5.0,0.8,0.8,10.0
0.55,4833,41,183,52,0.5591397849462365,0.22127659574468084,0.3170731707317073,lower_weight_regularized,2.0,3,10.0,5.0,0.8,0.8,10.0,0.55,"logback,ninja,okhttp,spring-boot,undertow,wildfly",5109,orbit,0.35,6,shallower_conservative,2.0,2,15.0,5.0,0.8,0.8,10.0
0.6,4840,34,186,49,0.5903614457831325,0.20851063829787234,0.30817610062893086,lower_weight_regularized,2.0,3,10.0,5.0,0.8,0.8,10.0,0.6,"logback,ninja,okhttp,spring-boot,undertow,wildfly",5109,orbit,0.35,6,shallower_conservative,2.0,2,15.0,5.0,0.8,0.8,10.0
0.65,4849,25,192,43,0.6323529411764706,0.1829787234042553,0.2838283828382838,lower_weight_regularized,2.0,3,10.0,5.0,0.8,0.8,10.0,0.65,"logback,ninja,okhttp,spring-boot,undertow,wildfly",5109,orbit,0.35,6,shallower_conservative,2.0,2,15.0,5.0,0.8,0.8,10.0
0.7,4853,21,202,33,0.6111111111111112,0.14042553191489363,0.22837370242214536,lower_weight_regularized,2.0,3,10.0,5.0,0.8,0.8,10.0,0.7,"logback,ninja,okhttp,spring-boot,undertow,wildfly",5109,orbit,0.35,6,shallower_conservative,2.0,2,15.0,5.0,0.8,0.8,10.0
0.75,4857,17,211,24,0.5853658536585366,0.10212765957446808,0.17391304347826084,lower_weight_regularized,2.0,3,10.0,5.0,0.8,0.8,10.0,0.75,"logback,ninja,okhttp,spring-boot,undertow,wildfly",5109,orbit,0.35,6,shallower_conservative,2.0,2,15.0,5.0,0.8,0.8,10.0
0.8,4862,12,221,14,0.5384615384615384,0.059574468085106386,0.10727969348659004,lower_weight_regularized,2.0,3,10.0,5.0,0.8,0.8,10.0,0.8,"logback,ninja,okhttp,spring-boot,undertow,wildfly",5109,orbit,0.35,6,shallower_conservative,2.0,2,15.0,5.0,0.8,0.8,10.0
0.85,4866,8,224,11,0.5789473684210527,0.04680851063829787,0.08661417322834646,lower_weight_regularized,2.0,3,10.0,5.0,0.8,0.8,10.0,0.85,"logback,ninja,okhttp,spring-boot,undertow,wildfly",5109,orbit,0.35,6,shallower_conservative,2.0,2,15.0,5.0,0.8,0.8,10.0
0.9,4868,6,227,8,0.5714285714285714,0.03404255319148936,0.0642570281124498,lower_weight_regularized,2.0,3,10.0,5.0,0.8,0.8,10.0,0.9,"logback,ninja,okhttp,spring-boot,undertow,wildfly",5109,orbit,0.35,6,shallower_conservative,2.0,2,15.0,5.0,0.8,0.8,10.0
0.3,4780,94,169,66,0.4125,0.28085106382978725,0.33417721518987337,moderate_complexity,3.0,3,5.0,2.0,0.8,0.8,5.0,0.3,"logback,ninja,okhttp,spring-boot,undertow,wildfly",5109,orbit,0.35,6,shallower_conservative,2.0,2,15.0,5.0,0.8,0.8,10.0
0.35,4794,80,174,61,0.4326241134751773,0.25957446808510637,0.324468085106383,moderate_complexity,3.0,3,5.0,2.0,0.8,0.8,5.0,0.35,"logback,ninja,okhttp,spring-boot,undertow,wildfly",5109,orbit,0.35,6,shallower_conservative,2.0,2,15.0,5.0,0.8,0.8,10.0
0.4,4807,67,178,57,0.4596774193548387,0.2425531914893617,0.31754874651810583,moderate_complexity,3.0,3,5.0,2.0,0.8,0.8,5.0,0.4,"logback,ninja,okhttp,spring-boot,undertow,wildfly",5109,orbit,0.35,6,shallower_conservative,2.0,2,15.0,5.0,0.8,0.8,10.0
0.45,4814,60,179,56,0.4827586206896552,0.23829787234042554,0.31908831908831914,moderate_complexity,3.0,3,5.0,2.0,0.8,0.8,5.0,0.45,"logback,ninja,okhttp,spring-boot,undertow,wildfly",5109,orbit,0.35,6,shallower_conservative,2.0,2,15.0,5.0,0.8,0.8,10.0
0.5,4821,53,181,54,0.5046728971962616,0.2297872340425532,0.3157894736842105,moderate_complexity,3.0,3,5.0,2.0,0.8,0.8,5.0,0.5,"logback,ninja,okhttp,spring-boot,undertow,wildfly",5109,orbit,0.35,6,shallower_conservative,2.0,2,15.0,5.0,0.8,0.8,10.0
0.55,4835,39,187,48,0.5517241379310345,0.20425531914893616,0.2981366459627329,moderate_complexity,3.0,3,5.0,2.0,0.8,0.8,5.0,0.55,"logback,ninja,okhttp,spring-boot,undertow,wildfly",5109,orbit,0.35,6,shallower_conservative,2.0,2,15.0,5.0,0.8,0.8,10.0
0.6,4841,33,194,41,0.5540540540540541,0.17446808510638298,0.2653721682847896,moderate_complexity,3.0,3,5.0,2.0,0.8,0.8,5.0,0.6,"logback,ninja,okhttp,spring-boot,undertow,wildfly",5109,orbit,0.35,6,shallower_conservative,2.0,2,15.0,5.0,0.8,0.8,10.0
0.65,4845,29,199,36,0.5538461538461539,0.15319148936170213,0.24,moderate_complexity,3.0,3,5.0,2.0,0.8,0.8,5.0,0.65,"logback,ninja,okhttp,spring-boot,undertow,wildfly",5109,orbit,0.35,6,shallower_conservative,2.0,2,15.0,5.0,0.8,0.8,10.0
0.7,4856,18,203,32,0.64,0.13617021276595745,0.22456140350877193,moderate_complexity,3.0,3,5.0,2.0,0.8,0.8,5.0,0.7,"logback,ninja,okhttp,spring-boot,undertow,wildfly",5109,orbit,0.35,6,shallower_conservative,2.0,2,15.0,5.0,0.8,0.8,10.0
0.75,4857,17,211,24,0.5853658536585366,0.10212765957446808,0.17391304347826084,moderate_complexity,3.0,3,5.0,2.0,0.8,0.8,5.0,0.75,"logback,ninja,okhttp,spring-boot,undertow,wildfly",5109,orbit,0.35,6,shallower_conservative,2.0,2,15.0,5.0,0.8,0.8,10.0
0.8,4859,15,221,14,0.4827586206896552,0.059574468085106386,0.10606060606060606,moderate_complexity,3.0,3,5.0,2.0,0.8,0.8,5.0,0.8,"logback,ninja,okhttp,spring-boot,undertow,wildfly",5109,orbit,0.35,6,shallower_conservative,2.0,2,15.0,5.0,0.8,0.8,10.0
0.85,4864,10,223,12,0.5454545454545454,0.05106382978723404,0.0933852140077821,moderate_complexity,3.0,3,5.0,2.0,0.8,0.8,5.0,0.85,"logback,ninja,okhttp,spring-boot,undertow,wildfly",5109,orbit,0.35,6,shallower_conservative,2.0,2,15.0,5.0,0.8,0.8,10.0
0.9,4866,8,225,10,0.5555555555555556,0.0425531914893617,0.07905138339920949,moderate_complexity,3.0,3,5.0,2.0,0.8,0.8,5.0,0.9,"logback,ninja,okhttp,spring-boot,undertow,wildfly",5109,orbit,0.35,6,shallower_conservative,2.0,2,15.0,5.0,0.8,0.8,10.0
0.3,4743,131,164,71,0.35148514851485146,0.3021276595744681,0.32494279176201374,deeper_regularized,3.0,4,5.0,1.0,0.8,0.8,5.0,0.3,"logback,ninja,okhttp,spring-boot,undertow,wildfly",5109,orbit,0.35,6,shallower_conservative,2.0,2,15.0,5.0,0.8,0.8,10.0
0.35,4773,101,166,69,0.40588235294117647,0.2936170212765957,0.34074074074074073,deeper_regularized,3.0,4,5.0,1.0,0.8,0.8,5.0,0.35,"logback,ninja,okhttp,spring-boot,undertow,wildfly",5109,orbit,0.35,6,shallower_conservative,2.0,2,15.0,5.0,0.8,0.8,10.0
0.4,4791,83,171,64,0.43537414965986393,0.2723404255319149,0.33507853403141363,deeper_regularized,3.0,4,5.0,1.0,0.8,0.8,5.0,0.4,"logback,ninja,okhttp,spring-boot,undertow,wildfly",5109,orbit,0.35,6,shallower_conservative,2.0,2,15.0,5.0,0.8,0.8,10.0
0.45,4804,70,173,62,0.4696969696969697,0.26382978723404255,0.33787465940054495,deeper_regularized,3.0,4,5.0,1.0,0.8,0.8,5.0,0.45,"logback,ninja,okhttp,spring-boot,undertow,wildfly",5109,orbit,0.35,6,shallower_conservative,2.0,2,15.0,5.0,0.8,0.8,10.0
0.5,4815,59,174,61,0.5083333333333333,0.25957446808510637,0.3436619718309859,deeper_regularized,3.0,4,5.0,1.0,0.8,0.8,5.0,0.5,"logback,ninja,okhttp,spring-boot,undertow,wildfly",5109,orbit,0.35,6,shallower_conservative,2.0,2,15.0,5.0,0.8,0.8,10.0
0.55,4824,50,177,58,0.5370370370370371,0.24680851063829787,0.33819241982507287,deeper_regularized,3.0,4,5.0,1.0,0.8,0.8,5.0,0.55,"logback,ninja,okhttp,spring-boot,undertow,wildfly",5109,orbit,0.35,6,shallower_conservative,2.0,2,15.0,5.0,0.8,0.8,10.0
0.6,4833,41,178,57,0.5816326530612245,0.2425531914893617,0.3423423423423423,deeper_regularized,3.0,4,5.0,1.0,0.8,0.8,5.0,0.6,"logback,ninja,okhttp,spring-boot,undertow,wildfly",5109,orbit,0.35,6,shallower_conservative,2.0,2,15.0,5.0,0.8,0.8,10.0
0.65,4838,36,182,53,0.5955056179775281,0.225531914893617,0.32716049382716045,deeper_regularized,3.0,4,5.0,1.0,0.8,0.8,5.0,0.65,"logback,ninja,okhttp,spring-boot,undertow,wildfly",5109,orbit,0.35,6,shallower_conservative,2.0,2,15.0,5.0,0.8,0.8,10.0
0.7,4843,31,183,52,0.6265060240963856,0.22127659574468084,0.3270440251572327,deeper_regularized,3.0,4,5.0,1.0,0.8,0.8,5.0,0.7,"logback,ninja,okhttp,spring-boot,undertow,wildfly",5109,orbit,0.35,6,shallower_conservative,2.0,2,15.0,5.0,0.8,0.8,10.0
0.75,4852,22,187,48,0.6857142857142857,0.20425531914893616,0.3147540983606557,deeper_regularized,3.0,4,5.0,1.0,0.8,0.8,5.0,0.75,"logback,ninja,okhttp,spring-boot,undertow,wildfly",5109,orbit,0.35,6,shallower_conservative,2.0,2,15.0,5.0,0.8,0.8,10.0
0.8,4854,20,191,44,0.6875,0.18723404255319148,0.294314381270903,deeper_regularized,3.0,4,5.0,1.0,0.8,0.8,5.0,0.8,"logback,ninja,okhttp,spring-boot,undertow,wildfly",5109,orbit,0.35,6,shallower_conservative,2.0,2,15.0,5.0,0.8,0.8,10.0
0.85,4858,16,201,34,0.68,0.14468085106382977,0.23859649122807014,deeper_regularized,3.0,4,5.0,1.0,0.8,0.8,5.0,0.85,"logback,ninja,okhttp,spring-boot,undertow,wildfly",5109,orbit,0.35,6,shallower_conservative,2.0,2,15.0,5.0,0.8,0.8,10.0
0.9,4863,11,211,24,0.6857142857142857,0.10212765957446808,0.17777777777777776,deeper_regularized,3.0,4,5.0,1.0,0.8,0.8,5.0,0.9,"logback,ninja,okhttp,spring-boot,undertow,wildfly",5109,orbit,0.35,6,shallower_conservative,2.0,2,15.0,5.0,0.8,0.8,10.0
0.3,4428,348,232,173,0.33205374280230326,0.4271604938271605,0.3736501079913607,reported_regularized,3.0,3,10.0,5.0,0.8,0.8,10.0,0.3,"hbase,hector,logback,okhttp,spring-boot,wildfly",5181,undertow,0.3,6,reported_regularized,3.0,3,10.0,5.0,0.8,0.8,10.0
0.35,4465,311,243,162,0.34249471458773784,0.4,0.3690205011389522,reported_regularized,3.0,3,10.0,5.0,0.8,0.8,10.0,0.35,"hbase,hector,logback,okhttp,spring-boot,wildfly",5181,undertow,0.3,6,reported_regularized,3.0,3,10.0,5.0,0.8,0.8,10.0
0.4,4488,288,252,153,0.3469387755102041,0.37777777777777777,0.3617021276595745,reported_regularized,3.0,3,10.0,5.0,0.8,0.8,10.0,0.4,"hbase,hector,logback,okhttp,spring-boot,wildfly",5181,undertow,0.3,6,reported_regularized,3.0,3,10.0,5.0,0.8,0.8,10.0
0.45,4523,253,261,144,0.36272040302267,0.35555555555555557,0.35910224438902744,reported_regularized,3.0,3,10.0,5.0,0.8,0.8,10.0,0.45,"hbase,hector,logback,okhttp,spring-boot,wildfly",5181,undertow,0.3,6,reported_regularized,3.0,3,10.0,5.0,0.8,0.8,10.0
0.5,4554,222,272,133,0.37464788732394366,0.32839506172839505,0.35000000000000003,reported_regularized,3.0,3,10.0,5.0,0.8,0.8,10.0,0.5,"hbase,hector,logback,okhttp,spring-boot,wildfly",5181,undertow,0.3,6,reported_regularized,3.0,3,10.0,5.0,0.8,0.8,10.0
0.55,4569,207,286,119,0.36503067484662577,0.2938271604938272,0.3255813953488372,reported_regularized,3.0,3,10.0,5.0,0.8,0.8,10.0,0.55,"hbase,hector,logback,okhttp,spring-boot,wildfly",5181,undertow,0.3,6,reported_regularized,3.0,3,10.0,5.0,0.8,0.8,10.0
0.6,4601,175,295,110,0.38596491228070173,0.2716049382716049,0.3188405797101449,reported_regularized,3.0,3,10.0,5.0,0.8,0.8,10.0,0.6,"hbase,hector,logback,okhttp,spring-boot,wildfly",5181,undertow,0.3,6,reported_regularized,3.0,3,10.0,5.0,0.8,0.8,10.0
0.65,4622,154,306,99,0.391304347826087,0.24444444444444444,0.3009118541033435,reported_regularized,3.0,3,10.0,5.0,0.8,0.8,10.0,0.65,"hbase,hector,logback,okhttp,spring-boot,wildfly",5181,undertow,0.3,6,reported_regularized,3.0,3,10.0,5.0,0.8,0.8,10.0
0.7,4646,130,330,75,0.36585365853658536,0.18518518518518517,0.24590163934426226,reported_regularized,3.0,3,10.0,5.0,0.8,0.8,10.0,0.7,"hbase,hector,logback,okhttp,spring-boot,wildfly",5181,undertow,0.3,6,reported_regularized,3.0,3,10.0,5.0,0.8,0.8,10.0
0.75,4675,101,347,58,0.36477987421383645,0.14320987654320988,0.20567375886524825,reported_regularized,3.0,3,10.0,5.0,0.8,0.8,10.0,0.75,"hbase,hector,logback,okhttp,spring-boot,wildfly",5181,undertow,0.3,6,reported_regularized,3.0,3,10.0,5.0,0.8,0.8,10.0
0.8,4697,79,363,42,0.34710743801652894,0.1037037037037037,0.1596958174904943,reported_regularized,3.0,3,10.0,5.0,0.8,0.8,10.0,0.8,"hbase,hector,logback,okhttp,spring-boot,wildfly",5181,undertow,0.3,6,reported_regularized,3.0,3,10.0,5.0,0.8,0.8,10.0
0.85,4738,38,371,34,0.4722222222222222,0.08395061728395062,0.14255765199161427,reported_regularized,3.0,3,10.0,5.0,0.8,0.8,10.0,0.85,"hbase,hector,logback,okhttp,spring-boot,wildfly",5181,undertow,0.3,6,reported_regularized,3.0,3,10.0,5.0,0.8,0.8,10.0
0.9,4758,18,383,22,0.55,0.05432098765432099,0.09887640449438201,reported_regularized,3.0,3,10.0,5.0,0.8,0.8,10.0,0.9,"hbase,hector,logback,okhttp,spring-boot,wildfly",5181,undertow,0.3,6,reported_regularized,3.0,3,10.0,5.0,0.8,0.8,10.0
0.3,4460,316,247,158,0.3333333333333333,0.39012345679012345,0.3594994311717861,shallower_conservative,2.0,2,15.0,5.0,0.8,0.8,10.0,0.3,"hbase,hector,logback,okhttp,spring-boot,wildfly",5181,undertow,0.3,6,reported_regularized,3.0,3,10.0,5.0,0.8,0.8,10.0
0.35,4496,280,252,153,0.3533487297921478,0.37777777777777777,0.3651551312649165,shallower_conservative,2.0,2,15.0,5.0,0.8,0.8,10.0,0.35,"hbase,hector,logback,okhttp,spring-boot,wildfly",5181,undertow,0.3,6,reported_regularized,3.0,3,10.0,5.0,0.8,0.8,10.0
0.4,4524,252,261,144,0.36363636363636365,0.35555555555555557,0.3595505617977528,shallower_conservative,2.0,2,15.0,5.0,0.8,0.8,10.0,0.4,"hbase,hector,logback,okhttp,spring-boot,wildfly",5181,undertow,0.3,6,reported_regularized,3.0,3,10.0,5.0,0.8,0.8,10.0
0.45,4544,232,272,133,0.3643835616438356,0.32839506172839505,0.34545454545454546,shallower_conservative,2.0,2,15.0,5.0,0.8,0.8,10.0,0.45,"hbase,hector,logback,okhttp,spring-boot,wildfly",5181,undertow,0.3,6,reported_regularized,3.0,3,10.0,5.0,0.8,0.8,10.0
0.5,4555,221,282,123,0.35755813953488375,0.3037037037037037,0.32843791722296395,shallower_conservative,2.0,2,15.0,5.0,0.8,0.8,10.0,0.5,"hbase,hector,logback,okhttp,spring-boot,wildfly",5181,undertow,0.3,6,reported_regularized,3.0,3,10.0,5.0,0.8,0.8,10.0
0.55,4571,205,288,117,0.36335403726708076,0.28888888888888886,0.32187070151306735,shallower_conservative,2.0,2,15.0,5.0,0.8,0.8,10.0,0.55,"hbase,hector,logback,okhttp,spring-boot,wildfly",5181,undertow,0.3,6,reported_regularized,3.0,3,10.0,5.0,0.8,0.8,10.0
0.6,4595,181,298,107,0.3715277777777778,0.2641975308641975,0.3088023088023088,shallower_conservative,2.0,2,15.0,5.0,0.8,0.8,10.0,0.6,"hbase,hector,logback,okhttp,spring-boot,wildfly",5181,undertow,0.3,6,reported_regularized,3.0,3,10.0,5.0,0.8,0.8,10.0
0.65,4618,158,306,99,0.3852140077821012,0.24444444444444444,0.2990936555891239,shallower_conservative,2.0,2,15.0,5.0,0.8,0.8,10.0,0.65,"hbase,hector,logback,okhttp,spring-boot,wildfly",5181,undertow,0.3,6,reported_regularized,3.0,3,10.0,5.0,0.8,0.8,10.0
0.7,4637,139,318,87,0.38495575221238937,0.21481481481481482,0.2757527733755943,shallower_conservative,2.0,2,15.0,5.0,0.8,0.8,10.0,0.7,"hbase,hector,logback,okhttp,spring-boot,wildfly",5181,undertow,0.3,6,reported_regularized,3.0,3,10.0,5.0,0.8,0.8,10.0
0.75,4667,109,338,67,0.3806818181818182,0.1654320987654321,0.23063683304647162,shallower_conservative,2.0,2,15.0,5.0,0.8,0.8,10.0,0.75,"hbase,hector,logback,okhttp,spring-boot,wildfly",5181,undertow,0.3,6,reported_regularized,3.0,3,10.0,5.0,0.8,0.8,10.0
0.8,4700,76,344,61,0.44525547445255476,0.1506172839506173,0.22509225092250928,shallower_conservative,2.0,2,15.0,5.0,0.8,0.8,10.0,0.8,"hbase,hector,logback,okhttp,spring-boot,wildfly",5181,undertow,0.3,6,reported_regularized,3.0,3,10.0,5.0,0.8,0.8,10.0
0.85,4728,48,357,48,0.5,0.11851851851851852,0.19161676646706588,shallower_conservative,2.0,2,15.0,5.0,0.8,0.8,10.0,0.85,"hbase,hector,logback,okhttp,spring-boot,wildfly",5181,undertow,0.3,6,reported_regularized,3.0,3,10.0,5.0,0.8,0.8,10.0
0.9,4759,17,373,32,0.6530612244897959,0.07901234567901234,0.1409691629955947,shallower_conservative,2.0,2,15.0,5.0,0.8,0.8,10.0,0.9,"hbase,hector,logback,okhttp,spring-boot,wildfly",5181,undertow,0.3,6,reported_regularized,3.0,3,10.0,5.0,0.8,0.8,10.0
0.3,4433,343,260,145,0.29713114754098363,0.35802469135802467,0.3247480403135498,lower_weight_regularized,2.0,3,10.0,5.0,0.8,0.8,10.0,0.3,"hbase,hector,logback,okhttp,spring-boot,wildfly",5181,undertow,0.3,6,reported_regularized,3.0,3,10.0,5.0,0.8,0.8,10.0
0.35,4478,298,272,133,0.308584686774942,0.32839506172839505,0.3181818181818182,lower_weight_regularized,2.0,3,10.0,5.0,0.8,0.8,10.0,0.35,"hbase,hector,logback,okhttp,spring-boot,wildfly",5181,undertow,0.3,6,reported_regularized,3.0,3,10.0,5.0,0.8,0.8,10.0
0.4,4509,267,279,126,0.32061068702290074,0.3111111111111111,0.3157894736842105,lower_weight_regularized,2.0,3,10.0,5.0,0.8,0.8,10.0,0.4,"hbase,hector,logback,okhttp,spring-boot,wildfly",5181,undertow,0.3,6,reported_regularized,3.0,3,10.0,5.0,0.8,0.8,10.0
0.45,4540,236,282,123,0.3426183844011142,0.3037037037037037,0.3219895287958115,lower_weight_regularized,2.0,3,10.0,5.0,0.8,0.8,10.0,0.45,"hbase,hector,logback,okhttp,spring-boot,wildfly",5181,undertow,0.3,6,reported_regularized,3.0,3,10.0,5.0,0.8,0.8,10.0
0.5,4571,205,288,117,0.36335403726708076,0.28888888888888886,0.32187070151306735,lower_weight_regularized,2.0,3,10.0,5.0,0.8,0.8,10.0,0.5,"hbase,hector,logback,okhttp,spring-boot,wildfly",5181,undertow,0.3,6,reported_regularized,3.0,3,10.0,5.0,0.8,0.8,10.0
0.55,4613,163,294,111,0.4051094890510949,0.2740740740740741,0.3269513991163476,lower_weight_regularized,2.0,3,10.0,5.0,0.8,0.8,10.0,0.55,"hbase,hector,logback,okhttp,spring-boot,wildfly",5181,undertow,0.3,6,reported_regularized,3.0,3,10.0,5.0,0.8,0.8,10.0
0.6,4637,139,301,104,0.4279835390946502,0.25679012345679014,0.3209876543209877,lower_weight_regularized,2.0,3,10.0,5.0,0.8,0.8,10.0,0.6,"hbase,hector,logback,okhttp,spring-boot,wildfly",5181,undertow,0.3,6,reported_regularized,3.0,3,10.0,5.0,0.8,0.8,10.0
0.65,4674,102,305,100,0.49504950495049505,0.24691358024691357,0.3294892915980231,lower_weight_regularized,2.0,3,10.0,5.0,0.8,0.8,10.0,0.65,"hbase,hector,logback,okhttp,spring-boot,wildfly",5181,undertow,0.3,6,reported_regularized,3.0,3,10.0,5.0,0.8,0.8,10.0
0.7,4693,83,326,79,0.4876543209876543,0.19506172839506172,0.2786596119929453,lower_weight_regularized,2.0,3,10.0,5.0,0.8,0.8,10.0,0.7,"hbase,hector,logback,okhttp,spring-boot,wildfly",5181,undertow,0.3,6,reported_regularized,3.0,3,10.0,5.0,0.8,0.8,10.0
0.75,4712,64,350,55,0.46218487394957986,0.13580246913580246,0.2099236641221374,lower_weight_regularized,2.0,3,10.0,5.0,0.8,0.8,10.0,0.75,"hbase,hector,logback,okhttp,spring-boot,wildfly",5181,undertow,0.3,6,reported_regularized,3.0,3,10.0,5.0,0.8,0.8,10.0
0.8,4735,41,366,39,0.4875,0.0962962962962963,0.16082474226804125,lower_weight_regularized,2.0,3,10.0,5.0,0.8,0.8,10.0,0.8,"hbase,hector,logback,okhttp,spring-boot,wildfly",5181,undertow,0.3,6,reported_regularized,3.0,3,10.0,5.0,0.8,0.8,10.0
0.85,4748,28,385,20,0.4166666666666667,0.04938271604938271,0.08830022075055187,lower_weight_regularized,2.0,3,10.0,5.0,0.8,0.8,10.0,0.85,"hbase,hector,logback,okhttp,spring-boot,wildfly",5181,undertow,0.3,6,reported_regularized,3.0,3,10.0,5.0,0.8,0.8,10.0
0.9,4761,15,396,9,0.375,0.022222222222222223,0.04195804195804196,lower_weight_regularized,2.0,3,10.0,5.0,0.8,0.8,10.0,0.9,"hbase,hector,logback,okhttp,spring-boot,wildfly",5181,undertow,0.3,6,reported_regularized,3.0,3,10.0,5.0,0.8,0.8,10.0
0.3,4495,281,263,142,0.33569739952718675,0.3506172839506173,0.34299516908212563,moderate_complexity,3.0,3,5.0,2.0,0.8,0.8,5.0,0.3,"hbase,hector,logback,okhttp,spring-boot,wildfly",5181,undertow,0.3,6,reported_regularized,3.0,3,10.0,5.0,0.8,0.8,10.0
0.35,4520,256,269,136,0.3469387755102041,0.3358024691358025,0.3412797992471769,moderate_complexity,3.0,3,5.0,2.0,0.8,0.8,5.0,0.35,"hbase,hector,logback,okhttp,spring-boot,wildfly",5181,undertow,0.3,6,reported_regularized,3.0,3,10.0,5.0,0.8,0.8,10.0
0.4,4534,242,275,130,0.34946236559139787,0.32098765432098764,0.33462033462033464,moderate_complexity,3.0,3,5.0,2.0,0.8,0.8,5.0,0.4,"hbase,hector,logback,okhttp,spring-boot,wildfly",5181,undertow,0.3,6,reported_regularized,3.0,3,10.0,5.0,0.8,0.8,10.0
0.45,4555,221,284,121,0.3538011695906433,0.29876543209876544,0.3239625167336011,moderate_complexity,3.0,3,5.0,2.0,0.8,0.8,5.0,0.45,"hbase,hector,logback,okhttp,spring-boot,wildfly",5181,undertow,0.3,6,reported_regularized,3.0,3,10.0,5.0,0.8,0.8,10.0
0.5,4572,204,290,115,0.3605015673981191,0.2839506172839506,0.31767955801104975,moderate_complexity,3.0,3,5.0,2.0,0.8,0.8,5.0,0.5,"hbase,hector,logback,okhttp,spring-boot,wildfly",5181,undertow,0.3,6,reported_regularized,3.0,3,10.0,5.0,0.8,0.8,10.0
0.55,4596,180,300,105,0.3684210526315789,0.25925925925925924,0.30434782608695654,moderate_complexity,3.0,3,5.0,2.0,0.8,0.8,5.0,0.55,"hbase,hector,logback,okhttp,spring-boot,wildfly",5181,undertow,0.3,6,reported_regularized,3.0,3,10.0,5.0,0.8,0.8,10.0
0.6,4613,163,313,92,0.3607843137254902,0.2271604938271605,0.2787878787878788,moderate_complexity,3.0,3,5.0,2.0,0.8,0.8,5.0,0.6,"hbase,hector,logback,okhttp,spring-boot,wildfly",5181,undertow,0.3,6,reported_regularized,3.0,3,10.0,5.0,0.8,0.8,10.0
0.65,4637,139,331,74,0.3474178403755869,0.18271604938271604,0.23948220064724918,moderate_complexity,3.0,3,5.0,2.0,0.8,0.8,5.0,0.65,"hbase,hector,logback,okhttp,spring-boot,wildfly",5181,undertow,0.3,6,reported_regularized,3.0,3,10.0,5.0,0.8,0.8,10.0
0.7,4663,113,339,66,0.3687150837988827,0.16296296296296298,0.22602739726027402,moderate_complexity,3.0,3,5.0,2.0,0.8,0.8,5.0,0.7,"hbase,hector,logback,okhttp,spring-boot,wildfly",5181,undertow,0.3,6,reported_regularized,3.0,3,10.0,5.0,0.8,0.8,10.0
0.75,4679,97,345,60,0.3821656050955414,0.14814814814814814,0.21352313167259787,moderate_complexity,3.0,3,5.0,2.0,0.8,0.8,5.0,0.75,"hbase,hector,logback,okhttp,spring-boot,wildfly",5181,undertow,0.3,6,reported_regularized,3.0,3,10.0,5.0,0.8,0.8,10.0
0.8,4703,73,353,52,0.416,0.12839506172839507,0.19622641509433963,moderate_complexity,3.0,3,5.0,2.0,0.8,0.8,5.0,0.8,"hbase,hector,logback,okhttp,spring-boot,wildfly",5181,undertow,0.3,6,reported_regularized,3.0,3,10.0,5.0,0.8,0.8,10.0
0.85,4724,52,360,45,0.4639175257731959,0.1111111111111111,0.17928286852589642,moderate_complexity,3.0,3,5.0,2.0,0.8,0.8,5.0,0.85,"hbase,hector,logback,okhttp,spring-boot,wildfly",5181,undertow,0.3,6,reported_regularized,3.0,3,10.0,5.0,0.8,0.8,10.0
0.9,4751,25,373,32,0.5614035087719298,0.07901234567901234,0.13852813852813853,moderate_complexity,3.0,3,5.0,2.0,0.8,0.8,5.0,0.9,"hbase,hector,logback,okhttp,spring-boot,wildfly",5181,undertow,0.3,6,reported_regularized,3.0,3,10.0,5.0,0.8,0.8,10.0
0.3,4547,229,287,118,0.3400576368876081,0.291358024691358,0.3138297872340426,deeper_regularized,3.0,4,5.0,1.0,0.8,0.8,5.0,0.3,"hbase,hector,logback,okhttp,spring-boot,wildfly",5181,undertow,0.3,6,reported_regularized,3.0,3,10.0,5.0,0.8,0.8,10.0
0.35,4571,205,287,118,0.3653250773993808,0.291358024691358,0.32417582417582413,deeper_regularized,3.0,4,5.0,1.0,0.8,0.8,5.0,0.35,"hbase,hector,logback,okhttp,spring-boot,wildfly",5181,undertow,0.3,6,reported_regularized,3.0,3,10.0,5.0,0.8,0.8,10.0
0.4,4588,188,290,115,0.3795379537953795,0.2839506172839506,0.32485875706214684,deeper_regularized,3.0,4,5.0,1.0,0.8,0.8,5.0,0.4,"hbase,hector,logback,okhttp,spring-boot,wildfly",5181,undertow,0.3,6,reported_regularized,3.0,3,10.0,5.0,0.8,0.8,10.0
0.45,4606,170,295,110,0.39285714285714285,0.2716049382716049,0.3211678832116788,deeper_regularized,3.0,4,5.0,1.0,0.8,0.8,5.0,0.45,"hbase,hector,logback,okhttp,spring-boot,wildfly",5181,undertow,0.3,6,reported_regularized,3.0,3,10.0,5.0,0.8,0.8,10.0
0.5,4619,157,299,106,0.40304182509505704,0.2617283950617284,0.31736526946107785,deeper_regularized,3.0,4,5.0,1.0,0.8,0.8,5.0,0.5,"hbase,hector,logback,okhttp,spring-boot,wildfly",5181,undertow,0.3,6,reported_regularized,3.0,3,10.0,5.0,0.8,0.8,10.0
0.55,4636,140,314,91,0.3939393939393939,0.22469135802469137,0.28616352201257866,deeper_regularized,3.0,4,5.0,1.0,0.8,0.8,5.0,0.55,"hbase,hector,logback,okhttp,spring-boot,wildfly",5181,undertow,0.3,6,reported_regularized,3.0,3,10.0,5.0,0.8,0.8,10.0
0.6,4647,129,329,76,0.37073170731707317,0.18765432098765433,0.24918032786885244,deeper_regularized,3.0,4,5.0,1.0,0.8,0.8,5.0,0.6,"hbase,hector,logback,okhttp,spring-boot,wildfly",5181,undertow,0.3,6,reported_regularized,3.0,3,10.0,5.0,0.8,0.8,10.0
0.65,4660,116,338,67,0.366120218579235,0.1654320987654321,0.22789115646258504,deeper_regularized,3.0,4,5.0,1.0,0.8,0.8,5.0,0.65,"hbase,hector,logback,okhttp,spring-boot,wildfly",5181,undertow,0.3,6,reported_regularized,3.0,3,10.0,5.0,0.8,0.8,10.0
0.7,4673,103,348,57,0.35625,0.14074074074074075,0.20176991150442478,deeper_regularized,3.0,4,5.0,1.0,0.8,0.8,5.0,0.7,"hbase,hector,logback,okhttp,spring-boot,wildfly",5181,undertow,0.3,6,reported_regularized,3.0,3,10.0,5.0,0.8,0.8,10.0
0.75,4682,94,356,49,0.34265734265734266,0.12098765432098765,0.17883211678832117,deeper_regularized,3.0,4,5.0,1.0,0.8,0.8,5.0,0.75,"hbase,hector,logback,okhttp,spring-boot,wildfly",5181,undertow,0.3,6,reported_regularized,3.0,3,10.0,5.0,0.8,0.8,10.0
0.8,4708,68,365,40,0.37037037037037035,0.09876543209876543,0.15594541910331383,deeper_regularized,3.0,4,5.0,1.0,0.8,0.8,5.0,0.8,"hbase,hector,logback,okhttp,spring-boot,wildfly",5181,undertow,0.3,6,reported_regularized,3.0,3,10.0,5.0,0.8,0.8,10.0
0.85,4724,52,378,27,0.34177215189873417,0.06666666666666667,0.1115702479338843,deeper_regularized,3.0,4,5.0,1.0,0.8,0.8,5.0,0.85,"hbase,hector,logback,okhttp,spring-boot,wildfly",5181,undertow,0.3,6,reported_regularized,3.0,3,10.0,5.0,0.8,0.8,10.0
0.9,4757,19,393,12,0.3870967741935484,0.02962962962962963,0.05504587155963303,deeper_regularized,3.0,4,5.0,1.0,0.8,0.8,5.0,0.9,"hbase,hector,logback,okhttp,spring-boot,wildfly",5181,undertow,0.3,6,reported_regularized,3.0,3,10.0,5.0,0.8,0.8,10.0
0.3,4394,36,78,58,0.6170212765957447,0.4264705882352941,0.5043478260869566,reported_regularized,3.0,3,10.0,5.0,0.8,0.8,10.0,0.3,"logback,orbit,spring-boot,undertow,wro4j,zxing",4566,wildfly,0.6,6,shallower_conservative,2.0,2,15.0,5.0,0.8,0.8,10.0
0.35,4401,29,81,55,0.6547619047619048,0.40441176470588236,0.5,reported_regularized,3.0,3,10.0,5.0,0.8,0.8,10.0,0.35,"logback,orbit,spring-boot,undertow,wro4j,zxing",4566,wildfly,0.6,6,shallower_conservative,2.0,2,15.0,5.0,0.8,0.8,10.0
0.4,4404,26,82,54,0.675,0.39705882352941174,0.5,reported_regularized,3.0,3,10.0,5.0,0.8,0.8,10.0,0.4,"logback,orbit,spring-boot,undertow,wro4j,zxing",4566,wildfly,0.6,6,shallower_conservative,2.0,2,15.0,5.0,0.8,0.8,10.0
0.45,4407,23,82,54,0.7012987012987013,0.39705882352941174,0.5070422535211268,reported_regularized,3.0,3,10.0,5.0,0.8,0.8,10.0,0.45,"logback,orbit,spring-boot,undertow,wro4j,zxing",4566,wildfly,0.6,6,shallower_conservative,2.0,2,15.0,5.0,0.8,0.8,10.0
0.5,4410,20,82,54,0.7297297297297297,0.39705882352941174,0.5142857142857142,reported_regularized,3.0,3,10.0,5.0,0.8,0.8,10.0,0.5,"logback,orbit,spring-boot,undertow,wro4j,zxing",4566,wildfly,0.6,6,shallower_conservative,2.0,2,15.0,5.0,0.8,0.8,10.0
0.55,4414,16,83,53,0.7681159420289855,0.3897058823529412,0.5170731707317073,reported_regularized,3.0,3,10.0,5.0,0.8,0.8,10.0,0.55,"logback,orbit,spring-boot,undertow,wro4j,zxing",4566,wildfly,0.6,6,shallower_conservative,2.0,2,15.0,5.0,0.8,0.8,10.0
0.6,4416,14,83,53,0.7910447761194029,0.3897058823529412,0.5221674876847291,reported_regularized,3.0,3,10.0,5.0,0.8,0.8,10.0,0.6,"logback,orbit,spring-boot,undertow,wro4j,zxing",4566,wildfly,0.6,6,shallower_conservative,2.0,2,15.0,5.0,0.8,0.8,10.0
0.65,4424,6,87,49,0.8909090909090909,0.3602941176470588,0.5130890052356021,reported_regularized,3.0,3,10.0,5.0,0.8,0.8,10.0,0.65,"logback,orbit,spring-boot,undertow,wro4j,zxing",4566,wildfly,0.6,6,shallower_conservative,2.0,2,15.0,5.0,0.8,0.8,10.0
0.7,4426,4,88,48,0.9230769230769231,0.35294117647058826,0.5106382978723405,reported_regularized,3.0,3,10.0,5.0,0.8,0.8,10.0,0.7,"logback,orbit,spring-boot,undertow,wro4j,zxing",4566,wildfly,0.6,6,shallower_conservative,2.0,2,15.0,5.0,0.8,0.8,10.0
0.75,4426,4,88,48,0.9230769230769231,0.35294117647058826,0.5106382978723405,reported_regularized,3.0,3,10.0,5.0,0.8,0.8,10.0,0.75,"logback,orbit,spring-boot,undertow,wro4j,zxing",4566,wildfly,0.6,6,shallower_conservative,2.0,2,15.0,5.0,0.8,0.8,10.0
0.8,4427,3,89,47,0.94,0.34558823529411764,0.5053763440860215,reported_regularized,3.0,3,10.0,5.0,0.8,0.8,10.0,0.8,"logback,orbit,spring-boot,undertow,wro4j,zxing",4566,wildfly,0.6,6,shallower_conservative,2.0,2,15.0,5.0,0.8,0.8,10.0
0.85,4427,3,93,43,0.9347826086956522,0.3161764705882353,0.47252747252747257,reported_regularized,3.0,3,10.0,5.0,0.8,0.8,10.0,0.85,"logback,orbit,spring-boot,undertow,wro4j,zxing",4566,wildfly,0.6,6,shallower_conservative,2.0,2,15.0,5.0,0.8,0.8,10.0
0.9,4427,3,95,41,0.9318181818181818,0.3014705882352941,0.45555555555555555,reported_regularized,3.0,3,10.0,5.0,0.8,0.8,10.0,0.9,"logback,orbit,spring-boot,undertow,wro4j,zxing",4566,wildfly,0.6,6,shallower_conservative,2.0,2,15.0,5.0,0.8,0.8,10.0
0.3,4383,47,82,54,0.5346534653465347,0.39705882352941174,0.4556962025316456,shallower_conservative,2.0,2,15.0,5.0,0.8,0.8,10.0,0.3,"logback,orbit,spring-boot,undertow,wro4j,zxing",4566,wildfly,0.6,6,shallower_conservative,2.0,2,15.0,5.0,0.8,0.8,10.0
0.35,4392,38,82,54,0.5869565217391305,0.39705882352941174,0.47368421052631576,shallower_conservative,2.0,2,15.0,5.0,0.8,0.8,10.0,0.35,"logback,orbit,spring-boot,undertow,wro4j,zxing",4566,wildfly,0.6,6,shallower_conservative,2.0,2,15.0,5.0,0.8,0.8,10.0
0.4,4400,30,82,54,0.6428571428571429,0.39705882352941174,0.49090909090909085,shallower_conservative,2.0,2,15.0,5.0,0.8,0.8,10.0,0.4,"logback,orbit,spring-boot,undertow,wro4j,zxing",4566,wildfly,0.6,6,shallower_conservative,2.0,2,15.0,5.0,0.8,0.8,10.0
0.45,4404,26,83,53,0.6708860759493671,0.3897058823529412,0.4930232558139535,shallower_conservative,2.0,2,15.0,5.0,0.8,0.8,10.0,0.45,"logback,orbit,spring-boot,undertow,wro4j,zxing",4566,wildfly,0.6,6,shallower_conservative,2.0,2,15.0,5.0,0.8,0.8,10.0
0.5,4410,20,84,52,0.7222222222222222,0.38235294117647056,0.4999999999999999,shallower_conservative,2.0,2,15.0,5.0,0.8,0.8,10.0,0.5,"logback,orbit,spring-boot,undertow,wro4j,zxing",4566,wildfly,0.6,6,shallower_conservative,2.0,2,15.0,5.0,0.8,0.8,10.0
0.55,4418,12,84,52,0.8125,0.38235294117647056,0.52,shallower_conservative,2.0,2,15.0,5.0,0.8,0.8,10.0,0.55,"logback,orbit,spring-boot,undertow,wro4j,zxing",4566,wildfly,0.6,6,shallower_conservative,2.0,2,15.0,5.0,0.8,0.8,10.0
0.6,4423,7,84,52,0.8813559322033898,0.38235294117647056,0.5333333333333333,shallower_conservative,2.0,2,15.0,5.0,0.8,0.8,10.0,0.6,"logback,orbit,spring-boot,undertow,wro4j,zxing",4566,wildfly,0.6,6,shallower_conservative,2.0,2,15.0,5.0,0.8,0.8,10.0
0.65,4424,6,85,51,0.8947368421052632,0.375,0.5284974093264247,shallower_conservative,2.0,2,15.0,5.0,0.8,0.8,10.0,0.65,"logback,orbit,spring-boot,undertow,wro4j,zxing",4566,wildfly,0.6,6,shallower_conservative,2.0,2,15.0,5.0,0.8,0.8,10.0
0.7,4424,6,86,50,0.8928571428571429,0.36764705882352944,0.5208333333333335,shallower_conservative,2.0,2,15.0,5.0,0.8,0.8,10.0,0.7,"logback,orbit,spring-boot,undertow,wro4j,zxing",4566,wildfly,0.6,6,shallower_conservative,2.0,2,15.0,5.0,0.8,0.8,10.0
0.75,4425,5,89,47,0.9038461538461539,0.34558823529411764,0.5,shallower_conservative,2.0,2,15.0,5.0,0.8,0.8,10.0,0.75,"logback,orbit,spring-boot,undertow,wro4j,zxing",4566,wildfly,0.6,6,shallower_conservative,2.0,2,15.0,5.0,0.8,0.8,10.0
0.8,4426,4,90,46,0.92,0.3382352941176471,0.49462365591397855,shallower_conservative,2.0,2,15.0,5.0,0.8,0.8,10.0,0.8,"logback,orbit,spring-boot,undertow,wro4j,zxing",4566,wildfly,0.6,6,shallower_conservative,2.0,2,15.0,5.0,0.8,0.8,10.0
0.85,4428,2,92,44,0.9565217391304348,0.3235294117647059,0.4835164835164836,shallower_conservative,2.0,2,15.0,5.0,0.8,0.8,10.0,0.85,"logback,orbit,spring-boot,undertow,wro4j,zxing",4566,wildfly,0.6,6,shallower_conservative,2.0,2,15.0,5.0,0.8,0.8,10.0
0.9,4430,0,98,38,1.0,0.27941176470588236,0.4367816091954023,shallower_conservative,2.0,2,15.0,5.0,0.8,0.8,10.0,0.9,"logback,orbit,spring-boot,undertow,wro4j,zxing",4566,wildfly,0.6,6,shallower_conservative,2.0,2,15.0,5.0,0.8,0.8,10.0
0.3,4393,37,82,54,0.5934065934065934,0.39705882352941174,0.47577092511013214,lower_weight_regularized,2.0,3,10.0,5.0,0.8,0.8,10.0,0.3,"logback,orbit,spring-boot,undertow,wro4j,zxing",4566,wildfly,0.6,6,shallower_conservative,2.0,2,15.0,5.0,0.8,0.8,10.0
0.35,4401,29,83,53,0.6463414634146342,0.3897058823529412,0.4862385321100917,lower_weight_regularized,2.0,3,10.0,5.0,0.8,0.8,10.0,0.35,"logback,orbit,spring-boot,undertow,wro4j,zxing",4566,wildfly,0.6,6,shallower_conservative,2.0,2,15.0,5.0,0.8,0.8,10.0
0.4,4404,26,84,52,0.6666666666666666,0.38235294117647056,0.485981308411215,lower_weight_regularized,2.0,3,10.0,5.0,0.8,0.8,10.0,0.4,"logback,orbit,spring-boot,undertow,wro4j,zxing",4566,wildfly,0.6,6,shallower_conservative,2.0,2,15.0,5.0,0.8,0.8,10.0
0.45,4408,22,85,51,0.6986301369863014,0.375,0.48803827751196166,lower_weight_regularized,2.0,3,10.0,5.0,0.8,0.8,10.0,0.45,"logback,orbit,spring-boot,undertow,wro4j,zxing",4566,wildfly,0.6,6,shallower_conservative,2.0,2,15.0,5.0,0.8,0.8,10.0
0.5,4415,15,85,51,0.7727272727272727,0.375,0.504950495049505,lower_weight_regularized,2.0,3,10.0,5.0,0.8,0.8,10.0,0.5,"logback,orbit,spring-boot,undertow,wro4j,zxing",4566,wildfly,0.6,6,shallower_conservative,2.0,2,15.0,5.0,0.8,0.8,10.0
0.55,4417,13,87,49,0.7903225806451613,0.3602941176470588,0.4949494949494949,lower_weight_regularized,2.0,3,10.0,5.0,0.8,0.8,10.0,0.55,"logback,orbit,spring-boot,undertow,wro4j,zxing",4566,wildfly,0.6,6,shallower_conservative,2.0,2,15.0,5.0,0.8,0.8,10.0
0.6,4420,10,87,49,0.8305084745762712,0.3602941176470588,0.5025641025641026,lower_weight_regularized,2.0,3,10.0,5.0,0.8,0.8,10.0,0.6,"logback,orbit,spring-boot,undertow,wro4j,zxing",4566,wildfly,0.6,6,shallower_conservative,2.0,2,15.0,5.0,0.8,0.8,10.0
0.65,4421,9,88,48,0.8421052631578947,0.35294117647058826,0.49740932642487046,lower_weight_regularized,2.0,3,10.0,5.0,0.8,0.8,10.0,0.65,"logback,orbit,spring-boot,undertow,wro4j,zxing",4566,wildfly,0.6,6,shallower_conservative,2.0,2,15.0,5.0,0.8,0.8,10.0
0.7,4421,9,88,48,0.8421052631578947,0.35294117647058826,0.49740932642487046,lower_weight_regularized,2.0,3,10.0,5.0,0.8,0.8,10.0,0.7,"logback,orbit,spring-boot,undertow,wro4j,zxing",4566,wildfly,0.6,6,shallower_conservative,2.0,2,15.0,5.0,0.8,0.8,10.0
0.75,4425,5,90,46,0.9019607843137255,0.3382352941176471,0.4919786096256685,lower_weight_regularized,2.0,3,10.0,5.0,0.8,0.8,10.0,0.75,"logback,orbit,spring-boot,undertow,wro4j,zxing",4566,wildfly,0.6,6,shallower_conservative,2.0,2,15.0,5.0,0.8,0.8,10.0
0.8,4426,4,92,44,0.9166666666666666,0.3235294117647059,0.4782608695652174,lower_weight_regularized,2.0,3,10.0,5.0,0.8,0.8,10.0,0.8,"logback,orbit,spring-boot,undertow,wro4j,zxing",4566,wildfly,0.6,6,shallower_conservative,2.0,2,15.0,5.0,0.8,0.8,10.0
0.85,4426,4,98,38,0.9047619047619048,0.27941176470588236,0.42696629213483145,lower_weight_regularized,2.0,3,10.0,5.0,0.8,0.8,10.0,0.85,"logback,orbit,spring-boot,undertow,wro4j,zxing",4566,wildfly,0.6,6,shallower_conservative,2.0,2,15.0,5.0,0.8,0.8,10.0
0.9,4427,3,103,33,0.9166666666666666,0.2426470588235294,0.38372093023255816,lower_weight_regularized,2.0,3,10.0,5.0,0.8,0.8,10.0,0.9,"logback,orbit,spring-boot,undertow,wro4j,zxing",4566,wildfly,0.6,6,shallower_conservative,2.0,2,15.0,5.0,0.8,0.8,10.0
0.3,4397,33,80,56,0.6292134831460674,0.4117647058823529,0.4977777777777777,moderate_complexity,3.0,3,5.0,2.0,0.8,0.8,5.0,0.3,"logback,orbit,spring-boot,undertow,wro4j,zxing",4566,wildfly,0.6,6,shallower_conservative,2.0,2,15.0,5.0,0.8,0.8,10.0
0.35,4406,24,80,56,0.7,0.4117647058823529,0.5185185185185185,moderate_complexity,3.0,3,5.0,2.0,0.8,0.8,5.0,0.35,"logback,orbit,spring-boot,undertow,wro4j,zxing",4566,wildfly,0.6,6,shallower_conservative,2.0,2,15.0,5.0,0.8,0.8,10.0
0.4,4409,21,80,56,0.7272727272727273,0.4117647058823529,0.5258215962441314,moderate_complexity,3.0,3,5.0,2.0,0.8,0.8,5.0,0.4,"logback,orbit,spring-boot,undertow,wro4j,zxing",4566,wildfly,0.6,6,shallower_conservative,2.0,2,15.0,5.0,0.8,0.8,10.0
0.45,4410,20,82,54,0.7297297297297297,0.39705882352941174,0.5142857142857142,moderate_complexity,3.0,3,5.0,2.0,0.8,0.8,5.0,0.45,"logback,orbit,spring-boot,undertow,wro4j,zxing",4566,wildfly,0.6,6,shallower_conservative,2.0,2,15.0,5.0,0.8,0.8,10.0
0.5,4414,16,84,52,0.7647058823529411,0.38235294117647056,0.5098039215686274,moderate_complexity,3.0,3,5.0,2.0,0.8,0.8,5.0,0.5,"logback,orbit,spring-boot,undertow,wro4j,zxing",4566,wildfly,0.6,6,shallower_conservative,2.0,2,15.0,5.0,0.8,0.8,10.0
0.55,4415,15,85,51,0.7727272727272727,0.375,0.504950495049505,moderate_complexity,3.0,3,5.0,2.0,0.8,0.8,5.0,0.55,"logback,orbit,spring-boot,undertow,wro4j,zxing",4566,wildfly,0.6,6,shallower_conservative,2.0,2,15.0,5.0,0.8,0.8,10.0
0.6,4418,12,87,49,0.8032786885245902,0.3602941176470588,0.4974619289340101,moderate_complexity,3.0,3,5.0,2.0,0.8,0.8,5.0,0.6,"logback,orbit,spring-boot,undertow,wro4j,zxing",4566,wildfly,0.6,6,shallower_conservative,2.0,2,15.0,5.0,0.8,0.8,10.0
0.65,4420,10,91,45,0.8181818181818182,0.33088235294117646,0.4712041884816754,moderate_complexity,3.0,3,5.0,2.0,0.8,0.8,5.0,0.65,"logback,orbit,spring-boot,undertow,wro4j,zxing",4566,wildfly,0.6,6,shallower_conservative,2.0,2,15.0,5.0,0.8,0.8,10.0
0.7,4423,7,91,45,0.8653846153846154,0.33088235294117646,0.4787234042553191,moderate_complexity,3.0,3,5.0,2.0,0.8,0.8,5.0,0.7,"logback,orbit,spring-boot,undertow,wro4j,zxing",4566,wildfly,0.6,6,shallower_conservative,2.0,2,15.0,5.0,0.8,0.8,10.0
0.75,4424,6,92,44,0.88,0.3235294117647059,0.4731182795698925,moderate_complexity,3.0,3,5.0,2.0,0.8,0.8,5.0,0.75,"logback,orbit,spring-boot,undertow,wro4j,zxing",4566,wildfly,0.6,6,shallower_conservative,2.0,2,15.0,5.0,0.8,0.8,10.0
0.8,4425,5,92,44,0.8979591836734694,0.3235294117647059,0.4756756756756757,moderate_complexity,3.0,3,5.0,2.0,0.8,0.8,5.0,0.8,"logback,orbit,spring-boot,undertow,wro4j,zxing",4566,wildfly,0.6,6,shallower_conservative,2.0,2,15.0,5.0,0.8,0.8,10.0
0.85,4426,4,92,44,0.9166666666666666,0.3235294117647059,0.4782608695652174,moderate_complexity,3.0,3,5.0,2.0,0.8,0.8,5.0,0.85,"logback,orbit,spring-boot,undertow,wro4j,zxing",4566,wildfly,0.6,6,shallower_conservative,2.0,2,15.0,5.0,0.8,0.8,10.0
0.9,4427,3,97,39,0.9285714285714286,0.2867647058823529,0.4382022471910112,moderate_complexity,3.0,3,5.0,2.0,0.8,0.8,5.0,0.9,"logback,orbit,spring-boot,undertow,wro4j,zxing",4566,wildfly,0.6,6,shallower_conservative,2.0,2,15.0,5.0,0.8,0.8,10.0
0.3,4405,25,86,50,0.6666666666666666,0.36764705882352944,0.4739336492890996,deeper_regularized,3.0,4,5.0,1.0,0.8,0.8,5.0,0.3,"logback,orbit,spring-boot,undertow,wro4j,zxing",4566,wildfly,0.6,6,shallower_conservative,2.0,2,15.0,5.0,0.8,0.8,10.0
0.35,4410,20,88,48,0.7058823529411765,0.35294117647058826,0.4705882352941177,deeper_regularized,3.0,4,5.0,1.0,0.8,0.8,5.0,0.35,"logback,orbit,spring-boot,undertow,wro4j,zxing",4566,wildfly,0.6,6,shallower_conservative,2.0,2,15.0,5.0,0.8,0.8,10.0
0.4,4415,15,88,48,0.7619047619047619,0.35294117647058826,0.4824120603015075,deeper_regularized,3.0,4,5.0,1.0,0.8,0.8,5.0,0.4,"logback,orbit,spring-boot,undertow,wro4j,zxing",4566,wildfly,0.6,6,shallower_conservative,2.0,2,15.0,5.0,0.8,0.8,10.0
0.45,4418,12,89,47,0.7966101694915254,0.34558823529411764,0.482051282051282,deeper_regularized,3.0,4,5.0,1.0,0.8,0.8,5.0,0.45,"logback,orbit,spring-boot,undertow,wro4j,zxing",4566,wildfly,0.6,6,shallower_conservative,2.0,2,15.0,5.0,0.8,0.8,10.0
0.5,4418,12,89,47,0.7966101694915254,0.34558823529411764,0.482051282051282,deeper_regularized,3.0,4,5.0,1.0,0.8,0.8,5.0,0.5,"logback,orbit,spring-boot,undertow,wro4j,zxing",4566,wildfly,0.6,6,shallower_conservative,2.0,2,15.0,5.0,0.8,0.8,10.0
0.55,4420,10,91,45,0.8181818181818182,0.33088235294117646,0.4712041884816754,deeper_regularized,3.0,4,5.0,1.0,0.8,0.8,5.0,0.55,"logback,orbit,spring-boot,undertow,wro4j,zxing",4566,wildfly,0.6,6,shallower_conservative,2.0,2,15.0,5.0,0.8,0.8,10.0
0.6,4421,9,91,45,0.8333333333333334,0.33088235294117646,0.47368421052631576,deeper_regularized,3.0,4,5.0,1.0,0.8,0.8,5.0,0.6,"logback,orbit,spring-boot,undertow,wro4j,zxing",4566,wildfly,0.6,6,shallower_conservative,2.0,2,15.0,5.0,0.8,0.8,10.0
0.65,4425,5,91,45,0.9,0.33088235294117646,0.48387096774193544,deeper_regularized,3.0,4,5.0,1.0,0.8,0.8,5.0,0.65,"logback,orbit,spring-boot,undertow,wro4j,zxing",4566,wildfly,0.6,6,shallower_conservative,2.0,2,15.0,5.0,0.8,0.8,10.0
0.7,4427,3,92,44,0.9361702127659575,0.3235294117647059,0.48087431693989074,deeper_regularized,3.0,4,5.0,1.0,0.8,0.8,5.0,0.7,"logback,orbit,spring-boot,undertow,wro4j,zxing",4566,wildfly,0.6,6,shallower_conservative,2.0,2,15.0,5.0,0.8,0.8,10.0
0.75,4428,2,96,40,0.9523809523809523,0.29411764705882354,0.449438202247191,deeper_regularized,3.0,4,5.0,1.0,0.8,0.8,5.0,0.75,"logback,orbit,spring-boot,undertow,wro4j,zxing",4566,wildfly,0.6,6,shallower_conservative,2.0,2,15.0,5.0,0.8,0.8,10.0
0.8,4428,2,97,39,0.9512195121951219,0.2867647058823529,0.44067796610169496,deeper_regularized,3.0,4,5.0,1.0,0.8,0.8,5.0,0.8,"logback,orbit,spring-boot,undertow,wro4j,zxing",4566,wildfly,0.6,6,shallower_conservative,2.0,2,15.0,5.0,0.8,0.8,10.0
0.85,4428,2,97,39,0.9512195121951219,0.2867647058823529,0.44067796610169496,deeper_regularized,3.0,4,5.0,1.0,0.8,0.8,5.0,0.85,"logback,orbit,spring-boot,undertow,wro4j,zxing",4566,wildfly,0.6,6,shallower_conservative,2.0,2,15.0,5.0,0.8,0.8,10.0
0.9,4429,1,98,38,0.9743589743589743,0.27941176470588236,0.4342857142857143,deeper_regularized,3.0,4,5.0,1.0,0.8,0.8,5.0,0.9,"logback,orbit,spring-boot,undertow,wro4j,zxing",4566,wildfly,0.6,6,shallower_conservative,2.0,2,15.0,5.0,0.8,0.8,10.0
0.3,4180,102,99,44,0.3013698630136986,0.3076923076923077,0.3044982698961938,reported_regularized,3.0,3,10.0,5.0,0.8,0.8,10.0,0.3,"logback,orbit,spring-boot,undertow,wildfly,zxing",4425,wro4j,0.75,6,deeper_regularized,3.0,4,5.0,1.0,0.8,0.8,5.0
0.35,4208,74,100,43,0.36752136752136755,0.3006993006993007,0.3307692307692308,reported_regularized,3.0,3,10.0,5.0,0.8,0.8,10.0,0.35,"logback,orbit,spring-boot,undertow,wildfly,zxing",4425,wro4j,0.75,6,deeper_regularized,3.0,4,5.0,1.0,0.8,0.8,5.0
0.4,4229,53,100,43,0.4479166666666667,0.3006993006993007,0.35983263598326365,reported_regularized,3.0,3,10.0,5.0,0.8,0.8,10.0,0.4,"logback,orbit,spring-boot,undertow,wildfly,zxing",4425,wro4j,0.75,6,deeper_regularized,3.0,4,5.0,1.0,0.8,0.8,5.0
0.45,4242,40,103,40,0.5,0.27972027972027974,0.35874439461883406,reported_regularized,3.0,3,10.0,5.0,0.8,0.8,10.0,0.45,"logback,orbit,spring-boot,undertow,wildfly,zxing",4425,wro4j,0.75,6,deeper_regularized,3.0,4,5.0,1.0,0.8,0.8,5.0
0.5,4250,32,103,40,0.5555555555555556,0.27972027972027974,0.37209302325581395,reported_regularized,3.0,3,10.0,5.0,0.8,0.8,10.0,0.5,"logback,orbit,spring-boot,undertow,wildfly,zxing",4425,wro4j,0.75,6,deeper_regularized,3.0,4,5.0,1.0,0.8,0.8,5.0
0.55,4256,26,106,37,0.5873015873015873,0.25874125874125875,0.3592233009708738,reported_regularized,3.0,3,10.0,5.0,0.8,0.8,10.0,0.55,"logback,orbit,spring-boot,undertow,wildfly,zxing",4425,wro4j,0.75,6,deeper_regularized,3.0,4,5.0,1.0,0.8,0.8,5.0
0.6,4263,19,107,36,0.6545454545454545,0.2517482517482518,0.3636363636363637,reported_regularized,3.0,3,10.0,5.0,0.8,0.8,10.0,0.6,"logback,orbit,spring-boot,undertow,wildfly,zxing",4425,wro4j,0.75,6,deeper_regularized,3.0,4,5.0,1.0,0.8,0.8,5.0
0.65,4265,17,108,35,0.6730769230769231,0.24475524475524477,0.358974358974359,reported_regularized,3.0,3,10.0,5.0,0.8,0.8,10.0,0.65,"logback,orbit,spring-boot,undertow,wildfly,zxing",4425,wro4j,0.75,6,deeper_regularized,3.0,4,5.0,1.0,0.8,0.8,5.0
0.7,4267,15,108,35,0.7,0.24475524475524477,0.3626943005181347,reported_regularized,3.0,3,10.0,5.0,0.8,0.8,10.0,0.7,"logback,orbit,spring-boot,undertow,wildfly,zxing",4425,wro4j,0.75,6,deeper_regularized,3.0,4,5.0,1.0,0.8,0.8,5.0
0.75,4269,13,108,35,0.7291666666666666,0.24475524475524477,0.36649214659685864,reported_regularized,3.0,3,10.0,5.0,0.8,0.8,10.0,0.75,"logback,orbit,spring-boot,undertow,wildfly,zxing",4425,wro4j,0.75,6,deeper_regularized,3.0,4,5.0,1.0,0.8,0.8,5.0
0.8,4272,10,109,34,0.7727272727272727,0.23776223776223776,0.36363636363636365,reported_regularized,3.0,3,10.0,5.0,0.8,0.8,10.0,0.8,"logback,orbit,spring-boot,undertow,wildfly,zxing",4425,wro4j,0.75,6,deeper_regularized,3.0,4,5.0,1.0,0.8,0.8,5.0
0.85,4274,8,109,34,0.8095238095238095,0.23776223776223776,0.3675675675675676,reported_regularized,3.0,3,10.0,5.0,0.8,0.8,10.0,0.85,"logback,orbit,spring-boot,undertow,wildfly,zxing",4425,wro4j,0.75,6,deeper_regularized,3.0,4,5.0,1.0,0.8,0.8,5.0
0.9,4276,6,109,34,0.85,0.23776223776223776,0.3715846994535519,reported_regularized,3.0,3,10.0,5.0,0.8,0.8,10.0,0.9,"logback,orbit,spring-boot,undertow,wildfly,zxing",4425,wro4j,0.75,6,deeper_regularized,3.0,4,5.0,1.0,0.8,0.8,5.0
0.3,4142,140,99,44,0.2391304347826087,0.3076923076923077,0.26911314984709483,shallower_conservative,2.0,2,15.0,5.0,0.8,0.8,10.0,0.3,"logback,orbit,spring-boot,undertow,wildfly,zxing",4425,wro4j,0.75,6,deeper_regularized,3.0,4,5.0,1.0,0.8,0.8,5.0
0.35,4174,108,100,43,0.2847682119205298,0.3006993006993007,0.2925170068027211,shallower_conservative,2.0,2,15.0,5.0,0.8,0.8,10.0,0.35,"logback,orbit,spring-boot,undertow,wildfly,zxing",4425,wro4j,0.75,6,deeper_regularized,3.0,4,5.0,1.0,0.8,0.8,5.0
0.4,4195,87,101,42,0.32558139534883723,0.2937062937062937,0.3088235294117647,shallower_conservative,2.0,2,15.0,5.0,0.8,0.8,10.0,0.4,"logback,orbit,spring-boot,undertow,wildfly,zxing",4425,wro4j,0.75,6,deeper_regularized,3.0,4,5.0,1.0,0.8,0.8,5.0
0.45,4213,69,104,39,0.3611111111111111,0.2727272727272727,0.31075697211155373,shallower_conservative,2.0,2,15.0,5.0,0.8,0.8,10.0,0.45,"logback,orbit,spring-boot,undertow,wildfly,zxing",4425,wro4j,0.75,6,deeper_regularized,3.0,4,5.0,1.0,0.8,0.8,5.0
0.5,4228,54,104,39,0.41935483870967744,0.2727272727272727,0.33050847457627114,shallower_conservative,2.0,2,15.0,5.0,0.8,0.8,10.0,0.5,"logback,orbit,spring-boot,undertow,wildfly,zxing",4425,wro4j,0.75,6,deeper_regularized,3.0,4,5.0,1.0,0.8,0.8,5.0
0.55,4239,43,106,37,0.4625,0.25874125874125875,0.33183856502242154,shallower_conservative,2.0,2,15.0,5.0,0.8,0.8,10.0,0.55,"logback,orbit,spring-boot,undertow,wildfly,zxing",4425,wro4j,0.75,6,deeper_regularized,3.0,4,5.0,1.0,0.8,0.8,5.0
0.6,4246,36,106,37,0.5068493150684932,0.25874125874125875,0.34259259259259256,shallower_conservative,2.0,2,15.0,5.0,0.8,0.8,10.0,0.6,"logback,orbit,spring-boot,undertow,wildfly,zxing",4425,wro4j,0.75,6,deeper_regularized,3.0,4,5.0,1.0,0.8,0.8,5.0
0.65,4251,31,106,37,0.5441176470588235,0.25874125874125875,0.35071090047393366,shallower_conservative,2.0,2,15.0,5.0,0.8,0.8,10.0,0.65,"logback,orbit,spring-boot,undertow,wildfly,zxing",4425,wro4j,0.75,6,deeper_regularized,3.0,4,5.0,1.0,0.8,0.8,5.0
0.7,4258,24,106,37,0.6065573770491803,0.25874125874125875,0.3627450980392157,shallower_conservative,2.0,2,15.0,5.0,0.8,0.8,10.0,0.7,"logback,orbit,spring-boot,undertow,wildfly,zxing",4425,wro4j,0.75,6,deeper_regularized,3.0,4,5.0,1.0,0.8,0.8,5.0
0.75,4263,19,106,37,0.6607142857142857,0.25874125874125875,0.37185929648241206,shallower_conservative,2.0,2,15.0,5.0,0.8,0.8,10.0,0.75,"logback,orbit,spring-boot,undertow,wildfly,zxing",4425,wro4j,0.75,6,deeper_regularized,3.0,4,5.0,1.0,0.8,0.8,5.0
0.8,4267,15,107,36,0.7058823529411765,0.2517482517482518,0.37113402061855677,shallower_conservative,2.0,2,15.0,5.0,0.8,0.8,10.0,0.8,"logback,orbit,spring-boot,undertow,wildfly,zxing",4425,wro4j,0.75,6,deeper_regularized,3.0,4,5.0,1.0,0.8,0.8,5.0
0.85,4269,13,111,32,0.7111111111111111,0.22377622377622378,0.3404255319148936,shallower_conservative,2.0,2,15.0,5.0,0.8,0.8,10.0,0.85,"logback,orbit,spring-boot,undertow,wildfly,zxing",4425,wro4j,0.75,6,deeper_regularized,3.0,4,5.0,1.0,0.8,0.8,5.0
0.9,4272,10,119,24,0.7058823529411765,0.16783216783216784,0.2711864406779661,shallower_conservative,2.0,2,15.0,5.0,0.8,0.8,10.0,0.9,"logback,orbit,spring-boot,undertow,wildfly,zxing",4425,wro4j,0.75,6,deeper_regularized,3.0,4,5.0,1.0,0.8,0.8,5.0
0.3,4166,116,99,44,0.275,0.3076923076923077,0.29042904290429045,lower_weight_regularized,2.0,3,10.0,5.0,0.8,0.8,10.0,0.3,"logback,orbit,spring-boot,undertow,wildfly,zxing",4425,wro4j,0.75,6,deeper_regularized,3.0,4,5.0,1.0,0.8,0.8,5.0
0.35,4194,88,99,44,0.3333333333333333,0.3076923076923077,0.32,lower_weight_regularized,2.0,3,10.0,5.0,0.8,0.8,10.0,0.35,"logback,orbit,spring-boot,undertow,wildfly,zxing",4425,wro4j,0.75,6,deeper_regularized,3.0,4,5.0,1.0,0.8,0.8,5.0
0.4,4215,67,101,42,0.3853211009174312,0.2937062937062937,0.33333333333333337,lower_weight_regularized,2.0,3,10.0,5.0,0.8,0.8,10.0,0.4,"logback,orbit,spring-boot,undertow,wildfly,zxing",4425,wro4j,0.75,6,deeper_regularized,3.0,4,5.0,1.0,0.8,0.8,5.0
0.45,4224,58,102,41,0.41414141414141414,0.2867132867132867,0.3388429752066116,lower_weight_regularized,2.0,3,10.0,5.0,0.8,0.8,10.0,0.45,"logback,orbit,spring-boot,undertow,wildfly,zxing",4425,wro4j,0.75,6,deeper_regularized,3.0,4,5.0,1.0,0.8,0.8,5.0
0.5,4232,50,103,40,0.4444444444444444,0.27972027972027974,0.34334763948497854,lower_weight_regularized,2.0,3,10.0,5.0,0.8,0.8,10.0,0.5,"logback,orbit,spring-boot,undertow,wildfly,zxing",4425,wro4j,0.75,6,deeper_regularized,3.0,4,5.0,1.0,0.8,0.8,5.0
0.55,4241,41,104,39,0.4875,0.2727272727272727,0.3497757847533632,lower_weight_regularized,2.0,3,10.0,5.0,0.8,0.8,10.0,0.55,"logback,orbit,spring-boot,undertow,wildfly,zxing",4425,wro4j,0.75,6,deeper_regularized,3.0,4,5.0,1.0,0.8,0.8,5.0
0.6,4251,31,105,38,0.5507246376811594,0.26573426573426573,0.3584905660377358,lower_weight_regularized,2.0,3,10.0,5.0,0.8,0.8,10.0,0.6,"logback,orbit,spring-boot,undertow,wildfly,zxing",4425,wro4j,0.75,6,deeper_regularized,3.0,4,5.0,1.0,0.8,0.8,5.0
0.65,4257,25,105,38,0.6031746031746031,0.26573426573426573,0.3689320388349514,lower_weight_regularized,2.0,3,10.0,5.0,0.8,0.8,10.0,0.65,"logback,orbit,spring-boot,undertow,wildfly,zxing",4425,wro4j,0.75,6,deeper_regularized,3.0,4,5.0,1.0,0.8,0.8,5.0
0.7,4264,18,105,38,0.6785714285714286,0.26573426573426573,0.38190954773869346,lower_weight_regularized,2.0,3,10.0,5.0,0.8,0.8,10.0,0.7,"logback,orbit,spring-boot,undertow,wildfly,zxing",4425,wro4j,0.75,6,deeper_regularized,3.0,4,5.0,1.0,0.8,0.8,5.0
0.75,4269,13,106,37,0.74,0.25874125874125875,0.38341968911917096,lower_weight_regularized,2.0,3,10.0,5.0,0.8,0.8,10.0,0.75,"logback,orbit,spring-boot,undertow,wildfly,zxing",4425,wro4j,0.75,6,deeper_regularized,3.0,4,5.0,1.0,0.8,0.8,5.0
0.8,4271,11,108,35,0.7608695652173914,0.24475524475524477,0.3703703703703704,lower_weight_regularized,2.0,3,10.0,5.0,0.8,0.8,10.0,0.8,"logback,orbit,spring-boot,undertow,wildfly,zxing",4425,wro4j,0.75,6,deeper_regularized,3.0,4,5.0,1.0,0.8,0.8,5.0
0.85,4274,8,109,34,0.8095238095238095,0.23776223776223776,0.3675675675675676,lower_weight_regularized,2.0,3,10.0,5.0,0.8,0.8,10.0,0.85,"logback,orbit,spring-boot,undertow,wildfly,zxing",4425,wro4j,0.75,6,deeper_regularized,3.0,4,5.0,1.0,0.8,0.8,5.0
0.9,4275,7,111,32,0.8205128205128205,0.22377622377622378,0.3516483516483517,lower_weight_regularized,2.0,3,10.0,5.0,0.8,0.8,10.0,0.9,"logback,orbit,spring-boot,undertow,wildfly,zxing",4425,wro4j,0.75,6,deeper_regularized,3.0,4,5.0,1.0,0.8,0.8,5.0
0.3,4139,143,102,41,0.22282608695652173,0.2867132867132867,0.2507645259938838,moderate_complexity,3.0,3,5.0,2.0,0.8,0.8,5.0,0.3,"logback,orbit,spring-boot,undertow,wildfly,zxing",4425,wro4j,0.75,6,deeper_regularized,3.0,4,5.0,1.0,0.8,0.8,5.0
0.35,4166,116,103,40,0.2564102564102564,0.27972027972027974,0.26755852842809363,moderate_complexity,3.0,3,5.0,2.0,0.8,0.8,5.0,0.35,"logback,orbit,spring-boot,undertow,wildfly,zxing",4425,wro4j,0.75,6,deeper_regularized,3.0,4,5.0,1.0,0.8,0.8,5.0
0.4,4186,96,106,37,0.2781954887218045,0.25874125874125875,0.2681159420289855,moderate_complexity,3.0,3,5.0,2.0,0.8,0.8,5.0,0.4,"logback,orbit,spring-boot,undertow,wildfly,zxing",4425,wro4j,0.75,6,deeper_regularized,3.0,4,5.0,1.0,0.8,0.8,5.0
0.45,4202,80,106,37,0.3162393162393162,0.25874125874125875,0.2846153846153846,moderate_complexity,3.0,3,5.0,2.0,0.8,0.8,5.0,0.45,"logback,orbit,spring-boot,undertow,wildfly,zxing",4425,wro4j,0.75,6,deeper_regularized,3.0,4,5.0,1.0,0.8,0.8,5.0
0.5,4216,66,106,37,0.3592233009708738,0.25874125874125875,0.30081300813008127,moderate_complexity,3.0,3,5.0,2.0,0.8,0.8,5.0,0.5,"logback,orbit,spring-boot,undertow,wildfly,zxing",4425,wro4j,0.75,6,deeper_regularized,3.0,4,5.0,1.0,0.8,0.8,5.0
0.55,4227,55,107,36,0.3956043956043956,0.2517482517482518,0.3076923076923077,moderate_complexity,3.0,3,5.0,2.0,0.8,0.8,5.0,0.55,"logback,orbit,spring-boot,undertow,wildfly,zxing",4425,wro4j,0.75,6,deeper_regularized,3.0,4,5.0,1.0,0.8,0.8,5.0
0.6,4234,48,107,36,0.42857142857142855,0.2517482517482518,0.3171806167400882,moderate_complexity,3.0,3,5.0,2.0,0.8,0.8,5.0,0.6,"logback,orbit,spring-boot,undertow,wildfly,zxing",4425,wro4j,0.75,6,deeper_regularized,3.0,4,5.0,1.0,0.8,0.8,5.0
0.65,4241,41,108,35,0.4605263157894737,0.24475524475524477,0.319634703196347,moderate_complexity,3.0,3,5.0,2.0,0.8,0.8,5.0,0.65,"logback,orbit,spring-boot,undertow,wildfly,zxing",4425,wro4j,0.75,6,deeper_regularized,3.0,4,5.0,1.0,0.8,0.8,5.0
0.7,4251,31,108,35,0.5303030303030303,0.24475524475524477,0.33492822966507174,moderate_complexity,3.0,3,5.0,2.0,0.8,0.8,5.0,0.7,"logback,orbit,spring-boot,undertow,wildfly,zxing",4425,wro4j,0.75,6,deeper_regularized,3.0,4,5.0,1.0,0.8,0.8,5.0
0.75,4258,24,108,35,0.5932203389830508,0.24475524475524477,0.34653465346534656,moderate_complexity,3.0,3,5.0,2.0,0.8,0.8,5.0,0.75,"logback,orbit,spring-boot,undertow,wildfly,zxing",4425,wro4j,0.75,6,deeper_regularized,3.0,4,5.0,1.0,0.8,0.8,5.0
0.8,4261,21,108,35,0.625,0.24475524475524477,0.3517587939698492,moderate_complexity,3.0,3,5.0,2.0,0.8,0.8,5.0,0.8,"logback,orbit,spring-boot,undertow,wildfly,zxing",4425,wro4j,0.75,6,deeper_regularized,3.0,4,5.0,1.0,0.8,0.8,5.0
0.85,4268,14,110,33,0.7021276595744681,0.23076923076923078,0.3473684210526316,moderate_complexity,3.0,3,5.0,2.0,0.8,0.8,5.0,0.85,"logback,orbit,spring-boot,undertow,wildfly,zxing",4425,wro4j,0.75,6,deeper_regularized,3.0,4,5.0,1.0,0.8,0.8,5.0
0.9,4272,10,114,29,0.7435897435897436,0.20279720279720279,0.31868131868131866,moderate_complexity,3.0,3,5.0,2.0,0.8,0.8,5.0,0.9,"logback,orbit,spring-boot,undertow,wildfly,zxing",4425,wro4j,0.75,6,deeper_regularized,3.0,4,5.0,1.0,0.8,0.8,5.0
0.3,4150,132,99,44,0.25,0.3076923076923077,0.27586206896551724,deeper_regularized,3.0,4,5.0,1.0,0.8,0.8,5.0,0.3,"logback,orbit,spring-boot,undertow,wildfly,zxing",4425,wro4j,0.75,6,deeper_regularized,3.0,4,5.0,1.0,0.8,0.8,5.0
0.35,4174,108,100,43,0.2847682119205298,0.3006993006993007,0.2925170068027211,deeper_regularized,3.0,4,5.0,1.0,0.8,0.8,5.0,0.35,"logback,orbit,spring-boot,undertow,wildfly,zxing",4425,wro4j,0.75,6,deeper_regularized,3.0,4,5.0,1.0,0.8,0.8,5.0
0.4,4200,82,102,41,0.3333333333333333,0.2867132867132867,0.3082706766917293,deeper_regularized,3.0,4,5.0,1.0,0.8,0.8,5.0,0.4,"logback,orbit,spring-boot,undertow,wildfly,zxing",4425,wro4j,0.75,6,deeper_regularized,3.0,4,5.0,1.0,0.8,0.8,5.0
0.45,4212,70,102,41,0.36936936936936937,0.2867132867132867,0.3228346456692914,deeper_regularized,3.0,4,5.0,1.0,0.8,0.8,5.0,0.45,"logback,orbit,spring-boot,undertow,wildfly,zxing",4425,wro4j,0.75,6,deeper_regularized,3.0,4,5.0,1.0,0.8,0.8,5.0
0.5,4224,58,103,40,0.40816326530612246,0.27972027972027974,0.33195020746887965,deeper_regularized,3.0,4,5.0,1.0,0.8,0.8,5.0,0.5,"logback,orbit,spring-boot,undertow,wildfly,zxing",4425,wro4j,0.75,6,deeper_regularized,3.0,4,5.0,1.0,0.8,0.8,5.0
0.55,4233,49,103,40,0.449438202247191,0.27972027972027974,0.3448275862068966,deeper_regularized,3.0,4,5.0,1.0,0.8,0.8,5.0,0.55,"logback,orbit,spring-boot,undertow,wildfly,zxing",4425,wro4j,0.75,6,deeper_regularized,3.0,4,5.0,1.0,0.8,0.8,5.0
0.6,4243,39,103,40,0.5063291139240507,0.27972027972027974,0.3603603603603604,deeper_regularized,3.0,4,5.0,1.0,0.8,0.8,5.0,0.6,"logback,orbit,spring-boot,undertow,wildfly,zxing",4425,wro4j,0.75,6,deeper_regularized,3.0,4,5.0,1.0,0.8,0.8,5.0
0.65,4247,35,103,40,0.5333333333333333,0.27972027972027974,0.3669724770642202,deeper_regularized,3.0,4,5.0,1.0,0.8,0.8,5.0,0.65,"logback,orbit,spring-boot,undertow,wildfly,zxing",4425,wro4j,0.75,6,deeper_regularized,3.0,4,5.0,1.0,0.8,0.8,5.0
0.7,4257,25,103,40,0.6153846153846154,0.27972027972027974,0.38461538461538464,deeper_regularized,3.0,4,5.0,1.0,0.8,0.8,5.0,0.7,"logback,orbit,spring-boot,undertow,wildfly,zxing",4425,wro4j,0.75,6,deeper_regularized,3.0,4,5.0,1.0,0.8,0.8,5.0
0.75,4263,19,104,39,0.6724137931034483,0.2727272727272727,0.38805970149253727,deeper_regularized,3.0,4,5.0,1.0,0.8,0.8,5.0,0.75,"logback,orbit,spring-boot,undertow,wildfly,zxing",4425,wro4j,0.75,6,deeper_regularized,3.0,4,5.0,1.0,0.8,0.8,5.0
0.8,4266,16,108,35,0.6862745098039216,0.24475524475524477,0.36082474226804123,deeper_regularized,3.0,4,5.0,1.0,0.8,0.8,5.0,0.8,"logback,orbit,spring-boot,undertow,wildfly,zxing",4425,wro4j,0.75,6,deeper_regularized,3.0,4,5.0,1.0,0.8,0.8,5.0
0.85,4271,11,109,34,0.7555555555555555,0.23776223776223776,0.36170212765957444,deeper_regularized,3.0,4,5.0,1.0,0.8,0.8,5.0,0.85,"logback,orbit,spring-boot,undertow,wildfly,zxing",4425,wro4j,0.75,6,deeper_regularized,3.0,4,5.0,1.0,0.8,0.8,5.0
0.9,4272,10,113,30,0.75,0.2097902097902098,0.32786885245901637,deeper_regularized,3.0,4,5.0,1.0,0.8,0.8,5.0,0.9,"logback,orbit,spring-boot,undertow,wildfly,zxing",4425,wro4j,0.75,6,deeper_regularized,3.0,4,5.0,1.0,0.8,0.8,5.0
0.3,5014,43,97,60,0.5825242718446602,0.3821656050955414,0.46153846153846156,reported_regularized,3.0,3,10.0,5.0,0.8,0.8,10.0,0.3,"logback,orbit,spring-boot,undertow,wildfly,wro4j",5214,zxing,0.55,6,lower_weight_regularized,2.0,3,10.0,5.0,0.8,0.8,10.0
0.35,5027,30,99,58,0.6590909090909091,0.36942675159235666,0.473469387755102,reported_regularized,3.0,3,10.0,5.0,0.8,0.8,10.0,0.35,"logback,orbit,spring-boot,undertow,wildfly,wro4j",5214,zxing,0.55,6,lower_weight_regularized,2.0,3,10.0,5.0,0.8,0.8,10.0
0.4,5034,23,100,57,0.7125,0.3630573248407643,0.4810126582278481,reported_regularized,3.0,3,10.0,5.0,0.8,0.8,10.0,0.4,"logback,orbit,spring-boot,undertow,wildfly,wro4j",5214,zxing,0.55,6,lower_weight_regularized,2.0,3,10.0,5.0,0.8,0.8,10.0
0.45,5038,19,102,55,0.7432432432432432,0.3503184713375796,0.47619047619047616,reported_regularized,3.0,3,10.0,5.0,0.8,0.8,10.0,0.45,"logback,orbit,spring-boot,undertow,wildfly,wro4j",5214,zxing,0.55,6,lower_weight_regularized,2.0,3,10.0,5.0,0.8,0.8,10.0
0.5,5044,13,104,53,0.803030303030303,0.3375796178343949,0.4753363228699551,reported_regularized,3.0,3,10.0,5.0,0.8,0.8,10.0,0.5,"logback,orbit,spring-boot,undertow,wildfly,wro4j",5214,zxing,0.55,6,lower_weight_regularized,2.0,3,10.0,5.0,0.8,0.8,10.0
0.55,5046,11,104,53,0.828125,0.3375796178343949,0.4796380090497738,reported_regularized,3.0,3,10.0,5.0,0.8,0.8,10.0,0.55,"logback,orbit,spring-boot,undertow,wildfly,wro4j",5214,zxing,0.55,6,lower_weight_regularized,2.0,3,10.0,5.0,0.8,0.8,10.0
0.6,5047,10,104,53,0.8412698412698413,0.3375796178343949,0.48181818181818176,reported_regularized,3.0,3,10.0,5.0,0.8,0.8,10.0,0.6,"logback,orbit,spring-boot,undertow,wildfly,wro4j",5214,zxing,0.55,6,lower_weight_regularized,2.0,3,10.0,5.0,0.8,0.8,10.0
0.65,5049,8,106,51,0.864406779661017,0.3248407643312102,0.4722222222222222,reported_regularized,3.0,3,10.0,5.0,0.8,0.8,10.0,0.65,"logback,orbit,spring-boot,undertow,wildfly,wro4j",5214,zxing,0.55,6,lower_weight_regularized,2.0,3,10.0,5.0,0.8,0.8,10.0
0.7,5050,7,106,51,0.8793103448275862,0.3248407643312102,0.4744186046511627,reported_regularized,3.0,3,10.0,5.0,0.8,0.8,10.0,0.7,"logback,orbit,spring-boot,undertow,wildfly,wro4j",5214,zxing,0.55,6,lower_weight_regularized,2.0,3,10.0,5.0,0.8,0.8,10.0
0.75,5050,7,106,51,0.8793103448275862,0.3248407643312102,0.4744186046511627,reported_regularized,3.0,3,10.0,5.0,0.8,0.8,10.0,0.75,"logback,orbit,spring-boot,undertow,wildfly,wro4j",5214,zxing,0.55,6,lower_weight_regularized,2.0,3,10.0,5.0,0.8,0.8,10.0
0.8,5050,7,107,50,0.8771929824561403,0.3184713375796178,0.46728971962616817,reported_regularized,3.0,3,10.0,5.0,0.8,0.8,10.0,0.8,"logback,orbit,spring-boot,undertow,wildfly,wro4j",5214,zxing,0.55,6,lower_weight_regularized,2.0,3,10.0,5.0,0.8,0.8,10.0
0.85,5051,6,111,46,0.8846153846153846,0.2929936305732484,0.4401913875598086,reported_regularized,3.0,3,10.0,5.0,0.8,0.8,10.0,0.85,"logback,orbit,spring-boot,undertow,wildfly,wro4j",5214,zxing,0.55,6,lower_weight_regularized,2.0,3,10.0,5.0,0.8,0.8,10.0
0.9,5052,5,116,41,0.8913043478260869,0.2611464968152866,0.4039408866995074,reported_regularized,3.0,3,10.0,5.0,0.8,0.8,10.0,0.9,"logback,orbit,spring-boot,undertow,wildfly,wro4j",5214,zxing,0.55,6,lower_weight_regularized,2.0,3,10.0,5.0,0.8,0.8,10.0
0.3,5011,46,98,59,0.5619047619047619,0.37579617834394907,0.450381679389313,shallower_conservative,2.0,2,15.0,5.0,0.8,0.8,10.0,0.3,"logback,orbit,spring-boot,undertow,wildfly,wro4j",5214,zxing,0.55,6,lower_weight_regularized,2.0,3,10.0,5.0,0.8,0.8,10.0
0.35,5020,37,98,59,0.6145833333333334,0.37579617834394907,0.466403162055336,shallower_conservative,2.0,2,15.0,5.0,0.8,0.8,10.0,0.35,"logback,orbit,spring-boot,undertow,wildfly,wro4j",5214,zxing,0.55,6,lower_weight_regularized,2.0,3,10.0,5.0,0.8,0.8,10.0
0.4,5029,28,98,59,0.6781609195402298,0.37579617834394907,0.48360655737704916,shallower_conservative,2.0,2,15.0,5.0,0.8,0.8,10.0,0.4,"logback,orbit,spring-boot,undertow,wildfly,wro4j",5214,zxing,0.55,6,lower_weight_regularized,2.0,3,10.0,5.0,0.8,0.8,10.0
0.45,5035,22,100,57,0.7215189873417721,0.3630573248407643,0.48305084745762705,shallower_conservative,2.0,2,15.0,5.0,0.8,0.8,10.0,0.45,"logback,orbit,spring-boot,undertow,wildfly,wro4j",5214,zxing,0.55,6,lower_weight_regularized,2.0,3,10.0,5.0,0.8,0.8,10.0
0.5,5044,13,102,55,0.8088235294117647,0.3503184713375796,0.4888888888888889,shallower_conservative,2.0,2,15.0,5.0,0.8,0.8,10.0,0.5,"logback,orbit,spring-boot,undertow,wildfly,wro4j",5214,zxing,0.55,6,lower_weight_regularized,2.0,3,10.0,5.0,0.8,0.8,10.0
0.55,5046,11,103,54,0.8307692307692308,0.34394904458598724,0.48648648648648646,shallower_conservative,2.0,2,15.0,5.0,0.8,0.8,10.0,0.55,"logback,orbit,spring-boot,undertow,wildfly,wro4j",5214,zxing,0.55,6,lower_weight_regularized,2.0,3,10.0,5.0,0.8,0.8,10.0
0.6,5047,10,104,53,0.8412698412698413,0.3375796178343949,0.48181818181818176,shallower_conservative,2.0,2,15.0,5.0,0.8,0.8,10.0,0.6,"logback,orbit,spring-boot,undertow,wildfly,wro4j",5214,zxing,0.55,6,lower_weight_regularized,2.0,3,10.0,5.0,0.8,0.8,10.0
0.65,5048,9,107,50,0.847457627118644,0.3184713375796178,0.4629629629629629,shallower_conservative,2.0,2,15.0,5.0,0.8,0.8,10.0,0.65,"logback,orbit,spring-boot,undertow,wildfly,wro4j",5214,zxing,0.55,6,lower_weight_regularized,2.0,3,10.0,5.0,0.8,0.8,10.0
0.7,5052,5,109,48,0.9056603773584906,0.3057324840764331,0.45714285714285713,shallower_conservative,2.0,2,15.0,5.0,0.8,0.8,10.0,0.7,"logback,orbit,spring-boot,undertow,wildfly,wro4j",5214,zxing,0.55,6,lower_weight_regularized,2.0,3,10.0,5.0,0.8,0.8,10.0
0.75,5052,5,112,45,0.9,0.28662420382165604,0.43478260869565216,shallower_conservative,2.0,2,15.0,5.0,0.8,0.8,10.0,0.75,"logback,orbit,spring-boot,undertow,wildfly,wro4j",5214,zxing,0.55,6,lower_weight_regularized,2.0,3,10.0,5.0,0.8,0.8,10.0
0.8,5052,5,112,45,0.9,0.28662420382165604,0.43478260869565216,shallower_conservative,2.0,2,15.0,5.0,0.8,0.8,10.0,0.8,"logback,orbit,spring-boot,undertow,wildfly,wro4j",5214,zxing,0.55,6,lower_weight_regularized,2.0,3,10.0,5.0,0.8,0.8,10.0
0.85,5052,5,116,41,0.8913043478260869,0.2611464968152866,0.4039408866995074,shallower_conservative,2.0,2,15.0,5.0,0.8,0.8,10.0,0.85,"logback,orbit,spring-boot,undertow,wildfly,wro4j",5214,zxing,0.55,6,lower_weight_regularized,2.0,3,10.0,5.0,0.8,0.8,10.0
0.9,5053,4,130,27,0.8709677419354839,0.17197452229299362,0.28723404255319146,shallower_conservative,2.0,2,15.0,5.0,0.8,0.8,10.0,0.9,"logback,orbit,spring-boot,undertow,wildfly,wro4j",5214,zxing,0.55,6,lower_weight_regularized,2.0,3,10.0,5.0,0.8,0.8,10.0
0.3,5024,33,101,56,0.6292134831460674,0.35668789808917195,0.45528455284552843,lower_weight_regularized,2.0,3,10.0,5.0,0.8,0.8,10.0,0.3,"logback,orbit,spring-boot,undertow,wildfly,wro4j",5214,zxing,0.55,6,lower_weight_regularized,2.0,3,10.0,5.0,0.8,0.8,10.0
0.35,5034,23,103,54,0.7012987012987013,0.34394904458598724,0.46153846153846156,lower_weight_regularized,2.0,3,10.0,5.0,0.8,0.8,10.0,0.35,"logback,orbit,spring-boot,undertow,wildfly,wro4j",5214,zxing,0.55,6,lower_weight_regularized,2.0,3,10.0,5.0,0.8,0.8,10.0
0.4,5041,16,103,54,0.7714285714285715,0.34394904458598724,0.4757709251101321,lower_weight_regularized,2.0,3,10.0,5.0,0.8,0.8,10.0,0.4,"logback,orbit,spring-boot,undertow,wildfly,wro4j",5214,zxing,0.55,6,lower_weight_regularized,2.0,3,10.0,5.0,0.8,0.8,10.0
0.45,5046,11,103,54,0.8307692307692308,0.34394904458598724,0.48648648648648646,lower_weight_regularized,2.0,3,10.0,5.0,0.8,0.8,10.0,0.45,"logback,orbit,spring-boot,undertow,wildfly,wro4j",5214,zxing,0.55,6,lower_weight_regularized,2.0,3,10.0,5.0,0.8,0.8,10.0
0.5,5049,8,103,54,0.8709677419354839,0.34394904458598724,0.4931506849315068,lower_weight_regularized,2.0,3,10.0,5.0,0.8,0.8,10.0,0.5,"logback,orbit,spring-boot,undertow,wildfly,wro4j",5214,zxing,0.55,6,lower_weight_regularized,2.0,3,10.0,5.0,0.8,0.8,10.0
0.55,5049,8,103,54,0.8709677419354839,0.34394904458598724,0.4931506849315068,lower_weight_regularized,2.0,3,10.0,5.0,0.8,0.8,10.0,0.55,"logback,orbit,spring-boot,undertow,wildfly,wro4j",5214,zxing,0.55,6,lower_weight_regularized,2.0,3,10.0,5.0,0.8,0.8,10.0
0.6,5049,8,104,53,0.8688524590163934,0.3375796178343949,0.48623853211009166,lower_weight_regularized,2.0,3,10.0,5.0,0.8,0.8,10.0,0.6,"logback,orbit,spring-boot,undertow,wildfly,wro4j",5214,zxing,0.55,6,lower_weight_regularized,2.0,3,10.0,5.0,0.8,0.8,10.0
0.65,5049,8,105,52,0.8666666666666667,0.33121019108280253,0.4792626728110599,lower_weight_regularized,2.0,3,10.0,5.0,0.8,0.8,10.0,0.65,"logback,orbit,spring-boot,undertow,wildfly,wro4j",5214,zxing,0.55,6,lower_weight_regularized,2.0,3,10.0,5.0,0.8,0.8,10.0
0.7,5050,7,105,52,0.8813559322033898,0.33121019108280253,0.4814814814814814,lower_weight_regularized,2.0,3,10.0,5.0,0.8,0.8,10.0,0.7,"logback,orbit,spring-boot,undertow,wildfly,wro4j",5214,zxing,0.55,6,lower_weight_regularized,2.0,3,10.0,5.0,0.8,0.8,10.0
0.75,5050,7,107,50,0.8771929824561403,0.3184713375796178,0.46728971962616817,lower_weight_regularized,2.0,3,10.0,5.0,0.8,0.8,10.0,0.75,"logback,orbit,spring-boot,undertow,wildfly,wro4j",5214,zxing,0.55,6,lower_weight_regularized,2.0,3,10.0,5.0,0.8,0.8,10.0
0.8,5050,7,108,49,0.875,0.31210191082802546,0.460093896713615,lower_weight_regularized,2.0,3,10.0,5.0,0.8,0.8,10.0,0.8,"logback,orbit,spring-boot,undertow,wildfly,wro4j",5214,zxing,0.55,6,lower_weight_regularized,2.0,3,10.0,5.0,0.8,0.8,10.0
0.85,5050,7,110,47,0.8703703703703703,0.29936305732484075,0.4454976303317535,lower_weight_regularized,2.0,3,10.0,5.0,0.8,0.8,10.0,0.85,"logback,orbit,spring-boot,undertow,wildfly,wro4j",5214,zxing,0.55,6,lower_weight_regularized,2.0,3,10.0,5.0,0.8,0.8,10.0
0.9,5050,7,114,43,0.86,0.27388535031847133,0.4154589371980676,lower_weight_regularized,2.0,3,10.0,5.0,0.8,0.8,10.0,0.9,"logback,orbit,spring-boot,undertow,wildfly,wro4j",5214,zxing,0.55,6,lower_weight_regularized,2.0,3,10.0,5.0,0.8,0.8,10.0
0.3,5023,34,102,55,0.6179775280898876,0.3503184713375796,0.44715447154471544,moderate_complexity,3.0,3,5.0,2.0,0.8,0.8,5.0,0.3,"logback,orbit,spring-boot,undertow,wildfly,wro4j",5214,zxing,0.55,6,lower_weight_regularized,2.0,3,10.0,5.0,0.8,0.8,10.0
0.35,5035,22,103,54,0.7105263157894737,0.34394904458598724,0.463519313304721,moderate_complexity,3.0,3,5.0,2.0,0.8,0.8,5.0,0.35,"logback,orbit,spring-boot,undertow,wildfly,wro4j",5214,zxing,0.55,6,lower_weight_regularized,2.0,3,10.0,5.0,0.8,0.8,10.0
0.4,5040,17,103,54,0.7605633802816901,0.34394904458598724,0.4736842105263157,moderate_complexity,3.0,3,5.0,2.0,0.8,0.8,5.0,0.4,"logback,orbit,spring-boot,undertow,wildfly,wro4j",5214,zxing,0.55,6,lower_weight_regularized,2.0,3,10.0,5.0,0.8,0.8,10.0
0.45,5042,15,104,53,0.7794117647058824,0.3375796178343949,0.4711111111111111,moderate_complexity,3.0,3,5.0,2.0,0.8,0.8,5.0,0.45,"logback,orbit,spring-boot,undertow,wildfly,wro4j",5214,zxing,0.55,6,lower_weight_regularized,2.0,3,10.0,5.0,0.8,0.8,10.0
0.5,5046,11,105,52,0.8253968253968254,0.33121019108280253,0.4727272727272727,moderate_complexity,3.0,3,5.0,2.0,0.8,0.8,5.0,0.5,"logback,orbit,spring-boot,undertow,wildfly,wro4j",5214,zxing,0.55,6,lower_weight_regularized,2.0,3,10.0,5.0,0.8,0.8,10.0
0.55,5047,10,106,51,0.8360655737704918,0.3248407643312102,0.46788990825688076,moderate_complexity,3.0,3,5.0,2.0,0.8,0.8,5.0,0.55,"logback,orbit,spring-boot,undertow,wildfly,wro4j",5214,zxing,0.55,6,lower_weight_regularized,2.0,3,10.0,5.0,0.8,0.8,10.0
0.6,5047,10,106,51,0.8360655737704918,0.3248407643312102,0.46788990825688076,moderate_complexity,3.0,3,5.0,2.0,0.8,0.8,5.0,0.6,"logback,orbit,spring-boot,undertow,wildfly,wro4j",5214,zxing,0.55,6,lower_weight_regularized,2.0,3,10.0,5.0,0.8,0.8,10.0
0.65,5047,10,107,50,0.8333333333333334,0.3184713375796178,0.46082949308755755,moderate_complexity,3.0,3,5.0,2.0,0.8,0.8,5.0,0.65,"logback,orbit,spring-boot,undertow,wildfly,wro4j",5214,zxing,0.55,6,lower_weight_regularized,2.0,3,10.0,5.0,0.8,0.8,10.0
0.7,5048,9,108,49,0.8448275862068966,0.31210191082802546,0.45581395348837206,moderate_complexity,3.0,3,5.0,2.0,0.8,0.8,5.0,0.7,"logback,orbit,spring-boot,undertow,wildfly,wro4j",5214,zxing,0.55,6,lower_weight_regularized,2.0,3,10.0,5.0,0.8,0.8,10.0
0.75,5048,9,108,49,0.8448275862068966,0.31210191082802546,0.45581395348837206,moderate_complexity,3.0,3,5.0,2.0,0.8,0.8,5.0,0.75,"logback,orbit,spring-boot,undertow,wildfly,wro4j",5214,zxing,0.55,6,lower_weight_regularized,2.0,3,10.0,5.0,0.8,0.8,10.0
0.8,5050,7,108,49,0.875,0.31210191082802546,0.460093896713615,moderate_complexity,3.0,3,5.0,2.0,0.8,0.8,5.0,0.8,"logback,orbit,spring-boot,undertow,wildfly,wro4j",5214,zxing,0.55,6,lower_weight_regularized,2.0,3,10.0,5.0,0.8,0.8,10.0
0.85,5050,7,109,48,0.8727272727272727,0.3057324840764331,0.45283018867924524,moderate_complexity,3.0,3,5.0,2.0,0.8,0.8,5.0,0.85,"logback,orbit,spring-boot,undertow,wildfly,wro4j",5214,zxing,0.55,6,lower_weight_regularized,2.0,3,10.0,5.0,0.8,0.8,10.0
0.9,5050,7,113,44,0.8627450980392157,0.2802547770700637,0.4230769230769231,moderate_complexity,3.0,3,5.0,2.0,0.8,0.8,5.0,0.9,"logback,orbit,spring-boot,undertow,wildfly,wro4j",5214,zxing,0.55,6,lower_weight_regularized,2.0,3,10.0,5.0,0.8,0.8,10.0
0.3,5039,18,107,50,0.7352941176470589,0.3184713375796178,0.4444444444444445,deeper_regularized,3.0,4,5.0,1.0,0.8,0.8,5.0,0.3,"logback,orbit,spring-boot,undertow,wildfly,wro4j",5214,zxing,0.55,6,lower_weight_regularized,2.0,3,10.0,5.0,0.8,0.8,10.0
0.35,5040,17,108,49,0.7424242424242424,0.31210191082802546,0.43946188340807174,deeper_regularized,3.0,4,5.0,1.0,0.8,0.8,5.0,0.35,"logback,orbit,spring-boot,undertow,wildfly,wro4j",5214,zxing,0.55,6,lower_weight_regularized,2.0,3,10.0,5.0,0.8,0.8,10.0
0.4,5041,16,108,49,0.7538461538461538,0.31210191082802546,0.44144144144144143,deeper_regularized,3.0,4,5.0,1.0,0.8,0.8,5.0,0.4,"logback,orbit,spring-boot,undertow,wildfly,wro4j",5214,zxing,0.55,6,lower_weight_regularized,2.0,3,10.0,5.0,0.8,0.8,10.0
0.45,5043,14,110,47,0.7704918032786885,0.29936305732484075,0.43119266055045874,deeper_regularized,3.0,4,5.0,1.0,0.8,0.8,5.0,0.45,"logback,orbit,spring-boot,undertow,wildfly,wro4j",5214,zxing,0.55,6,lower_weight_regularized,2.0,3,10.0,5.0,0.8,0.8,10.0
0.5,5045,12,110,47,0.7966101694915254,0.29936305732484075,0.4351851851851851,deeper_regularized,3.0,4,5.0,1.0,0.8,0.8,5.0,0.5,"logback,orbit,spring-boot,undertow,wildfly,wro4j",5214,zxing,0.55,6,lower_weight_regularized,2.0,3,10.0,5.0,0.8,0.8,10.0
0.55,5046,11,111,46,0.8070175438596491,0.2929936305732484,0.4299065420560747,deeper_regularized,3.0,4,5.0,1.0,0.8,0.8,5.0,0.55,"logback,orbit,spring-boot,undertow,wildfly,wro4j",5214,zxing,0.55,6,lower_weight_regularized,2.0,3,10.0,5.0,0.8,0.8,10.0
0.6,5047,10,111,46,0.8214285714285714,0.2929936305732484,0.431924882629108,deeper_regularized,3.0,4,5.0,1.0,0.8,0.8,5.0,0.6,"logback,orbit,spring-boot,undertow,wildfly,wro4j",5214,zxing,0.55,6,lower_weight_regularized,2.0,3,10.0,5.0,0.8,0.8,10.0
0.65,5048,9,112,45,0.8333333333333334,0.28662420382165604,0.42654028436018954,deeper_regularized,3.0,4,5.0,1.0,0.8,0.8,5.0,0.65,"logback,orbit,spring-boot,undertow,wildfly,wro4j",5214,zxing,0.55,6,lower_weight_regularized,2.0,3,10.0,5.0,0.8,0.8,10.0
0.7,5050,7,114,43,0.86,0.27388535031847133,0.4154589371980676,deeper_regularized,3.0,4,5.0,1.0,0.8,0.8,5.0,0.7,"logback,orbit,spring-boot,undertow,wildfly,wro4j",5214,zxing,0.55,6,lower_weight_regularized,2.0,3,10.0,5.0,0.8,0.8,10.0
0.75,5050,7,116,41,0.8541666666666666,0.2611464968152866,0.39999999999999997,deeper_regularized,3.0,4,5.0,1.0,0.8,0.8,5.0,0.75,"logback,orbit,spring-boot,undertow,wildfly,wro4j",5214,zxing,0.55,6,lower_weight_regularized,2.0,3,10.0,5.0,0.8,0.8,10.0
0.8,5051,6,117,40,0.8695652173913043,0.25477707006369427,0.3940886699507389,deeper_regularized,3.0,4,5.0,1.0,0.8,0.8,5.0,0.8,"logback,orbit,spring-boot,undertow,wildfly,wro4j",5214,zxing,0.55,6,lower_weight_regularized,2.0,3,10.0,5.0,0.8,0.8,10.0
0.85,5051,6,120,37,0.8604651162790697,0.2356687898089172,0.37000000000000005,deeper_regularized,3.0,4,5.0,1.0,0.8,0.8,5.0,0.85,"logback,orbit,spring-boot,undertow,wildfly,wro4j",5214,zxing,0.55,6,lower_weight_regularized,2.0,3,10.0,5.0,0.8,0.8,10.0
0.9,5051,6,122,35,0.8536585365853658,0.2229299363057325,0.35353535353535354,deeper_regularized,3.0,4,5.0,1.0,0.8,0.8,5.0,0.9,"logback,orbit,spring-boot,undertow,wildfly,wro4j",5214,zxing,0.55,6,lower_weight_regularized,2.0,3,10.0,5.0,0.8,0.8,10.0
